ISO-10303-21;
HEADER;
/* Generated by software containing ST-Developer
 * from STEP Tools, Inc. (www.steptools.com) 
 */

FILE_DESCRIPTION(
/* description */ (''),
/* implementation_level */ '2;1');

FILE_NAME(
/* name */ 
'C:\\Users\\k\\Desktop\\SOT 23-3 2.9x1.3x2.295x0.4x0.95x0.14x1.17\\1.s
tp',
/* time_stamp */ '2019-08-09T09:08:47+02:00',
/* author */ ('k'),
/* organization */ (''),
/* preprocessor_version */ 'ST-DEVELOPER v15.6',
/* originating_system */ 'Autodesk Inventor 2015',
/* authorisation */ '');

FILE_SCHEMA (('AUTOMOTIVE_DESIGN { 1 0 10303 214 3 1 1 }'));
ENDSEC;

DATA;
#10=MECHANICAL_DESIGN_GEOMETRIC_PRESENTATION_REPRESENTATION('',(#424,#429,
#426,#427,#425,#428,#423,#421,#420,#422,#419),#10255);
#11=ITEM_DEFINED_TRANSFORMATION($,$,#5662,#5910);
#12=ITEM_DEFINED_TRANSFORMATION($,$,#5725,#5911);
#13=ITEM_DEFINED_TRANSFORMATION($,$,#5792,#5912);
#14=(
REPRESENTATION_RELATIONSHIP($,$,#10273,#10276)
REPRESENTATION_RELATIONSHIP_WITH_TRANSFORMATION(#11)
SHAPE_REPRESENTATION_RELATIONSHIP()
);
#15=(
REPRESENTATION_RELATIONSHIP($,$,#10274,#10276)
REPRESENTATION_RELATIONSHIP_WITH_TRANSFORMATION(#12)
SHAPE_REPRESENTATION_RELATIONSHIP()
);
#16=(
REPRESENTATION_RELATIONSHIP($,$,#10275,#10276)
REPRESENTATION_RELATIONSHIP_WITH_TRANSFORMATION(#13)
SHAPE_REPRESENTATION_RELATIONSHIP()
);
#17=CONTEXT_DEPENDENT_SHAPE_REPRESENTATION(#14,#10270);
#18=CONTEXT_DEPENDENT_SHAPE_REPRESENTATION(#15,#10271);
#19=CONTEXT_DEPENDENT_SHAPE_REPRESENTATION(#16,#10272);
#20=NEXT_ASSEMBLY_USAGE_OCCURRENCE('1:1',$,$,#10281,#10278,$);
#21=NEXT_ASSEMBLY_USAGE_OCCURRENCE('2:1',$,$,#10281,#10279,$);
#22=NEXT_ASSEMBLY_USAGE_OCCURRENCE('Bourns Logo:1',$,$,#10281,#10280,$);
#23=FACE_BOUND('',#1024,.T.);
#24=FACE_BOUND('',#1025,.T.);
#25=FACE_BOUND('',#1027,.T.);
#26=FACE_BOUND('',#1028,.T.);
#27=FACE_BOUND('',#1071,.T.);
#28=FACE_BOUND('',#1073,.T.);
#29=FACE_BOUND('',#1208,.T.);
#30=FACE_BOUND('',#1210,.T.);
#31=B_SPLINE_CURVE_WITH_KNOTS('',3,(#7288,#7289,#7290,#7291),
 .UNSPECIFIED.,.F.,.F.,(4,4),(-1.,0.),.UNSPECIFIED.);
#32=B_SPLINE_CURVE_WITH_KNOTS('',3,(#7295,#7296,#7297,#7298),
 .UNSPECIFIED.,.F.,.F.,(4,4),(0.,1.),.UNSPECIFIED.);
#33=B_SPLINE_CURVE_WITH_KNOTS('',3,(#7309,#7310,#7311,#7312),
 .UNSPECIFIED.,.F.,.F.,(4,4),(-1.,0.),.UNSPECIFIED.);
#34=B_SPLINE_CURVE_WITH_KNOTS('',3,(#7315,#7316,#7317,#7318),
 .UNSPECIFIED.,.F.,.F.,(4,4),(0.,1.),.UNSPECIFIED.);
#35=B_SPLINE_CURVE_WITH_KNOTS('',3,(#7328,#7329,#7330,#7331),
 .UNSPECIFIED.,.F.,.F.,(4,4),(-1.,0.),.UNSPECIFIED.);
#36=B_SPLINE_CURVE_WITH_KNOTS('',3,(#7334,#7335,#7336,#7337),
 .UNSPECIFIED.,.F.,.F.,(4,4),(0.,1.),.UNSPECIFIED.);
#37=B_SPLINE_CURVE_WITH_KNOTS('',3,(#7347,#7348,#7349,#7350),
 .UNSPECIFIED.,.F.,.F.,(4,4),(-1.,0.),.UNSPECIFIED.);
#38=B_SPLINE_CURVE_WITH_KNOTS('',3,(#7353,#7354,#7355,#7356),
 .UNSPECIFIED.,.F.,.F.,(4,4),(0.,1.),.UNSPECIFIED.);
#39=B_SPLINE_CURVE_WITH_KNOTS('',3,(#7378,#7379,#7380,#7381),
 .UNSPECIFIED.,.F.,.F.,(4,4),(-1.,0.),.UNSPECIFIED.);
#40=B_SPLINE_CURVE_WITH_KNOTS('',3,(#7384,#7385,#7386,#7387),
 .UNSPECIFIED.,.F.,.F.,(4,4),(0.,1.),.UNSPECIFIED.);
#41=B_SPLINE_CURVE_WITH_KNOTS('',3,(#7396,#7397,#7398,#7399),
 .UNSPECIFIED.,.F.,.F.,(4,4),(-1.,0.),.UNSPECIFIED.);
#42=B_SPLINE_CURVE_WITH_KNOTS('',3,(#7400,#7401,#7402,#7403),
 .UNSPECIFIED.,.F.,.F.,(4,4),(0.,1.),.UNSPECIFIED.);
#43=B_SPLINE_CURVE_WITH_KNOTS('',3,(#7422,#7423,#7424,#7425),
 .UNSPECIFIED.,.F.,.F.,(4,4),(-1.,0.),.UNSPECIFIED.);
#44=B_SPLINE_CURVE_WITH_KNOTS('',3,(#7428,#7429,#7430,#7431),
 .UNSPECIFIED.,.F.,.F.,(4,4),(0.,1.),.UNSPECIFIED.);
#45=B_SPLINE_CURVE_WITH_KNOTS('',3,(#7441,#7442,#7443,#7444),
 .UNSPECIFIED.,.F.,.F.,(4,4),(-1.,0.),.UNSPECIFIED.);
#46=B_SPLINE_CURVE_WITH_KNOTS('',3,(#7447,#7448,#7449,#7450),
 .UNSPECIFIED.,.F.,.F.,(4,4),(0.,1.),.UNSPECIFIED.);
#47=B_SPLINE_CURVE_WITH_KNOTS('',3,(#7460,#7461,#7462,#7463),
 .UNSPECIFIED.,.F.,.F.,(4,4),(-1.,0.),.UNSPECIFIED.);
#48=B_SPLINE_CURVE_WITH_KNOTS('',3,(#7466,#7467,#7468,#7469),
 .UNSPECIFIED.,.F.,.F.,(4,4),(0.,1.),.UNSPECIFIED.);
#49=B_SPLINE_CURVE_WITH_KNOTS('',3,(#7491,#7492,#7493,#7494),
 .UNSPECIFIED.,.F.,.F.,(4,4),(-1.,0.),.UNSPECIFIED.);
#50=B_SPLINE_CURVE_WITH_KNOTS('',3,(#7497,#7498,#7499,#7500),
 .UNSPECIFIED.,.F.,.F.,(4,4),(0.,1.),.UNSPECIFIED.);
#51=B_SPLINE_CURVE_WITH_KNOTS('',3,(#7510,#7511,#7512,#7513),
 .UNSPECIFIED.,.F.,.F.,(4,4),(-1.,0.),.UNSPECIFIED.);
#52=B_SPLINE_CURVE_WITH_KNOTS('',3,(#7516,#7517,#7518,#7519),
 .UNSPECIFIED.,.F.,.F.,(4,4),(0.,1.),.UNSPECIFIED.);
#53=B_SPLINE_CURVE_WITH_KNOTS('',3,(#7529,#7530,#7531,#7532),
 .UNSPECIFIED.,.F.,.F.,(4,4),(-1.,0.),.UNSPECIFIED.);
#54=B_SPLINE_CURVE_WITH_KNOTS('',3,(#7535,#7536,#7537,#7538),
 .UNSPECIFIED.,.F.,.F.,(4,4),(0.,1.),.UNSPECIFIED.);
#55=B_SPLINE_CURVE_WITH_KNOTS('',3,(#7552,#7553,#7554,#7555),
 .UNSPECIFIED.,.F.,.F.,(4,4),(0.,1.),.UNSPECIFIED.);
#56=B_SPLINE_CURVE_WITH_KNOTS('',3,(#7559,#7560,#7561,#7562),
 .UNSPECIFIED.,.F.,.F.,(4,4),(0.,1.),.UNSPECIFIED.);
#57=B_SPLINE_CURVE_WITH_KNOTS('',3,(#7573,#7574,#7575,#7576),
 .UNSPECIFIED.,.F.,.F.,(4,4),(0.,1.),.UNSPECIFIED.);
#58=B_SPLINE_CURVE_WITH_KNOTS('',3,(#7578,#7579,#7580,#7581),
 .UNSPECIFIED.,.F.,.F.,(4,4),(0.,1.),.UNSPECIFIED.);
#59=B_SPLINE_CURVE_WITH_KNOTS('',3,(#7592,#7593,#7594,#7595),
 .UNSPECIFIED.,.F.,.F.,(4,4),(0.,1.),.UNSPECIFIED.);
#60=B_SPLINE_CURVE_WITH_KNOTS('',3,(#7597,#7598,#7599,#7600),
 .UNSPECIFIED.,.F.,.F.,(4,4),(0.,1.),.UNSPECIFIED.);
#61=B_SPLINE_CURVE_WITH_KNOTS('',3,(#7611,#7612,#7613,#7614),
 .UNSPECIFIED.,.F.,.F.,(4,4),(0.,1.),.UNSPECIFIED.);
#62=B_SPLINE_CURVE_WITH_KNOTS('',3,(#7616,#7617,#7618,#7619),
 .UNSPECIFIED.,.F.,.F.,(4,4),(0.,1.),.UNSPECIFIED.);
#63=B_SPLINE_CURVE_WITH_KNOTS('',3,(#7630,#7631,#7632,#7633),
 .UNSPECIFIED.,.F.,.F.,(4,4),(0.,1.),.UNSPECIFIED.);
#64=B_SPLINE_CURVE_WITH_KNOTS('',3,(#7635,#7636,#7637,#7638),
 .UNSPECIFIED.,.F.,.F.,(4,4),(0.,1.),.UNSPECIFIED.);
#65=B_SPLINE_CURVE_WITH_KNOTS('',3,(#7649,#7650,#7651,#7652),
 .UNSPECIFIED.,.F.,.F.,(4,4),(0.,1.),.UNSPECIFIED.);
#66=B_SPLINE_CURVE_WITH_KNOTS('',3,(#7654,#7655,#7656,#7657),
 .UNSPECIFIED.,.F.,.F.,(4,4),(0.,1.),.UNSPECIFIED.);
#67=B_SPLINE_CURVE_WITH_KNOTS('',3,(#7668,#7669,#7670,#7671),
 .UNSPECIFIED.,.F.,.F.,(4,4),(0.,1.),.UNSPECIFIED.);
#68=B_SPLINE_CURVE_WITH_KNOTS('',3,(#7673,#7674,#7675,#7676),
 .UNSPECIFIED.,.F.,.F.,(4,4),(0.,1.),.UNSPECIFIED.);
#69=B_SPLINE_CURVE_WITH_KNOTS('',3,(#7687,#7688,#7689,#7690),
 .UNSPECIFIED.,.F.,.F.,(4,4),(0.,1.),.UNSPECIFIED.);
#70=B_SPLINE_CURVE_WITH_KNOTS('',3,(#7692,#7693,#7694,#7695),
 .UNSPECIFIED.,.F.,.F.,(4,4),(0.,1.),.UNSPECIFIED.);
#71=B_SPLINE_CURVE_WITH_KNOTS('',3,(#7706,#7707,#7708,#7709),
 .UNSPECIFIED.,.F.,.F.,(4,4),(0.,1.),.UNSPECIFIED.);
#72=B_SPLINE_CURVE_WITH_KNOTS('',3,(#7711,#7712,#7713,#7714),
 .UNSPECIFIED.,.F.,.F.,(4,4),(0.,1.),.UNSPECIFIED.);
#73=B_SPLINE_CURVE_WITH_KNOTS('',3,(#7725,#7726,#7727,#7728),
 .UNSPECIFIED.,.F.,.F.,(4,4),(0.,1.),.UNSPECIFIED.);
#74=B_SPLINE_CURVE_WITH_KNOTS('',3,(#7730,#7731,#7732,#7733),
 .UNSPECIFIED.,.F.,.F.,(4,4),(0.,1.),.UNSPECIFIED.);
#75=B_SPLINE_CURVE_WITH_KNOTS('',3,(#7756,#7757,#7758,#7759),
 .UNSPECIFIED.,.F.,.F.,(4,4),(0.,1.),.UNSPECIFIED.);
#76=B_SPLINE_CURVE_WITH_KNOTS('',3,(#7761,#7762,#7763,#7764),
 .UNSPECIFIED.,.F.,.F.,(4,4),(0.,1.),.UNSPECIFIED.);
#77=B_SPLINE_CURVE_WITH_KNOTS('',3,(#7775,#7776,#7777,#7778),
 .UNSPECIFIED.,.F.,.F.,(4,4),(0.,1.),.UNSPECIFIED.);
#78=B_SPLINE_CURVE_WITH_KNOTS('',3,(#7780,#7781,#7782,#7783),
 .UNSPECIFIED.,.F.,.F.,(4,4),(0.,1.),.UNSPECIFIED.);
#79=B_SPLINE_CURVE_WITH_KNOTS('',3,(#7794,#7795,#7796,#7797),
 .UNSPECIFIED.,.F.,.F.,(4,4),(0.,1.),.UNSPECIFIED.);
#80=B_SPLINE_CURVE_WITH_KNOTS('',3,(#7799,#7800,#7801,#7802),
 .UNSPECIFIED.,.F.,.F.,(4,4),(0.,1.),.UNSPECIFIED.);
#81=B_SPLINE_CURVE_WITH_KNOTS('',3,(#7813,#7814,#7815,#7816),
 .UNSPECIFIED.,.F.,.F.,(4,4),(0.,0.999904577084968),.UNSPECIFIED.);
#82=B_SPLINE_CURVE_WITH_KNOTS('',3,(#7818,#7819,#7820,#7821),
 .UNSPECIFIED.,.F.,.F.,(4,4),(0.,0.999904577084968),.UNSPECIFIED.);
#83=B_SPLINE_CURVE_WITH_KNOTS('',3,(#7832,#7833,#7834,#7835),
 .UNSPECIFIED.,.F.,.F.,(4,4),(0.000122379289168695,1.),.UNSPECIFIED.);
#84=B_SPLINE_CURVE_WITH_KNOTS('',3,(#7837,#7838,#7839,#7840),
 .UNSPECIFIED.,.F.,.F.,(4,4),(0.000122379289168695,1.),.UNSPECIFIED.);
#85=B_SPLINE_CURVE_WITH_KNOTS('',3,(#7851,#7852,#7853,#7854),
 .UNSPECIFIED.,.F.,.F.,(4,4),(0.,1.),.UNSPECIFIED.);
#86=B_SPLINE_CURVE_WITH_KNOTS('',3,(#7856,#7857,#7858,#7859),
 .UNSPECIFIED.,.F.,.F.,(4,4),(0.,1.),.UNSPECIFIED.);
#87=B_SPLINE_CURVE_WITH_KNOTS('',3,(#7870,#7871,#7872,#7873),
 .UNSPECIFIED.,.F.,.F.,(4,4),(0.,1.),.UNSPECIFIED.);
#88=B_SPLINE_CURVE_WITH_KNOTS('',3,(#7875,#7876,#7877,#7878),
 .UNSPECIFIED.,.F.,.F.,(4,4),(0.,1.),.UNSPECIFIED.);
#89=B_SPLINE_CURVE_WITH_KNOTS('',3,(#7889,#7890,#7891,#7892),
 .UNSPECIFIED.,.F.,.F.,(4,4),(0.,1.),.UNSPECIFIED.);
#90=B_SPLINE_CURVE_WITH_KNOTS('',3,(#7894,#7895,#7896,#7897),
 .UNSPECIFIED.,.F.,.F.,(4,4),(0.,1.),.UNSPECIFIED.);
#91=B_SPLINE_CURVE_WITH_KNOTS('',3,(#7908,#7909,#7910,#7911),
 .UNSPECIFIED.,.F.,.F.,(4,4),(0.,1.),.UNSPECIFIED.);
#92=B_SPLINE_CURVE_WITH_KNOTS('',3,(#7913,#7914,#7915,#7916),
 .UNSPECIFIED.,.F.,.F.,(4,4),(0.,1.),.UNSPECIFIED.);
#93=B_SPLINE_CURVE_WITH_KNOTS('',3,(#7945,#7946,#7947,#7948),
 .UNSPECIFIED.,.F.,.F.,(4,4),(-1.,0.),.UNSPECIFIED.);
#94=B_SPLINE_CURVE_WITH_KNOTS('',3,(#7952,#7953,#7954,#7955),
 .UNSPECIFIED.,.F.,.F.,(4,4),(0.,1.),.UNSPECIFIED.);
#95=B_SPLINE_CURVE_WITH_KNOTS('',3,(#7966,#7967,#7968,#7969),
 .UNSPECIFIED.,.F.,.F.,(4,4),(-1.,-2.07811471657493E-5),.UNSPECIFIED.);
#96=B_SPLINE_CURVE_WITH_KNOTS('',3,(#7972,#7973,#7974,#7975),
 .UNSPECIFIED.,.F.,.F.,(4,4),(2.07811471657493E-5,1.),.UNSPECIFIED.);
#97=B_SPLINE_CURVE_WITH_KNOTS('',3,(#7985,#7986,#7987,#7988),
 .UNSPECIFIED.,.F.,.F.,(4,4),(-0.999979840083702,0.),.UNSPECIFIED.);
#98=B_SPLINE_CURVE_WITH_KNOTS('',3,(#7991,#7992,#7993,#7994),
 .UNSPECIFIED.,.F.,.F.,(4,4),(0.,0.999979840083702),.UNSPECIFIED.);
#99=B_SPLINE_CURVE_WITH_KNOTS('',3,(#8004,#8005,#8006,#8007),
 .UNSPECIFIED.,.F.,.F.,(4,4),(-1.,0.),.UNSPECIFIED.);
#100=B_SPLINE_CURVE_WITH_KNOTS('',3,(#8010,#8011,#8012,#8013),
 .UNSPECIFIED.,.F.,.F.,(4,4),(0.,1.),.UNSPECIFIED.);
#101=B_SPLINE_CURVE_WITH_KNOTS('',3,(#8034,#8035,#8036,#8037),
 .UNSPECIFIED.,.F.,.F.,(4,4),(-1.,0.),.UNSPECIFIED.);
#102=B_SPLINE_CURVE_WITH_KNOTS('',3,(#8038,#8039,#8040,#8041),
 .UNSPECIFIED.,.F.,.F.,(4,4),(0.,1.),.UNSPECIFIED.);
#103=B_SPLINE_CURVE_WITH_KNOTS('',3,(#8090,#8091,#8092,#8093),
 .UNSPECIFIED.,.F.,.F.,(4,4),(0.,1.),.UNSPECIFIED.);
#104=B_SPLINE_CURVE_WITH_KNOTS('',3,(#8095,#8096,#8097,#8098),
 .UNSPECIFIED.,.F.,.F.,(4,4),(0.,1.),.UNSPECIFIED.);
#105=B_SPLINE_CURVE_WITH_KNOTS('',3,(#8109,#8110,#8111,#8112),
 .UNSPECIFIED.,.F.,.F.,(4,4),(0.,1.),.UNSPECIFIED.);
#106=B_SPLINE_CURVE_WITH_KNOTS('',3,(#8114,#8115,#8116,#8117),
 .UNSPECIFIED.,.F.,.F.,(4,4),(0.,1.),.UNSPECIFIED.);
#107=B_SPLINE_CURVE_WITH_KNOTS('',3,(#8128,#8129,#8130,#8131),
 .UNSPECIFIED.,.F.,.F.,(4,4),(0.,1.),.UNSPECIFIED.);
#108=B_SPLINE_CURVE_WITH_KNOTS('',3,(#8133,#8134,#8135,#8136),
 .UNSPECIFIED.,.F.,.F.,(4,4),(0.,1.),.UNSPECIFIED.);
#109=B_SPLINE_CURVE_WITH_KNOTS('',3,(#8147,#8148,#8149,#8150),
 .UNSPECIFIED.,.F.,.F.,(4,4),(0.,1.),.UNSPECIFIED.);
#110=B_SPLINE_CURVE_WITH_KNOTS('',3,(#8152,#8153,#8154,#8155),
 .UNSPECIFIED.,.F.,.F.,(4,4),(0.,1.),.UNSPECIFIED.);
#111=B_SPLINE_CURVE_WITH_KNOTS('',3,(#8166,#8167,#8168,#8169),
 .UNSPECIFIED.,.F.,.F.,(4,4),(0.,1.),.UNSPECIFIED.);
#112=B_SPLINE_CURVE_WITH_KNOTS('',3,(#8171,#8172,#8173,#8174),
 .UNSPECIFIED.,.F.,.F.,(4,4),(0.,1.),.UNSPECIFIED.);
#113=B_SPLINE_CURVE_WITH_KNOTS('',3,(#8185,#8186,#8187,#8188),
 .UNSPECIFIED.,.F.,.F.,(4,4),(0.,1.),.UNSPECIFIED.);
#114=B_SPLINE_CURVE_WITH_KNOTS('',3,(#8190,#8191,#8192,#8193),
 .UNSPECIFIED.,.F.,.F.,(4,4),(0.,1.),.UNSPECIFIED.);
#115=B_SPLINE_CURVE_WITH_KNOTS('',3,(#8204,#8205,#8206,#8207),
 .UNSPECIFIED.,.F.,.F.,(4,4),(0.,1.),.UNSPECIFIED.);
#116=B_SPLINE_CURVE_WITH_KNOTS('',3,(#8209,#8210,#8211,#8212),
 .UNSPECIFIED.,.F.,.F.,(4,4),(0.,1.),.UNSPECIFIED.);
#117=B_SPLINE_CURVE_WITH_KNOTS('',3,(#8223,#8224,#8225,#8226),
 .UNSPECIFIED.,.F.,.F.,(4,4),(0.,1.),.UNSPECIFIED.);
#118=B_SPLINE_CURVE_WITH_KNOTS('',3,(#8228,#8229,#8230,#8231),
 .UNSPECIFIED.,.F.,.F.,(4,4),(0.,1.),.UNSPECIFIED.);
#119=B_SPLINE_CURVE_WITH_KNOTS('',3,(#8242,#8243,#8244,#8245),
 .UNSPECIFIED.,.F.,.F.,(4,4),(0.,1.),.UNSPECIFIED.);
#120=B_SPLINE_CURVE_WITH_KNOTS('',3,(#8247,#8248,#8249,#8250),
 .UNSPECIFIED.,.F.,.F.,(4,4),(0.,1.),.UNSPECIFIED.);
#121=B_SPLINE_CURVE_WITH_KNOTS('',3,(#8261,#8262,#8263,#8264),
 .UNSPECIFIED.,.F.,.F.,(4,4),(0.,1.),.UNSPECIFIED.);
#122=B_SPLINE_CURVE_WITH_KNOTS('',3,(#8266,#8267,#8268,#8269),
 .UNSPECIFIED.,.F.,.F.,(4,4),(0.,1.),.UNSPECIFIED.);
#123=B_SPLINE_CURVE_WITH_KNOTS('',3,(#8298,#8299,#8300,#8301),
 .UNSPECIFIED.,.F.,.F.,(4,4),(0.,1.),.UNSPECIFIED.);
#124=B_SPLINE_CURVE_WITH_KNOTS('',3,(#8303,#8304,#8305,#8306),
 .UNSPECIFIED.,.F.,.F.,(4,4),(0.,1.),.UNSPECIFIED.);
#125=B_SPLINE_CURVE_WITH_KNOTS('',3,(#8317,#8318,#8319,#8320),
 .UNSPECIFIED.,.F.,.F.,(4,4),(0.,1.),.UNSPECIFIED.);
#126=B_SPLINE_CURVE_WITH_KNOTS('',3,(#8322,#8323,#8324,#8325),
 .UNSPECIFIED.,.F.,.F.,(4,4),(0.,1.),.UNSPECIFIED.);
#127=B_SPLINE_CURVE_WITH_KNOTS('',3,(#8336,#8337,#8338,#8339),
 .UNSPECIFIED.,.F.,.F.,(4,4),(0.,1.),.UNSPECIFIED.);
#128=B_SPLINE_CURVE_WITH_KNOTS('',3,(#8341,#8342,#8343,#8344),
 .UNSPECIFIED.,.F.,.F.,(4,4),(0.,1.),.UNSPECIFIED.);
#129=B_SPLINE_CURVE_WITH_KNOTS('',3,(#8355,#8356,#8357,#8358),
 .UNSPECIFIED.,.F.,.F.,(4,4),(2.62093449325818E-5,1.),.UNSPECIFIED.);
#130=B_SPLINE_CURVE_WITH_KNOTS('',3,(#8360,#8361,#8362,#8363),
 .UNSPECIFIED.,.F.,.F.,(4,4),(2.62093449325818E-5,1.),.UNSPECIFIED.);
#131=B_SPLINE_CURVE_WITH_KNOTS('',3,(#8374,#8375,#8376,#8377),
 .UNSPECIFIED.,.F.,.F.,(4,4),(0.,1.),.UNSPECIFIED.);
#132=B_SPLINE_CURVE_WITH_KNOTS('',3,(#8379,#8380,#8381,#8382),
 .UNSPECIFIED.,.F.,.F.,(4,4),(0.,1.),.UNSPECIFIED.);
#133=B_SPLINE_CURVE_WITH_KNOTS('',3,(#8393,#8394,#8395,#8396),
 .UNSPECIFIED.,.F.,.F.,(4,4),(0.,1.),.UNSPECIFIED.);
#134=B_SPLINE_CURVE_WITH_KNOTS('',3,(#8398,#8399,#8400,#8401),
 .UNSPECIFIED.,.F.,.F.,(4,4),(0.,1.),.UNSPECIFIED.);
#135=B_SPLINE_CURVE_WITH_KNOTS('',3,(#8412,#8413,#8414,#8415),
 .UNSPECIFIED.,.F.,.F.,(4,4),(0.,1.),.UNSPECIFIED.);
#136=B_SPLINE_CURVE_WITH_KNOTS('',3,(#8417,#8418,#8419,#8420),
 .UNSPECIFIED.,.F.,.F.,(4,4),(0.,1.),.UNSPECIFIED.);
#137=B_SPLINE_CURVE_WITH_KNOTS('',3,(#8431,#8432,#8433,#8434),
 .UNSPECIFIED.,.F.,.F.,(4,4),(0.,1.),.UNSPECIFIED.);
#138=B_SPLINE_CURVE_WITH_KNOTS('',3,(#8436,#8437,#8438,#8439),
 .UNSPECIFIED.,.F.,.F.,(4,4),(0.,1.),.UNSPECIFIED.);
#139=B_SPLINE_CURVE_WITH_KNOTS('',3,(#8506,#8507,#8508,#8509),
 .UNSPECIFIED.,.F.,.F.,(4,4),(0.,1.),.UNSPECIFIED.);
#140=B_SPLINE_CURVE_WITH_KNOTS('',3,(#8511,#8512,#8513,#8514),
 .UNSPECIFIED.,.F.,.F.,(4,4),(0.,1.),.UNSPECIFIED.);
#141=B_SPLINE_CURVE_WITH_KNOTS('',3,(#8525,#8526,#8527,#8528),
 .UNSPECIFIED.,.F.,.F.,(4,4),(0.,1.),.UNSPECIFIED.);
#142=B_SPLINE_CURVE_WITH_KNOTS('',3,(#8530,#8531,#8532,#8533),
 .UNSPECIFIED.,.F.,.F.,(4,4),(0.,1.),.UNSPECIFIED.);
#143=B_SPLINE_CURVE_WITH_KNOTS('',3,(#8544,#8545,#8546,#8547),
 .UNSPECIFIED.,.F.,.F.,(4,4),(0.,1.),.UNSPECIFIED.);
#144=B_SPLINE_CURVE_WITH_KNOTS('',3,(#8549,#8550,#8551,#8552),
 .UNSPECIFIED.,.F.,.F.,(4,4),(0.,1.),.UNSPECIFIED.);
#145=B_SPLINE_CURVE_WITH_KNOTS('',3,(#8563,#8564,#8565,#8566),
 .UNSPECIFIED.,.F.,.F.,(4,4),(0.,1.),.UNSPECIFIED.);
#146=B_SPLINE_CURVE_WITH_KNOTS('',3,(#8568,#8569,#8570,#8571),
 .UNSPECIFIED.,.F.,.F.,(4,4),(0.,1.),.UNSPECIFIED.);
#147=B_SPLINE_CURVE_WITH_KNOTS('',3,(#8582,#8583,#8584,#8585),
 .UNSPECIFIED.,.F.,.F.,(4,4),(0.,1.),.UNSPECIFIED.);
#148=B_SPLINE_CURVE_WITH_KNOTS('',3,(#8587,#8588,#8589,#8590),
 .UNSPECIFIED.,.F.,.F.,(4,4),(0.,1.),.UNSPECIFIED.);
#149=B_SPLINE_CURVE_WITH_KNOTS('',3,(#8601,#8602,#8603,#8604),
 .UNSPECIFIED.,.F.,.F.,(4,4),(0.,1.),.UNSPECIFIED.);
#150=B_SPLINE_CURVE_WITH_KNOTS('',3,(#8606,#8607,#8608,#8609),
 .UNSPECIFIED.,.F.,.F.,(4,4),(0.,1.),.UNSPECIFIED.);
#151=B_SPLINE_CURVE_WITH_KNOTS('',3,(#8620,#8621,#8622,#8623),
 .UNSPECIFIED.,.F.,.F.,(4,4),(0.,1.),.UNSPECIFIED.);
#152=B_SPLINE_CURVE_WITH_KNOTS('',3,(#8625,#8626,#8627,#8628),
 .UNSPECIFIED.,.F.,.F.,(4,4),(0.,1.),.UNSPECIFIED.);
#153=B_SPLINE_CURVE_WITH_KNOTS('',3,(#8639,#8640,#8641,#8642),
 .UNSPECIFIED.,.F.,.F.,(4,4),(0.,1.),.UNSPECIFIED.);
#154=B_SPLINE_CURVE_WITH_KNOTS('',3,(#8644,#8645,#8646,#8647),
 .UNSPECIFIED.,.F.,.F.,(4,4),(0.,1.),.UNSPECIFIED.);
#155=B_SPLINE_CURVE_WITH_KNOTS('',3,(#8658,#8659,#8660,#8661),
 .UNSPECIFIED.,.F.,.F.,(4,4),(0.,1.),.UNSPECIFIED.);
#156=B_SPLINE_CURVE_WITH_KNOTS('',3,(#8663,#8664,#8665,#8666),
 .UNSPECIFIED.,.F.,.F.,(4,4),(0.,1.),.UNSPECIFIED.);
#157=B_SPLINE_CURVE_WITH_KNOTS('',3,(#8677,#8678,#8679,#8680),
 .UNSPECIFIED.,.F.,.F.,(4,4),(0.,1.),.UNSPECIFIED.);
#158=B_SPLINE_CURVE_WITH_KNOTS('',3,(#8682,#8683,#8684,#8685),
 .UNSPECIFIED.,.F.,.F.,(4,4),(0.,1.),.UNSPECIFIED.);
#159=B_SPLINE_CURVE_WITH_KNOTS('',3,(#8696,#8697,#8698,#8699),
 .UNSPECIFIED.,.F.,.F.,(4,4),(0.,1.),.UNSPECIFIED.);
#160=B_SPLINE_CURVE_WITH_KNOTS('',3,(#8701,#8702,#8703,#8704),
 .UNSPECIFIED.,.F.,.F.,(4,4),(0.,1.),.UNSPECIFIED.);
#161=B_SPLINE_CURVE_WITH_KNOTS('',3,(#8715,#8716,#8717,#8718),
 .UNSPECIFIED.,.F.,.F.,(4,4),(0.,1.),.UNSPECIFIED.);
#162=B_SPLINE_CURVE_WITH_KNOTS('',3,(#8720,#8721,#8722,#8723),
 .UNSPECIFIED.,.F.,.F.,(4,4),(0.,1.),.UNSPECIFIED.);
#163=B_SPLINE_CURVE_WITH_KNOTS('',3,(#8734,#8735,#8736,#8737),
 .UNSPECIFIED.,.F.,.F.,(4,4),(0.,1.),.UNSPECIFIED.);
#164=B_SPLINE_CURVE_WITH_KNOTS('',3,(#8739,#8740,#8741,#8742),
 .UNSPECIFIED.,.F.,.F.,(4,4),(0.,1.),.UNSPECIFIED.);
#165=B_SPLINE_CURVE_WITH_KNOTS('',3,(#8753,#8754,#8755,#8756),
 .UNSPECIFIED.,.F.,.F.,(4,4),(0.,1.),.UNSPECIFIED.);
#166=B_SPLINE_CURVE_WITH_KNOTS('',3,(#8758,#8759,#8760,#8761),
 .UNSPECIFIED.,.F.,.F.,(4,4),(0.,1.),.UNSPECIFIED.);
#167=B_SPLINE_CURVE_WITH_KNOTS('',3,(#8772,#8773,#8774,#8775),
 .UNSPECIFIED.,.F.,.F.,(4,4),(0.,1.),.UNSPECIFIED.);
#168=B_SPLINE_CURVE_WITH_KNOTS('',3,(#8777,#8778,#8779,#8780),
 .UNSPECIFIED.,.F.,.F.,(4,4),(0.,1.),.UNSPECIFIED.);
#169=B_SPLINE_CURVE_WITH_KNOTS('',3,(#8814,#8815,#8816,#8817),
 .UNSPECIFIED.,.F.,.F.,(4,4),(0.,1.),.UNSPECIFIED.);
#170=B_SPLINE_CURVE_WITH_KNOTS('',3,(#8819,#8820,#8821,#8822),
 .UNSPECIFIED.,.F.,.F.,(4,4),(0.,1.),.UNSPECIFIED.);
#171=B_SPLINE_CURVE_WITH_KNOTS('',3,(#8833,#8834,#8835,#8836),
 .UNSPECIFIED.,.F.,.F.,(4,4),(0.,1.),.UNSPECIFIED.);
#172=B_SPLINE_CURVE_WITH_KNOTS('',3,(#8838,#8839,#8840,#8841),
 .UNSPECIFIED.,.F.,.F.,(4,4),(0.,1.),.UNSPECIFIED.);
#173=B_SPLINE_CURVE_WITH_KNOTS('',3,(#8852,#8853,#8854,#8855),
 .UNSPECIFIED.,.F.,.F.,(4,4),(0.,1.),.UNSPECIFIED.);
#174=B_SPLINE_CURVE_WITH_KNOTS('',3,(#8857,#8858,#8859,#8860),
 .UNSPECIFIED.,.F.,.F.,(4,4),(0.,1.),.UNSPECIFIED.);
#175=B_SPLINE_CURVE_WITH_KNOTS('',3,(#8871,#8872,#8873,#8874),
 .UNSPECIFIED.,.F.,.F.,(4,4),(0.,1.),.UNSPECIFIED.);
#176=B_SPLINE_CURVE_WITH_KNOTS('',3,(#8876,#8877,#8878,#8879),
 .UNSPECIFIED.,.F.,.F.,(4,4),(0.,1.),.UNSPECIFIED.);
#177=B_SPLINE_CURVE_WITH_KNOTS('',3,(#8890,#8891,#8892,#8893),
 .UNSPECIFIED.,.F.,.F.,(4,4),(0.,1.),.UNSPECIFIED.);
#178=B_SPLINE_CURVE_WITH_KNOTS('',3,(#8895,#8896,#8897,#8898),
 .UNSPECIFIED.,.F.,.F.,(4,4),(0.,1.),.UNSPECIFIED.);
#179=B_SPLINE_CURVE_WITH_KNOTS('',3,(#8909,#8910,#8911,#8912),
 .UNSPECIFIED.,.F.,.F.,(4,4),(0.,1.),.UNSPECIFIED.);
#180=B_SPLINE_CURVE_WITH_KNOTS('',3,(#8914,#8915,#8916,#8917),
 .UNSPECIFIED.,.F.,.F.,(4,4),(0.,1.),.UNSPECIFIED.);
#181=B_SPLINE_CURVE_WITH_KNOTS('',3,(#8928,#8929,#8930,#8931),
 .UNSPECIFIED.,.F.,.F.,(4,4),(0.,1.),.UNSPECIFIED.);
#182=B_SPLINE_CURVE_WITH_KNOTS('',3,(#8933,#8934,#8935,#8936),
 .UNSPECIFIED.,.F.,.F.,(4,4),(0.,1.),.UNSPECIFIED.);
#183=B_SPLINE_CURVE_WITH_KNOTS('',3,(#8947,#8948,#8949,#8950),
 .UNSPECIFIED.,.F.,.F.,(4,4),(0.,1.),.UNSPECIFIED.);
#184=B_SPLINE_CURVE_WITH_KNOTS('',3,(#8952,#8953,#8954,#8955),
 .UNSPECIFIED.,.F.,.F.,(4,4),(0.,1.),.UNSPECIFIED.);
#185=B_SPLINE_CURVE_WITH_KNOTS('',3,(#8966,#8967,#8968,#8969),
 .UNSPECIFIED.,.F.,.F.,(4,4),(0.,1.),.UNSPECIFIED.);
#186=B_SPLINE_CURVE_WITH_KNOTS('',3,(#8971,#8972,#8973,#8974),
 .UNSPECIFIED.,.F.,.F.,(4,4),(0.,1.),.UNSPECIFIED.);
#187=B_SPLINE_CURVE_WITH_KNOTS('',3,(#8985,#8986,#8987,#8988),
 .UNSPECIFIED.,.F.,.F.,(4,4),(0.,1.),.UNSPECIFIED.);
#188=B_SPLINE_CURVE_WITH_KNOTS('',3,(#8990,#8991,#8992,#8993),
 .UNSPECIFIED.,.F.,.F.,(4,4),(0.,1.),.UNSPECIFIED.);
#189=B_SPLINE_CURVE_WITH_KNOTS('',3,(#9004,#9005,#9006,#9007),
 .UNSPECIFIED.,.F.,.F.,(4,4),(0.,1.),.UNSPECIFIED.);
#190=B_SPLINE_CURVE_WITH_KNOTS('',3,(#9009,#9010,#9011,#9012),
 .UNSPECIFIED.,.F.,.F.,(4,4),(0.,1.),.UNSPECIFIED.);
#191=B_SPLINE_CURVE_WITH_KNOTS('',3,(#9023,#9024,#9025,#9026),
 .UNSPECIFIED.,.F.,.F.,(4,4),(0.,1.),.UNSPECIFIED.);
#192=B_SPLINE_CURVE_WITH_KNOTS('',3,(#9028,#9029,#9030,#9031),
 .UNSPECIFIED.,.F.,.F.,(4,4),(0.,1.),.UNSPECIFIED.);
#193=B_SPLINE_CURVE_WITH_KNOTS('',3,(#9035,#9036,#9037,#9038),
 .UNSPECIFIED.,.F.,.F.,(4,4),(0.,1.),.UNSPECIFIED.);
#194=B_SPLINE_CURVE_WITH_KNOTS('',3,(#9040,#9041,#9042,#9043),
 .UNSPECIFIED.,.F.,.F.,(4,4),(0.,1.),.UNSPECIFIED.);
#195=B_SPLINE_CURVE_WITH_KNOTS('',3,(#9054,#9055,#9056,#9057),
 .UNSPECIFIED.,.F.,.F.,(4,4),(0.,0.999954705250837),.UNSPECIFIED.);
#196=B_SPLINE_CURVE_WITH_KNOTS('',3,(#9059,#9060,#9061,#9062),
 .UNSPECIFIED.,.F.,.F.,(4,4),(0.,0.999954705250837),.UNSPECIFIED.);
#197=B_SPLINE_CURVE_WITH_KNOTS('',3,(#9073,#9074,#9075,#9076),
 .UNSPECIFIED.,.F.,.F.,(4,4),(1.74619467903092E-5,1.),.UNSPECIFIED.);
#198=B_SPLINE_CURVE_WITH_KNOTS('',3,(#9078,#9079,#9080,#9081),
 .UNSPECIFIED.,.F.,.F.,(4,4),(1.74619467903092E-5,1.),.UNSPECIFIED.);
#199=B_SPLINE_CURVE_WITH_KNOTS('',3,(#9122,#9123,#9124,#9125),
 .UNSPECIFIED.,.F.,.F.,(4,4),(0.,1.),.UNSPECIFIED.);
#200=B_SPLINE_CURVE_WITH_KNOTS('',3,(#9129,#9130,#9131,#9132),
 .UNSPECIFIED.,.F.,.F.,(4,4),(-1.,0.),.UNSPECIFIED.);
#201=B_SPLINE_CURVE_WITH_KNOTS('',3,(#9143,#9144,#9145,#9146),
 .UNSPECIFIED.,.F.,.F.,(4,4),(0.,1.),.UNSPECIFIED.);
#202=B_SPLINE_CURVE_WITH_KNOTS('',3,(#9148,#9149,#9150,#9151),
 .UNSPECIFIED.,.F.,.F.,(4,4),(-1.,0.),.UNSPECIFIED.);
#203=B_SPLINE_CURVE_WITH_KNOTS('',3,(#9210,#9211,#9212,#9213),
 .UNSPECIFIED.,.F.,.F.,(4,4),(0.,1.),.UNSPECIFIED.);
#204=B_SPLINE_CURVE_WITH_KNOTS('',3,(#9215,#9216,#9217,#9218),
 .UNSPECIFIED.,.F.,.F.,(4,4),(-1.,0.),.UNSPECIFIED.);
#205=B_SPLINE_CURVE_WITH_KNOTS('',3,(#9229,#9230,#9231,#9232),
 .UNSPECIFIED.,.F.,.F.,(4,4),(0.,1.),.UNSPECIFIED.);
#206=B_SPLINE_CURVE_WITH_KNOTS('',3,(#9234,#9235,#9236,#9237),
 .UNSPECIFIED.,.F.,.F.,(4,4),(-1.,0.),.UNSPECIFIED.);
#207=B_SPLINE_CURVE_WITH_KNOTS('',3,(#9248,#9249,#9250,#9251),
 .UNSPECIFIED.,.F.,.F.,(4,4),(0.,1.),.UNSPECIFIED.);
#208=B_SPLINE_CURVE_WITH_KNOTS('',3,(#9253,#9254,#9255,#9256),
 .UNSPECIFIED.,.F.,.F.,(4,4),(-1.,0.),.UNSPECIFIED.);
#209=B_SPLINE_CURVE_WITH_KNOTS('',3,(#9267,#9268,#9269,#9270),
 .UNSPECIFIED.,.F.,.F.,(4,4),(0.,1.),.UNSPECIFIED.);
#210=B_SPLINE_CURVE_WITH_KNOTS('',3,(#9272,#9273,#9274,#9275),
 .UNSPECIFIED.,.F.,.F.,(4,4),(-1.,0.),.UNSPECIFIED.);
#211=B_SPLINE_CURVE_WITH_KNOTS('',3,(#9334,#9335,#9336,#9337),
 .UNSPECIFIED.,.F.,.F.,(4,4),(0.,1.),.UNSPECIFIED.);
#212=B_SPLINE_CURVE_WITH_KNOTS('',3,(#9339,#9340,#9341,#9342),
 .UNSPECIFIED.,.F.,.F.,(4,4),(-1.,0.),.UNSPECIFIED.);
#213=B_SPLINE_CURVE_WITH_KNOTS('',3,(#9353,#9354,#9355,#9356),
 .UNSPECIFIED.,.F.,.F.,(4,4),(0.,1.),.UNSPECIFIED.);
#214=B_SPLINE_CURVE_WITH_KNOTS('',3,(#9358,#9359,#9360,#9361),
 .UNSPECIFIED.,.F.,.F.,(4,4),(-1.,0.),.UNSPECIFIED.);
#215=B_SPLINE_CURVE_WITH_KNOTS('',3,(#9372,#9373,#9374,#9375),
 .UNSPECIFIED.,.F.,.F.,(4,4),(0.,0.999999187148682),.UNSPECIFIED.);
#216=B_SPLINE_CURVE_WITH_KNOTS('',3,(#9377,#9378,#9379,#9380),
 .UNSPECIFIED.,.F.,.F.,(4,4),(-0.999999187148682,0.),.UNSPECIFIED.);
#217=B_SPLINE_CURVE_WITH_KNOTS('',3,(#9390,#9391,#9392,#9393),
 .UNSPECIFIED.,.F.,.F.,(4,4),(9.25376683289387E-7,1.),.UNSPECIFIED.);
#218=B_SPLINE_CURVE_WITH_KNOTS('',3,(#9394,#9395,#9396,#9397),
 .UNSPECIFIED.,.F.,.F.,(4,4),(-1.,-9.25376683289387E-7),.UNSPECIFIED.);
#219=B_SPLINE_CURVE_WITH_KNOTS('',3,(#9448,#9449,#9450,#9451),
 .UNSPECIFIED.,.F.,.F.,(4,4),(0.,1.),.UNSPECIFIED.);
#220=B_SPLINE_CURVE_WITH_KNOTS('',3,(#9453,#9454,#9455,#9456),
 .UNSPECIFIED.,.F.,.F.,(4,4),(0.,1.),.UNSPECIFIED.);
#221=B_SPLINE_CURVE_WITH_KNOTS('',3,(#9467,#9468,#9469,#9470),
 .UNSPECIFIED.,.F.,.F.,(4,4),(0.,1.),.UNSPECIFIED.);
#222=B_SPLINE_CURVE_WITH_KNOTS('',3,(#9472,#9473,#9474,#9475),
 .UNSPECIFIED.,.F.,.F.,(4,4),(0.,1.),.UNSPECIFIED.);
#223=B_SPLINE_CURVE_WITH_KNOTS('',3,(#9479,#9480,#9481,#9482),
 .UNSPECIFIED.,.F.,.F.,(4,4),(0.,1.),.UNSPECIFIED.);
#224=B_SPLINE_CURVE_WITH_KNOTS('',3,(#9484,#9485,#9486,#9487),
 .UNSPECIFIED.,.F.,.F.,(4,4),(0.,1.),.UNSPECIFIED.);
#225=B_SPLINE_CURVE_WITH_KNOTS('',3,(#9498,#9499,#9500,#9501),
 .UNSPECIFIED.,.F.,.F.,(4,4),(0.,1.),.UNSPECIFIED.);
#226=B_SPLINE_CURVE_WITH_KNOTS('',3,(#9503,#9504,#9505,#9506),
 .UNSPECIFIED.,.F.,.F.,(4,4),(0.,1.),.UNSPECIFIED.);
#227=B_SPLINE_CURVE_WITH_KNOTS('',3,(#9517,#9518,#9519,#9520),
 .UNSPECIFIED.,.F.,.F.,(4,4),(0.,1.),.UNSPECIFIED.);
#228=B_SPLINE_CURVE_WITH_KNOTS('',3,(#9522,#9523,#9524,#9525),
 .UNSPECIFIED.,.F.,.F.,(4,4),(0.,1.),.UNSPECIFIED.);
#229=B_SPLINE_CURVE_WITH_KNOTS('',3,(#9554,#9555,#9556,#9557),
 .UNSPECIFIED.,.F.,.F.,(4,4),(0.,1.),.UNSPECIFIED.);
#230=B_SPLINE_CURVE_WITH_KNOTS('',3,(#9559,#9560,#9561,#9562),
 .UNSPECIFIED.,.F.,.F.,(4,4),(0.,1.),.UNSPECIFIED.);
#231=B_SPLINE_CURVE_WITH_KNOTS('',3,(#9573,#9574,#9575,#9576),
 .UNSPECIFIED.,.F.,.F.,(4,4),(0.,1.),.UNSPECIFIED.);
#232=B_SPLINE_CURVE_WITH_KNOTS('',3,(#9578,#9579,#9580,#9581),
 .UNSPECIFIED.,.F.,.F.,(4,4),(0.,1.),.UNSPECIFIED.);
#233=B_SPLINE_CURVE_WITH_KNOTS('',3,(#9634,#9635,#9636,#9637),
 .UNSPECIFIED.,.F.,.F.,(4,4),(0.,1.),.UNSPECIFIED.);
#234=B_SPLINE_CURVE_WITH_KNOTS('',3,(#9639,#9640,#9641,#9642),
 .UNSPECIFIED.,.F.,.F.,(4,4),(0.,1.),.UNSPECIFIED.);
#235=B_SPLINE_CURVE_WITH_KNOTS('',3,(#9653,#9654,#9655,#9656),
 .UNSPECIFIED.,.F.,.F.,(4,4),(0.,1.),.UNSPECIFIED.);
#236=B_SPLINE_CURVE_WITH_KNOTS('',3,(#9658,#9659,#9660,#9661),
 .UNSPECIFIED.,.F.,.F.,(4,4),(0.,1.),.UNSPECIFIED.);
#237=B_SPLINE_CURVE_WITH_KNOTS('',3,(#9665,#9666,#9667,#9668),
 .UNSPECIFIED.,.F.,.F.,(4,4),(0.,1.),.UNSPECIFIED.);
#238=B_SPLINE_CURVE_WITH_KNOTS('',3,(#9670,#9671,#9672,#9673),
 .UNSPECIFIED.,.F.,.F.,(4,4),(0.,1.),.UNSPECIFIED.);
#239=B_SPLINE_CURVE_WITH_KNOTS('',3,(#9677,#9678,#9679,#9680),
 .UNSPECIFIED.,.F.,.F.,(4,4),(0.,1.),.UNSPECIFIED.);
#240=B_SPLINE_CURVE_WITH_KNOTS('',3,(#9682,#9683,#9684,#9685),
 .UNSPECIFIED.,.F.,.F.,(4,4),(0.,1.),.UNSPECIFIED.);
#241=B_SPLINE_CURVE_WITH_KNOTS('',3,(#9696,#9697,#9698,#9699),
 .UNSPECIFIED.,.F.,.F.,(4,4),(0.,1.),.UNSPECIFIED.);
#242=B_SPLINE_CURVE_WITH_KNOTS('',3,(#9701,#9702,#9703,#9704),
 .UNSPECIFIED.,.F.,.F.,(4,4),(0.,1.),.UNSPECIFIED.);
#243=B_SPLINE_CURVE_WITH_KNOTS('',3,(#9715,#9716,#9717,#9718),
 .UNSPECIFIED.,.F.,.F.,(4,4),(0.,1.),.UNSPECIFIED.);
#244=B_SPLINE_CURVE_WITH_KNOTS('',3,(#9720,#9721,#9722,#9723),
 .UNSPECIFIED.,.F.,.F.,(4,4),(0.,1.),.UNSPECIFIED.);
#245=B_SPLINE_CURVE_WITH_KNOTS('',3,(#9770,#9771,#9772,#9773),
 .UNSPECIFIED.,.F.,.F.,(4,4),(-1.,0.),.UNSPECIFIED.);
#246=B_SPLINE_CURVE_WITH_KNOTS('',3,(#9777,#9778,#9779,#9780),
 .UNSPECIFIED.,.F.,.F.,(4,4),(0.,1.),.UNSPECIFIED.);
#247=B_SPLINE_CURVE_WITH_KNOTS('',3,(#9791,#9792,#9793,#9794),
 .UNSPECIFIED.,.F.,.F.,(4,4),(-1.,0.),.UNSPECIFIED.);
#248=B_SPLINE_CURVE_WITH_KNOTS('',3,(#9797,#9798,#9799,#9800),
 .UNSPECIFIED.,.F.,.F.,(4,4),(0.,1.),.UNSPECIFIED.);
#249=B_SPLINE_CURVE_WITH_KNOTS('',3,(#9810,#9811,#9812,#9813),
 .UNSPECIFIED.,.F.,.F.,(4,4),(-1.,0.),.UNSPECIFIED.);
#250=B_SPLINE_CURVE_WITH_KNOTS('',3,(#9816,#9817,#9818,#9819),
 .UNSPECIFIED.,.F.,.F.,(4,4),(0.,1.),.UNSPECIFIED.);
#251=B_SPLINE_CURVE_WITH_KNOTS('',3,(#9829,#9830,#9831,#9832),
 .UNSPECIFIED.,.F.,.F.,(4,4),(-1.,0.),.UNSPECIFIED.);
#252=B_SPLINE_CURVE_WITH_KNOTS('',3,(#9835,#9836,#9837,#9838),
 .UNSPECIFIED.,.F.,.F.,(4,4),(0.,1.),.UNSPECIFIED.);
#253=B_SPLINE_CURVE_WITH_KNOTS('',3,(#9848,#9849,#9850,#9851),
 .UNSPECIFIED.,.F.,.F.,(4,4),(-1.,0.),.UNSPECIFIED.);
#254=B_SPLINE_CURVE_WITH_KNOTS('',3,(#9854,#9855,#9856,#9857),
 .UNSPECIFIED.,.F.,.F.,(4,4),(0.,1.),.UNSPECIFIED.);
#255=B_SPLINE_CURVE_WITH_KNOTS('',3,(#9867,#9868,#9869,#9870),
 .UNSPECIFIED.,.F.,.F.,(4,4),(-1.,0.),.UNSPECIFIED.);
#256=B_SPLINE_CURVE_WITH_KNOTS('',3,(#9873,#9874,#9875,#9876),
 .UNSPECIFIED.,.F.,.F.,(4,4),(0.,1.),.UNSPECIFIED.);
#257=B_SPLINE_CURVE_WITH_KNOTS('',3,(#9886,#9887,#9888,#9889),
 .UNSPECIFIED.,.F.,.F.,(4,4),(-1.,0.),.UNSPECIFIED.);
#258=B_SPLINE_CURVE_WITH_KNOTS('',3,(#9892,#9893,#9894,#9895),
 .UNSPECIFIED.,.F.,.F.,(4,4),(0.,1.),.UNSPECIFIED.);
#259=B_SPLINE_CURVE_WITH_KNOTS('',3,(#9905,#9906,#9907,#9908),
 .UNSPECIFIED.,.F.,.F.,(4,4),(-1.,0.),.UNSPECIFIED.);
#260=B_SPLINE_CURVE_WITH_KNOTS('',3,(#9911,#9912,#9913,#9914),
 .UNSPECIFIED.,.F.,.F.,(4,4),(0.,1.),.UNSPECIFIED.);
#261=B_SPLINE_CURVE_WITH_KNOTS('',3,(#9923,#9924,#9925,#9926),
 .UNSPECIFIED.,.F.,.F.,(4,4),(-1.,0.),.UNSPECIFIED.);
#262=B_SPLINE_CURVE_WITH_KNOTS('',3,(#9927,#9928,#9929,#9930),
 .UNSPECIFIED.,.F.,.F.,(4,4),(0.,1.),.UNSPECIFIED.);
#263=B_SPLINE_CURVE_WITH_KNOTS('',3,(#9941,#9942,#9943,#9944),
 .UNSPECIFIED.,.F.,.F.,(4,4),(0.,1.),.UNSPECIFIED.);
#264=B_SPLINE_CURVE_WITH_KNOTS('',3,(#9948,#9949,#9950,#9951),
 .UNSPECIFIED.,.F.,.F.,(4,4),(-1.,0.),.UNSPECIFIED.);
#265=B_SPLINE_CURVE_WITH_KNOTS('',3,(#9962,#9963,#9964,#9965),
 .UNSPECIFIED.,.F.,.F.,(4,4),(0.,1.),.UNSPECIFIED.);
#266=B_SPLINE_CURVE_WITH_KNOTS('',3,(#9967,#9968,#9969,#9970),
 .UNSPECIFIED.,.F.,.F.,(4,4),(-1.,0.),.UNSPECIFIED.);
#267=B_SPLINE_CURVE_WITH_KNOTS('',3,(#9981,#9982,#9983,#9984),
 .UNSPECIFIED.,.F.,.F.,(4,4),(0.,1.),.UNSPECIFIED.);
#268=B_SPLINE_CURVE_WITH_KNOTS('',3,(#9986,#9987,#9988,#9989),
 .UNSPECIFIED.,.F.,.F.,(4,4),(-1.,0.),.UNSPECIFIED.);
#269=B_SPLINE_CURVE_WITH_KNOTS('',3,(#10000,#10001,#10002,#10003),
 .UNSPECIFIED.,.F.,.F.,(4,4),(0.,1.),.UNSPECIFIED.);
#270=B_SPLINE_CURVE_WITH_KNOTS('',3,(#10005,#10006,#10007,#10008),
 .UNSPECIFIED.,.F.,.F.,(4,4),(-1.,0.),.UNSPECIFIED.);
#271=B_SPLINE_CURVE_WITH_KNOTS('',3,(#10019,#10020,#10021,#10022),
 .UNSPECIFIED.,.F.,.F.,(4,4),(0.,1.),.UNSPECIFIED.);
#272=B_SPLINE_CURVE_WITH_KNOTS('',3,(#10024,#10025,#10026,#10027),
 .UNSPECIFIED.,.F.,.F.,(4,4),(-1.,0.),.UNSPECIFIED.);
#273=B_SPLINE_CURVE_WITH_KNOTS('',3,(#10038,#10039,#10040,#10041),
 .UNSPECIFIED.,.F.,.F.,(4,4),(0.,1.),.UNSPECIFIED.);
#274=B_SPLINE_CURVE_WITH_KNOTS('',3,(#10043,#10044,#10045,#10046),
 .UNSPECIFIED.,.F.,.F.,(4,4),(-1.,0.),.UNSPECIFIED.);
#275=B_SPLINE_CURVE_WITH_KNOTS('',3,(#10057,#10058,#10059,#10060),
 .UNSPECIFIED.,.F.,.F.,(4,4),(0.,1.),.UNSPECIFIED.);
#276=B_SPLINE_CURVE_WITH_KNOTS('',3,(#10062,#10063,#10064,#10065),
 .UNSPECIFIED.,.F.,.F.,(4,4),(-1.,0.),.UNSPECIFIED.);
#277=B_SPLINE_CURVE_WITH_KNOTS('',3,(#10076,#10077,#10078,#10079),
 .UNSPECIFIED.,.F.,.F.,(4,4),(0.,1.),.UNSPECIFIED.);
#278=B_SPLINE_CURVE_WITH_KNOTS('',3,(#10081,#10082,#10083,#10084),
 .UNSPECIFIED.,.F.,.F.,(4,4),(-1.,0.),.UNSPECIFIED.);
#279=B_SPLINE_CURVE_WITH_KNOTS('',3,(#10095,#10096,#10097,#10098),
 .UNSPECIFIED.,.F.,.F.,(4,4),(0.,1.),.UNSPECIFIED.);
#280=B_SPLINE_CURVE_WITH_KNOTS('',3,(#10100,#10101,#10102,#10103),
 .UNSPECIFIED.,.F.,.F.,(4,4),(-1.,0.),.UNSPECIFIED.);
#281=B_SPLINE_CURVE_WITH_KNOTS('',3,(#10126,#10127,#10128,#10129),
 .UNSPECIFIED.,.F.,.F.,(4,4),(0.,1.),.UNSPECIFIED.);
#282=B_SPLINE_CURVE_WITH_KNOTS('',3,(#10131,#10132,#10133,#10134),
 .UNSPECIFIED.,.F.,.F.,(4,4),(-1.,0.),.UNSPECIFIED.);
#283=B_SPLINE_CURVE_WITH_KNOTS('',3,(#10145,#10146,#10147,#10148),
 .UNSPECIFIED.,.F.,.F.,(4,4),(0.,1.),.UNSPECIFIED.);
#284=B_SPLINE_CURVE_WITH_KNOTS('',3,(#10150,#10151,#10152,#10153),
 .UNSPECIFIED.,.F.,.F.,(4,4),(-1.,0.),.UNSPECIFIED.);
#285=B_SPLINE_CURVE_WITH_KNOTS('',3,(#10164,#10165,#10166,#10167),
 .UNSPECIFIED.,.F.,.F.,(4,4),(0.,0.999997776204438),.UNSPECIFIED.);
#286=B_SPLINE_CURVE_WITH_KNOTS('',3,(#10169,#10170,#10171,#10172),
 .UNSPECIFIED.,.F.,.F.,(4,4),(-0.999997776204438,0.),.UNSPECIFIED.);
#287=B_SPLINE_CURVE_WITH_KNOTS('',3,(#10182,#10183,#10184,#10185),
 .UNSPECIFIED.,.F.,.F.,(4,4),(2.0116016715848E-6,1.),.UNSPECIFIED.);
#288=B_SPLINE_CURVE_WITH_KNOTS('',3,(#10186,#10187,#10188,#10189),
 .UNSPECIFIED.,.F.,.F.,(4,4),(-1.,-2.0116016715848E-6),.UNSPECIFIED.);
#289=B_SPLINE_SURFACE_WITH_KNOTS('',3,1,((#7278,#7279),(#7280,#7281),(#7282,
#7283),(#7284,#7285)),.UNSPECIFIED.,.F.,.F.,.F.,(4,4),(2,2),(-1.,0.),(0.,
0.001),.UNSPECIFIED.);
#290=B_SPLINE_SURFACE_WITH_KNOTS('',3,1,((#7300,#7301),(#7302,#7303),(#7304,
#7305),(#7306,#7307)),.UNSPECIFIED.,.F.,.F.,.F.,(4,4),(2,2),(-1.,0.),(0.,
0.001),.UNSPECIFIED.);
#291=B_SPLINE_SURFACE_WITH_KNOTS('',3,1,((#7319,#7320),(#7321,#7322),(#7323,
#7324),(#7325,#7326)),.UNSPECIFIED.,.F.,.F.,.F.,(4,4),(2,2),(-1.,0.),(0.,
0.001),.UNSPECIFIED.);
#292=B_SPLINE_SURFACE_WITH_KNOTS('',3,1,((#7338,#7339),(#7340,#7341),(#7342,
#7343),(#7344,#7345)),.UNSPECIFIED.,.F.,.F.,.F.,(4,4),(2,2),(-1.,0.),(0.,
0.001),.UNSPECIFIED.);
#293=B_SPLINE_SURFACE_WITH_KNOTS('',3,1,((#7369,#7370),(#7371,#7372),(#7373,
#7374),(#7375,#7376)),.UNSPECIFIED.,.F.,.F.,.F.,(4,4),(2,2),(-1.,0.),(0.,
0.001),.UNSPECIFIED.);
#294=B_SPLINE_SURFACE_WITH_KNOTS('',3,1,((#7388,#7389),(#7390,#7391),(#7392,
#7393),(#7394,#7395)),.UNSPECIFIED.,.F.,.F.,.F.,(4,4),(2,2),(-1.,0.),(0.,
0.001),.UNSPECIFIED.);
#295=B_SPLINE_SURFACE_WITH_KNOTS('',3,1,((#7413,#7414),(#7415,#7416),(#7417,
#7418),(#7419,#7420)),.UNSPECIFIED.,.F.,.F.,.F.,(4,4),(2,2),(-1.,0.),(0.,
0.001),.UNSPECIFIED.);
#296=B_SPLINE_SURFACE_WITH_KNOTS('',3,1,((#7432,#7433),(#7434,#7435),(#7436,
#7437),(#7438,#7439)),.UNSPECIFIED.,.F.,.F.,.F.,(4,4),(2,2),(-1.,0.),(0.,
0.001),.UNSPECIFIED.);
#297=B_SPLINE_SURFACE_WITH_KNOTS('',3,1,((#7451,#7452),(#7453,#7454),(#7455,
#7456),(#7457,#7458)),.UNSPECIFIED.,.F.,.F.,.F.,(4,4),(2,2),(-1.,0.),(0.,
0.001),.UNSPECIFIED.);
#298=B_SPLINE_SURFACE_WITH_KNOTS('',3,1,((#7482,#7483),(#7484,#7485),(#7486,
#7487),(#7488,#7489)),.UNSPECIFIED.,.F.,.F.,.F.,(4,4),(2,2),(-1.,0.),(0.,
0.001),.UNSPECIFIED.);
#299=B_SPLINE_SURFACE_WITH_KNOTS('',3,1,((#7501,#7502),(#7503,#7504),(#7505,
#7506),(#7507,#7508)),.UNSPECIFIED.,.F.,.F.,.F.,(4,4),(2,2),(-1.,0.),(0.,
0.001),.UNSPECIFIED.);
#300=B_SPLINE_SURFACE_WITH_KNOTS('',3,1,((#7520,#7521),(#7522,#7523),(#7524,
#7525),(#7526,#7527)),.UNSPECIFIED.,.F.,.F.,.F.,(4,4),(2,2),(-1.,0.),(0.,
0.001),.UNSPECIFIED.);
#301=B_SPLINE_SURFACE_WITH_KNOTS('',3,1,((#7542,#7543),(#7544,#7545),(#7546,
#7547),(#7548,#7549)),.UNSPECIFIED.,.F.,.F.,.F.,(4,4),(2,2),(0.,1.),(0.,
0.001),.UNSPECIFIED.);
#302=B_SPLINE_SURFACE_WITH_KNOTS('',3,1,((#7564,#7565),(#7566,#7567),(#7568,
#7569),(#7570,#7571)),.UNSPECIFIED.,.F.,.F.,.F.,(4,4),(2,2),(0.,1.),(0.,
0.001),.UNSPECIFIED.);
#303=B_SPLINE_SURFACE_WITH_KNOTS('',3,1,((#7583,#7584),(#7585,#7586),(#7587,
#7588),(#7589,#7590)),.UNSPECIFIED.,.F.,.F.,.F.,(4,4),(2,2),(0.,1.),(0.,
0.001),.UNSPECIFIED.);
#304=B_SPLINE_SURFACE_WITH_KNOTS('',3,1,((#7602,#7603),(#7604,#7605),(#7606,
#7607),(#7608,#7609)),.UNSPECIFIED.,.F.,.F.,.F.,(4,4),(2,2),(0.,1.),(0.,
0.001),.UNSPECIFIED.);
#305=B_SPLINE_SURFACE_WITH_KNOTS('',3,1,((#7621,#7622),(#7623,#7624),(#7625,
#7626),(#7627,#7628)),.UNSPECIFIED.,.F.,.F.,.F.,(4,4),(2,2),(0.,1.),(0.,
0.001),.UNSPECIFIED.);
#306=B_SPLINE_SURFACE_WITH_KNOTS('',3,1,((#7640,#7641),(#7642,#7643),(#7644,
#7645),(#7646,#7647)),.UNSPECIFIED.,.F.,.F.,.F.,(4,4),(2,2),(0.,1.),(0.,
0.001),.UNSPECIFIED.);
#307=B_SPLINE_SURFACE_WITH_KNOTS('',3,1,((#7659,#7660),(#7661,#7662),(#7663,
#7664),(#7665,#7666)),.UNSPECIFIED.,.F.,.F.,.F.,(4,4),(2,2),(0.,1.),(0.,
0.001),.UNSPECIFIED.);
#308=B_SPLINE_SURFACE_WITH_KNOTS('',3,1,((#7678,#7679),(#7680,#7681),(#7682,
#7683),(#7684,#7685)),.UNSPECIFIED.,.F.,.F.,.F.,(4,4),(2,2),(0.,1.),(0.,
0.001),.UNSPECIFIED.);
#309=B_SPLINE_SURFACE_WITH_KNOTS('',3,1,((#7697,#7698),(#7699,#7700),(#7701,
#7702),(#7703,#7704)),.UNSPECIFIED.,.F.,.F.,.F.,(4,4),(2,2),(0.,1.),(0.,
0.001),.UNSPECIFIED.);
#310=B_SPLINE_SURFACE_WITH_KNOTS('',3,1,((#7716,#7717),(#7718,#7719),(#7720,
#7721),(#7722,#7723)),.UNSPECIFIED.,.F.,.F.,.F.,(4,4),(2,2),(0.,1.),(0.,
0.001),.UNSPECIFIED.);
#311=B_SPLINE_SURFACE_WITH_KNOTS('',3,1,((#7747,#7748),(#7749,#7750),(#7751,
#7752),(#7753,#7754)),.UNSPECIFIED.,.F.,.F.,.F.,(4,4),(2,2),(0.,1.),(0.,
0.001),.UNSPECIFIED.);
#312=B_SPLINE_SURFACE_WITH_KNOTS('',3,1,((#7766,#7767),(#7768,#7769),(#7770,
#7771),(#7772,#7773)),.UNSPECIFIED.,.F.,.F.,.F.,(4,4),(2,2),(0.,1.),(0.,
0.001),.UNSPECIFIED.);
#313=B_SPLINE_SURFACE_WITH_KNOTS('',3,1,((#7785,#7786),(#7787,#7788),(#7789,
#7790),(#7791,#7792)),.UNSPECIFIED.,.F.,.F.,.F.,(4,4),(2,2),(0.,1.),(0.,
0.001),.UNSPECIFIED.);
#314=B_SPLINE_SURFACE_WITH_KNOTS('',3,1,((#7804,#7805),(#7806,#7807),(#7808,
#7809),(#7810,#7811)),.UNSPECIFIED.,.F.,.F.,.F.,(4,4),(2,2),(0.,0.999904577084968),
(0.,0.001),.UNSPECIFIED.);
#315=B_SPLINE_SURFACE_WITH_KNOTS('',3,1,((#7823,#7824),(#7825,#7826),(#7827,
#7828),(#7829,#7830)),.UNSPECIFIED.,.F.,.F.,.F.,(4,4),(2,2),(0.000122379289168695,
1.),(0.,0.001),.UNSPECIFIED.);
#316=B_SPLINE_SURFACE_WITH_KNOTS('',3,1,((#7842,#7843),(#7844,#7845),(#7846,
#7847),(#7848,#7849)),.UNSPECIFIED.,.F.,.F.,.F.,(4,4),(2,2),(0.,1.),(0.,
0.001),.UNSPECIFIED.);
#317=B_SPLINE_SURFACE_WITH_KNOTS('',3,1,((#7861,#7862),(#7863,#7864),(#7865,
#7866),(#7867,#7868)),.UNSPECIFIED.,.F.,.F.,.F.,(4,4),(2,2),(0.,1.),(0.,
0.001),.UNSPECIFIED.);
#318=B_SPLINE_SURFACE_WITH_KNOTS('',3,1,((#7880,#7881),(#7882,#7883),(#7884,
#7885),(#7886,#7887)),.UNSPECIFIED.,.F.,.F.,.F.,(4,4),(2,2),(0.,1.),(0.,
0.001),.UNSPECIFIED.);
#319=B_SPLINE_SURFACE_WITH_KNOTS('',3,1,((#7899,#7900),(#7901,#7902),(#7903,
#7904),(#7905,#7906)),.UNSPECIFIED.,.F.,.F.,.F.,(4,4),(2,2),(0.,1.),(0.,
0.001),.UNSPECIFIED.);
#320=B_SPLINE_SURFACE_WITH_KNOTS('',3,1,((#7935,#7936),(#7937,#7938),(#7939,
#7940),(#7941,#7942)),.UNSPECIFIED.,.F.,.F.,.F.,(4,4),(2,2),(-1.,0.),(0.,
0.001),.UNSPECIFIED.);
#321=B_SPLINE_SURFACE_WITH_KNOTS('',3,1,((#7957,#7958),(#7959,#7960),(#7961,
#7962),(#7963,#7964)),.UNSPECIFIED.,.F.,.F.,.F.,(4,4),(2,2),(-1.,-2.07811471657493E-5),
(0.,0.001),.UNSPECIFIED.);
#322=B_SPLINE_SURFACE_WITH_KNOTS('',3,1,((#7976,#7977),(#7978,#7979),(#7980,
#7981),(#7982,#7983)),.UNSPECIFIED.,.F.,.F.,.F.,(4,4),(2,2),(-0.999979840083702,
0.),(0.,0.001),.UNSPECIFIED.);
#323=B_SPLINE_SURFACE_WITH_KNOTS('',3,1,((#7995,#7996),(#7997,#7998),(#7999,
#8000),(#8001,#8002)),.UNSPECIFIED.,.F.,.F.,.F.,(4,4),(2,2),(-1.,0.),(0.,
0.001),.UNSPECIFIED.);
#324=B_SPLINE_SURFACE_WITH_KNOTS('',3,1,((#8026,#8027),(#8028,#8029),(#8030,
#8031),(#8032,#8033)),.UNSPECIFIED.,.F.,.F.,.F.,(4,4),(2,2),(-1.,0.),(0.,
0.001),.UNSPECIFIED.);
#325=B_SPLINE_SURFACE_WITH_KNOTS('',3,1,((#8081,#8082),(#8083,#8084),(#8085,
#8086),(#8087,#8088)),.UNSPECIFIED.,.F.,.F.,.F.,(4,4),(2,2),(0.,1.),(0.,
0.001),.UNSPECIFIED.);
#326=B_SPLINE_SURFACE_WITH_KNOTS('',3,1,((#8100,#8101),(#8102,#8103),(#8104,
#8105),(#8106,#8107)),.UNSPECIFIED.,.F.,.F.,.F.,(4,4),(2,2),(0.,1.),(0.,
0.001),.UNSPECIFIED.);
#327=B_SPLINE_SURFACE_WITH_KNOTS('',3,1,((#8119,#8120),(#8121,#8122),(#8123,
#8124),(#8125,#8126)),.UNSPECIFIED.,.F.,.F.,.F.,(4,4),(2,2),(0.,1.),(0.,
0.001),.UNSPECIFIED.);
#328=B_SPLINE_SURFACE_WITH_KNOTS('',3,1,((#8138,#8139),(#8140,#8141),(#8142,
#8143),(#8144,#8145)),.UNSPECIFIED.,.F.,.F.,.F.,(4,4),(2,2),(0.,1.),(0.,
0.001),.UNSPECIFIED.);
#329=B_SPLINE_SURFACE_WITH_KNOTS('',3,1,((#8157,#8158),(#8159,#8160),(#8161,
#8162),(#8163,#8164)),.UNSPECIFIED.,.F.,.F.,.F.,(4,4),(2,2),(0.,1.),(0.,
0.001),.UNSPECIFIED.);
#330=B_SPLINE_SURFACE_WITH_KNOTS('',3,1,((#8176,#8177),(#8178,#8179),(#8180,
#8181),(#8182,#8183)),.UNSPECIFIED.,.F.,.F.,.F.,(4,4),(2,2),(0.,1.),(0.,
0.001),.UNSPECIFIED.);
#331=B_SPLINE_SURFACE_WITH_KNOTS('',3,1,((#8195,#8196),(#8197,#8198),(#8199,
#8200),(#8201,#8202)),.UNSPECIFIED.,.F.,.F.,.F.,(4,4),(2,2),(0.,1.),(0.,
0.001),.UNSPECIFIED.);
#332=B_SPLINE_SURFACE_WITH_KNOTS('',3,1,((#8214,#8215),(#8216,#8217),(#8218,
#8219),(#8220,#8221)),.UNSPECIFIED.,.F.,.F.,.F.,(4,4),(2,2),(0.,1.),(0.,
0.001),.UNSPECIFIED.);
#333=B_SPLINE_SURFACE_WITH_KNOTS('',3,1,((#8233,#8234),(#8235,#8236),(#8237,
#8238),(#8239,#8240)),.UNSPECIFIED.,.F.,.F.,.F.,(4,4),(2,2),(0.,1.),(0.,
0.001),.UNSPECIFIED.);
#334=B_SPLINE_SURFACE_WITH_KNOTS('',3,1,((#8252,#8253),(#8254,#8255),(#8256,
#8257),(#8258,#8259)),.UNSPECIFIED.,.F.,.F.,.F.,(4,4),(2,2),(0.,1.),(0.,
0.001),.UNSPECIFIED.);
#335=B_SPLINE_SURFACE_WITH_KNOTS('',3,1,((#8289,#8290),(#8291,#8292),(#8293,
#8294),(#8295,#8296)),.UNSPECIFIED.,.F.,.F.,.F.,(4,4),(2,2),(0.,1.),(0.,
0.001),.UNSPECIFIED.);
#336=B_SPLINE_SURFACE_WITH_KNOTS('',3,1,((#8308,#8309),(#8310,#8311),(#8312,
#8313),(#8314,#8315)),.UNSPECIFIED.,.F.,.F.,.F.,(4,4),(2,2),(0.,1.),(0.,
0.001),.UNSPECIFIED.);
#337=B_SPLINE_SURFACE_WITH_KNOTS('',3,1,((#8327,#8328),(#8329,#8330),(#8331,
#8332),(#8333,#8334)),.UNSPECIFIED.,.F.,.F.,.F.,(4,4),(2,2),(0.,1.),(0.,
0.001),.UNSPECIFIED.);
#338=B_SPLINE_SURFACE_WITH_KNOTS('',3,1,((#8346,#8347),(#8348,#8349),(#8350,
#8351),(#8352,#8353)),.UNSPECIFIED.,.F.,.F.,.F.,(4,4),(2,2),(2.62093449325818E-5,
1.),(0.,0.001),.UNSPECIFIED.);
#339=B_SPLINE_SURFACE_WITH_KNOTS('',3,1,((#8365,#8366),(#8367,#8368),(#8369,
#8370),(#8371,#8372)),.UNSPECIFIED.,.F.,.F.,.F.,(4,4),(2,2),(0.,1.),(0.,
0.001),.UNSPECIFIED.);
#340=B_SPLINE_SURFACE_WITH_KNOTS('',3,1,((#8384,#8385),(#8386,#8387),(#8388,
#8389),(#8390,#8391)),.UNSPECIFIED.,.F.,.F.,.F.,(4,4),(2,2),(0.,1.),(0.,
0.001),.UNSPECIFIED.);
#341=B_SPLINE_SURFACE_WITH_KNOTS('',3,1,((#8403,#8404),(#8405,#8406),(#8407,
#8408),(#8409,#8410)),.UNSPECIFIED.,.F.,.F.,.F.,(4,4),(2,2),(0.,1.),(0.,
0.001),.UNSPECIFIED.);
#342=B_SPLINE_SURFACE_WITH_KNOTS('',3,1,((#8422,#8423),(#8424,#8425),(#8426,
#8427),(#8428,#8429)),.UNSPECIFIED.,.F.,.F.,.F.,(4,4),(2,2),(0.,1.),(0.,
0.001),.UNSPECIFIED.);
#343=B_SPLINE_SURFACE_WITH_KNOTS('',3,1,((#8497,#8498),(#8499,#8500),(#8501,
#8502),(#8503,#8504)),.UNSPECIFIED.,.F.,.F.,.F.,(4,4),(2,2),(0.,1.),(0.,
0.001),.UNSPECIFIED.);
#344=B_SPLINE_SURFACE_WITH_KNOTS('',3,1,((#8516,#8517),(#8518,#8519),(#8520,
#8521),(#8522,#8523)),.UNSPECIFIED.,.F.,.F.,.F.,(4,4),(2,2),(0.,1.),(0.,
0.001),.UNSPECIFIED.);
#345=B_SPLINE_SURFACE_WITH_KNOTS('',3,1,((#8535,#8536),(#8537,#8538),(#8539,
#8540),(#8541,#8542)),.UNSPECIFIED.,.F.,.F.,.F.,(4,4),(2,2),(0.,1.),(0.,
0.001),.UNSPECIFIED.);
#346=B_SPLINE_SURFACE_WITH_KNOTS('',3,1,((#8554,#8555),(#8556,#8557),(#8558,
#8559),(#8560,#8561)),.UNSPECIFIED.,.F.,.F.,.F.,(4,4),(2,2),(0.,1.),(0.,
0.001),.UNSPECIFIED.);
#347=B_SPLINE_SURFACE_WITH_KNOTS('',3,1,((#8573,#8574),(#8575,#8576),(#8577,
#8578),(#8579,#8580)),.UNSPECIFIED.,.F.,.F.,.F.,(4,4),(2,2),(0.,1.),(0.,
0.001),.UNSPECIFIED.);
#348=B_SPLINE_SURFACE_WITH_KNOTS('',3,1,((#8592,#8593),(#8594,#8595),(#8596,
#8597),(#8598,#8599)),.UNSPECIFIED.,.F.,.F.,.F.,(4,4),(2,2),(0.,1.),(0.,
0.001),.UNSPECIFIED.);
#349=B_SPLINE_SURFACE_WITH_KNOTS('',3,1,((#8611,#8612),(#8613,#8614),(#8615,
#8616),(#8617,#8618)),.UNSPECIFIED.,.F.,.F.,.F.,(4,4),(2,2),(0.,1.),(0.,
0.001),.UNSPECIFIED.);
#350=B_SPLINE_SURFACE_WITH_KNOTS('',3,1,((#8630,#8631),(#8632,#8633),(#8634,
#8635),(#8636,#8637)),.UNSPECIFIED.,.F.,.F.,.F.,(4,4),(2,2),(0.,1.),(0.,
0.001),.UNSPECIFIED.);
#351=B_SPLINE_SURFACE_WITH_KNOTS('',3,1,((#8649,#8650),(#8651,#8652),(#8653,
#8654),(#8655,#8656)),.UNSPECIFIED.,.F.,.F.,.F.,(4,4),(2,2),(0.,1.),(0.,
0.001),.UNSPECIFIED.);
#352=B_SPLINE_SURFACE_WITH_KNOTS('',3,1,((#8668,#8669),(#8670,#8671),(#8672,
#8673),(#8674,#8675)),.UNSPECIFIED.,.F.,.F.,.F.,(4,4),(2,2),(0.,1.),(0.,
0.001),.UNSPECIFIED.);
#353=B_SPLINE_SURFACE_WITH_KNOTS('',3,1,((#8687,#8688),(#8689,#8690),(#8691,
#8692),(#8693,#8694)),.UNSPECIFIED.,.F.,.F.,.F.,(4,4),(2,2),(0.,1.),(0.,
0.001),.UNSPECIFIED.);
#354=B_SPLINE_SURFACE_WITH_KNOTS('',3,1,((#8706,#8707),(#8708,#8709),(#8710,
#8711),(#8712,#8713)),.UNSPECIFIED.,.F.,.F.,.F.,(4,4),(2,2),(0.,1.),(0.,
0.001),.UNSPECIFIED.);
#355=B_SPLINE_SURFACE_WITH_KNOTS('',3,1,((#8725,#8726),(#8727,#8728),(#8729,
#8730),(#8731,#8732)),.UNSPECIFIED.,.F.,.F.,.F.,(4,4),(2,2),(0.,1.),(0.,
0.001),.UNSPECIFIED.);
#356=B_SPLINE_SURFACE_WITH_KNOTS('',3,1,((#8744,#8745),(#8746,#8747),(#8748,
#8749),(#8750,#8751)),.UNSPECIFIED.,.F.,.F.,.F.,(4,4),(2,2),(0.,1.),(0.,
0.001),.UNSPECIFIED.);
#357=B_SPLINE_SURFACE_WITH_KNOTS('',3,1,((#8763,#8764),(#8765,#8766),(#8767,
#8768),(#8769,#8770)),.UNSPECIFIED.,.F.,.F.,.F.,(4,4),(2,2),(0.,1.),(0.,
0.001),.UNSPECIFIED.);
#358=B_SPLINE_SURFACE_WITH_KNOTS('',3,1,((#8824,#8825),(#8826,#8827),(#8828,
#8829),(#8830,#8831)),.UNSPECIFIED.,.F.,.F.,.F.,(4,4),(2,2),(0.,1.),(0.,
0.001),.UNSPECIFIED.);
#359=B_SPLINE_SURFACE_WITH_KNOTS('',3,1,((#8843,#8844),(#8845,#8846),(#8847,
#8848),(#8849,#8850)),.UNSPECIFIED.,.F.,.F.,.F.,(4,4),(2,2),(0.,1.),(0.,
0.001),.UNSPECIFIED.);
#360=B_SPLINE_SURFACE_WITH_KNOTS('',3,1,((#8862,#8863),(#8864,#8865),(#8866,
#8867),(#8868,#8869)),.UNSPECIFIED.,.F.,.F.,.F.,(4,4),(2,2),(0.,1.),(0.,
0.001),.UNSPECIFIED.);
#361=B_SPLINE_SURFACE_WITH_KNOTS('',3,1,((#8881,#8882),(#8883,#8884),(#8885,
#8886),(#8887,#8888)),.UNSPECIFIED.,.F.,.F.,.F.,(4,4),(2,2),(0.,1.),(0.,
0.001),.UNSPECIFIED.);
#362=B_SPLINE_SURFACE_WITH_KNOTS('',3,1,((#8900,#8901),(#8902,#8903),(#8904,
#8905),(#8906,#8907)),.UNSPECIFIED.,.F.,.F.,.F.,(4,4),(2,2),(0.,1.),(0.,
0.001),.UNSPECIFIED.);
#363=B_SPLINE_SURFACE_WITH_KNOTS('',3,1,((#8919,#8920),(#8921,#8922),(#8923,
#8924),(#8925,#8926)),.UNSPECIFIED.,.F.,.F.,.F.,(4,4),(2,2),(0.,1.),(0.,
0.001),.UNSPECIFIED.);
#364=B_SPLINE_SURFACE_WITH_KNOTS('',3,1,((#8938,#8939),(#8940,#8941),(#8942,
#8943),(#8944,#8945)),.UNSPECIFIED.,.F.,.F.,.F.,(4,4),(2,2),(0.,1.),(0.,
0.001),.UNSPECIFIED.);
#365=B_SPLINE_SURFACE_WITH_KNOTS('',3,1,((#8957,#8958),(#8959,#8960),(#8961,
#8962),(#8963,#8964)),.UNSPECIFIED.,.F.,.F.,.F.,(4,4),(2,2),(0.,1.),(0.,
0.001),.UNSPECIFIED.);
#366=B_SPLINE_SURFACE_WITH_KNOTS('',3,1,((#8976,#8977),(#8978,#8979),(#8980,
#8981),(#8982,#8983)),.UNSPECIFIED.,.F.,.F.,.F.,(4,4),(2,2),(0.,1.),(0.,
0.001),.UNSPECIFIED.);
#367=B_SPLINE_SURFACE_WITH_KNOTS('',3,1,((#8995,#8996),(#8997,#8998),(#8999,
#9000),(#9001,#9002)),.UNSPECIFIED.,.F.,.F.,.F.,(4,4),(2,2),(0.,1.),(0.,
0.001),.UNSPECIFIED.);
#368=B_SPLINE_SURFACE_WITH_KNOTS('',3,1,((#9014,#9015),(#9016,#9017),(#9018,
#9019),(#9020,#9021)),.UNSPECIFIED.,.F.,.F.,.F.,(4,4),(2,2),(0.,1.),(0.,
0.001),.UNSPECIFIED.);
#369=B_SPLINE_SURFACE_WITH_KNOTS('',3,1,((#9045,#9046),(#9047,#9048),(#9049,
#9050),(#9051,#9052)),.UNSPECIFIED.,.F.,.F.,.F.,(4,4),(2,2),(0.,0.999954705250837),
(0.,0.001),.UNSPECIFIED.);
#370=B_SPLINE_SURFACE_WITH_KNOTS('',3,1,((#9064,#9065),(#9066,#9067),(#9068,
#9069),(#9070,#9071)),.UNSPECIFIED.,.F.,.F.,.F.,(4,4),(2,2),(1.74619467903092E-5,
1.),(0.,0.001),.UNSPECIFIED.);
#371=B_SPLINE_SURFACE_WITH_KNOTS('',3,1,((#9112,#9113),(#9114,#9115),(#9116,
#9117),(#9118,#9119)),.UNSPECIFIED.,.F.,.F.,.F.,(4,4),(2,2),(-1.,0.),(0.,
0.001),.UNSPECIFIED.);
#372=B_SPLINE_SURFACE_WITH_KNOTS('',3,1,((#9134,#9135),(#9136,#9137),(#9138,
#9139),(#9140,#9141)),.UNSPECIFIED.,.F.,.F.,.F.,(4,4),(2,2),(-1.,0.),(0.,
0.001),.UNSPECIFIED.);
#373=B_SPLINE_SURFACE_WITH_KNOTS('',3,1,((#9201,#9202),(#9203,#9204),(#9205,
#9206),(#9207,#9208)),.UNSPECIFIED.,.F.,.F.,.F.,(4,4),(2,2),(-1.,0.),(0.,
0.001),.UNSPECIFIED.);
#374=B_SPLINE_SURFACE_WITH_KNOTS('',3,1,((#9220,#9221),(#9222,#9223),(#9224,
#9225),(#9226,#9227)),.UNSPECIFIED.,.F.,.F.,.F.,(4,4),(2,2),(-1.,0.),(0.,
0.001),.UNSPECIFIED.);
#375=B_SPLINE_SURFACE_WITH_KNOTS('',3,1,((#9239,#9240),(#9241,#9242),(#9243,
#9244),(#9245,#9246)),.UNSPECIFIED.,.F.,.F.,.F.,(4,4),(2,2),(-1.,0.),(0.,
0.001),.UNSPECIFIED.);
#376=B_SPLINE_SURFACE_WITH_KNOTS('',3,1,((#9258,#9259),(#9260,#9261),(#9262,
#9263),(#9264,#9265)),.UNSPECIFIED.,.F.,.F.,.F.,(4,4),(2,2),(-1.,0.),(0.,
0.001),.UNSPECIFIED.);
#377=B_SPLINE_SURFACE_WITH_KNOTS('',3,1,((#9325,#9326),(#9327,#9328),(#9329,
#9330),(#9331,#9332)),.UNSPECIFIED.,.F.,.F.,.F.,(4,4),(2,2),(-1.,0.),(0.,
0.001),.UNSPECIFIED.);
#378=B_SPLINE_SURFACE_WITH_KNOTS('',3,1,((#9344,#9345),(#9346,#9347),(#9348,
#9349),(#9350,#9351)),.UNSPECIFIED.,.F.,.F.,.F.,(4,4),(2,2),(-1.,0.),(0.,
0.001),.UNSPECIFIED.);
#379=B_SPLINE_SURFACE_WITH_KNOTS('',3,1,((#9363,#9364),(#9365,#9366),(#9367,
#9368),(#9369,#9370)),.UNSPECIFIED.,.F.,.F.,.F.,(4,4),(2,2),(-0.999999187148682,
0.),(0.,0.001),.UNSPECIFIED.);
#380=B_SPLINE_SURFACE_WITH_KNOTS('',3,1,((#9382,#9383),(#9384,#9385),(#9386,
#9387),(#9388,#9389)),.UNSPECIFIED.,.F.,.F.,.F.,(4,4),(2,2),(-1.,-9.25376683289387E-7),
(0.,0.001),.UNSPECIFIED.);
#381=B_SPLINE_SURFACE_WITH_KNOTS('',3,1,((#9439,#9440),(#9441,#9442),(#9443,
#9444),(#9445,#9446)),.UNSPECIFIED.,.F.,.F.,.F.,(4,4),(2,2),(0.,1.),(0.,
0.001),.UNSPECIFIED.);
#382=B_SPLINE_SURFACE_WITH_KNOTS('',3,1,((#9458,#9459),(#9460,#9461),(#9462,
#9463),(#9464,#9465)),.UNSPECIFIED.,.F.,.F.,.F.,(4,4),(2,2),(0.,1.),(0.,
0.001),.UNSPECIFIED.);
#383=B_SPLINE_SURFACE_WITH_KNOTS('',3,1,((#9489,#9490),(#9491,#9492),(#9493,
#9494),(#9495,#9496)),.UNSPECIFIED.,.F.,.F.,.F.,(4,4),(2,2),(0.,1.),(0.,
0.001),.UNSPECIFIED.);
#384=B_SPLINE_SURFACE_WITH_KNOTS('',3,1,((#9508,#9509),(#9510,#9511),(#9512,
#9513),(#9514,#9515)),.UNSPECIFIED.,.F.,.F.,.F.,(4,4),(2,2),(0.,1.),(0.,
0.001),.UNSPECIFIED.);
#385=B_SPLINE_SURFACE_WITH_KNOTS('',3,1,((#9545,#9546),(#9547,#9548),(#9549,
#9550),(#9551,#9552)),.UNSPECIFIED.,.F.,.F.,.F.,(4,4),(2,2),(0.,1.),(0.,
0.001),.UNSPECIFIED.);
#386=B_SPLINE_SURFACE_WITH_KNOTS('',3,1,((#9564,#9565),(#9566,#9567),(#9568,
#9569),(#9570,#9571)),.UNSPECIFIED.,.F.,.F.,.F.,(4,4),(2,2),(0.,1.),(0.,
0.001),.UNSPECIFIED.);
#387=B_SPLINE_SURFACE_WITH_KNOTS('',3,1,((#9625,#9626),(#9627,#9628),(#9629,
#9630),(#9631,#9632)),.UNSPECIFIED.,.F.,.F.,.F.,(4,4),(2,2),(0.,1.),(0.,
0.001),.UNSPECIFIED.);
#388=B_SPLINE_SURFACE_WITH_KNOTS('',3,1,((#9644,#9645),(#9646,#9647),(#9648,
#9649),(#9650,#9651)),.UNSPECIFIED.,.F.,.F.,.F.,(4,4),(2,2),(0.,1.),(0.,
0.001),.UNSPECIFIED.);
#389=B_SPLINE_SURFACE_WITH_KNOTS('',3,1,((#9687,#9688),(#9689,#9690),(#9691,
#9692),(#9693,#9694)),.UNSPECIFIED.,.F.,.F.,.F.,(4,4),(2,2),(0.,1.),(0.,
0.001),.UNSPECIFIED.);
#390=B_SPLINE_SURFACE_WITH_KNOTS('',3,1,((#9706,#9707),(#9708,#9709),(#9710,
#9711),(#9712,#9713)),.UNSPECIFIED.,.F.,.F.,.F.,(4,4),(2,2),(0.,1.),(0.,
0.001),.UNSPECIFIED.);
#391=B_SPLINE_SURFACE_WITH_KNOTS('',3,1,((#9760,#9761),(#9762,#9763),(#9764,
#9765),(#9766,#9767)),.UNSPECIFIED.,.F.,.F.,.F.,(4,4),(2,2),(-1.,0.),(0.,
0.001),.UNSPECIFIED.);
#392=B_SPLINE_SURFACE_WITH_KNOTS('',3,1,((#9782,#9783),(#9784,#9785),(#9786,
#9787),(#9788,#9789)),.UNSPECIFIED.,.F.,.F.,.F.,(4,4),(2,2),(-1.,0.),(0.,
0.001),.UNSPECIFIED.);
#393=B_SPLINE_SURFACE_WITH_KNOTS('',3,1,((#9801,#9802),(#9803,#9804),(#9805,
#9806),(#9807,#9808)),.UNSPECIFIED.,.F.,.F.,.F.,(4,4),(2,2),(-1.,0.),(0.,
0.001),.UNSPECIFIED.);
#394=B_SPLINE_SURFACE_WITH_KNOTS('',3,1,((#9820,#9821),(#9822,#9823),(#9824,
#9825),(#9826,#9827)),.UNSPECIFIED.,.F.,.F.,.F.,(4,4),(2,2),(-1.,0.),(0.,
0.001),.UNSPECIFIED.);
#395=B_SPLINE_SURFACE_WITH_KNOTS('',3,1,((#9839,#9840),(#9841,#9842),(#9843,
#9844),(#9845,#9846)),.UNSPECIFIED.,.F.,.F.,.F.,(4,4),(2,2),(-1.,0.),(0.,
0.001),.UNSPECIFIED.);
#396=B_SPLINE_SURFACE_WITH_KNOTS('',3,1,((#9858,#9859),(#9860,#9861),(#9862,
#9863),(#9864,#9865)),.UNSPECIFIED.,.F.,.F.,.F.,(4,4),(2,2),(-1.,0.),(0.,
0.001),.UNSPECIFIED.);
#397=B_SPLINE_SURFACE_WITH_KNOTS('',3,1,((#9877,#9878),(#9879,#9880),(#9881,
#9882),(#9883,#9884)),.UNSPECIFIED.,.F.,.F.,.F.,(4,4),(2,2),(-1.,0.),(0.,
0.001),.UNSPECIFIED.);
#398=B_SPLINE_SURFACE_WITH_KNOTS('',3,1,((#9896,#9897),(#9898,#9899),(#9900,
#9901),(#9902,#9903)),.UNSPECIFIED.,.F.,.F.,.F.,(4,4),(2,2),(-1.,0.),(0.,
0.001),.UNSPECIFIED.);
#399=B_SPLINE_SURFACE_WITH_KNOTS('',3,1,((#9915,#9916),(#9917,#9918),(#9919,
#9920),(#9921,#9922)),.UNSPECIFIED.,.F.,.F.,.F.,(4,4),(2,2),(-1.,0.),(0.,
0.001),.UNSPECIFIED.);
#400=B_SPLINE_SURFACE_WITH_KNOTS('',3,1,((#9931,#9932),(#9933,#9934),(#9935,
#9936),(#9937,#9938)),.UNSPECIFIED.,.F.,.F.,.F.,(4,4),(2,2),(-1.,0.),(0.,
0.001),.UNSPECIFIED.);
#401=B_SPLINE_SURFACE_WITH_KNOTS('',3,1,((#9953,#9954),(#9955,#9956),(#9957,
#9958),(#9959,#9960)),.UNSPECIFIED.,.F.,.F.,.F.,(4,4),(2,2),(-1.,0.),(0.,
0.001),.UNSPECIFIED.);
#402=B_SPLINE_SURFACE_WITH_KNOTS('',3,1,((#9972,#9973),(#9974,#9975),(#9976,
#9977),(#9978,#9979)),.UNSPECIFIED.,.F.,.F.,.F.,(4,4),(2,2),(-1.,0.),(0.,
0.001),.UNSPECIFIED.);
#403=B_SPLINE_SURFACE_WITH_KNOTS('',3,1,((#9991,#9992),(#9993,#9994),(#9995,
#9996),(#9997,#9998)),.UNSPECIFIED.,.F.,.F.,.F.,(4,4),(2,2),(-1.,0.),(0.,
0.001),.UNSPECIFIED.);
#404=B_SPLINE_SURFACE_WITH_KNOTS('',3,1,((#10010,#10011),(#10012,#10013),
(#10014,#10015),(#10016,#10017)),.UNSPECIFIED.,.F.,.F.,.F.,(4,4),(2,2),
(-1.,0.),(0.,0.001),.UNSPECIFIED.);
#405=B_SPLINE_SURFACE_WITH_KNOTS('',3,1,((#10029,#10030),(#10031,#10032),
(#10033,#10034),(#10035,#10036)),.UNSPECIFIED.,.F.,.F.,.F.,(4,4),(2,2),
(-1.,0.),(0.,0.001),.UNSPECIFIED.);
#406=B_SPLINE_SURFACE_WITH_KNOTS('',3,1,((#10048,#10049),(#10050,#10051),
(#10052,#10053),(#10054,#10055)),.UNSPECIFIED.,.F.,.F.,.F.,(4,4),(2,2),
(-1.,0.),(0.,0.001),.UNSPECIFIED.);
#407=B_SPLINE_SURFACE_WITH_KNOTS('',3,1,((#10067,#10068),(#10069,#10070),
(#10071,#10072),(#10073,#10074)),.UNSPECIFIED.,.F.,.F.,.F.,(4,4),(2,2),
(-1.,0.),(0.,0.001),.UNSPECIFIED.);
#408=B_SPLINE_SURFACE_WITH_KNOTS('',3,1,((#10086,#10087),(#10088,#10089),
(#10090,#10091),(#10092,#10093)),.UNSPECIFIED.,.F.,.F.,.F.,(4,4),(2,2),
(-1.,0.),(0.,0.001),.UNSPECIFIED.);
#409=B_SPLINE_SURFACE_WITH_KNOTS('',3,1,((#10117,#10118),(#10119,#10120),
(#10121,#10122),(#10123,#10124)),.UNSPECIFIED.,.F.,.F.,.F.,(4,4),(2,2),
(-1.,0.),(0.,0.001),.UNSPECIFIED.);
#410=B_SPLINE_SURFACE_WITH_KNOTS('',3,1,((#10136,#10137),(#10138,#10139),
(#10140,#10141),(#10142,#10143)),.UNSPECIFIED.,.F.,.F.,.F.,(4,4),(2,2),
(-1.,0.),(0.,0.001),.UNSPECIFIED.);
#411=B_SPLINE_SURFACE_WITH_KNOTS('',3,1,((#10155,#10156),(#10157,#10158),
(#10159,#10160),(#10161,#10162)),.UNSPECIFIED.,.F.,.F.,.F.,(4,4),(2,2),
(-0.999997776204438,0.),(0.,0.001),.UNSPECIFIED.);
#412=B_SPLINE_SURFACE_WITH_KNOTS('',3,1,((#10174,#10175),(#10176,#10177),
(#10178,#10179),(#10180,#10181)),.UNSPECIFIED.,.F.,.F.,.F.,(4,4),(2,2),
(-1.,-2.0116016715848E-6),(0.,0.001),.UNSPECIFIED.);
#413=SHAPE_REPRESENTATION_RELATIONSHIP('SRR','None',#10273,#416);
#414=SHAPE_REPRESENTATION_RELATIONSHIP('SRR','None',#10274,#417);
#415=SHAPE_REPRESENTATION_RELATIONSHIP('SRR','None',#10275,#418);
#416=ADVANCED_BREP_SHAPE_REPRESENTATION($,(#430),#10251);
#417=ADVANCED_BREP_SHAPE_REPRESENTATION($,(#431,#432,#433),#10252);
#418=ADVANCED_BREP_SHAPE_REPRESENTATION($,(#434,#435,#436,#437,#438,#439,
#440),#10253);
#419=STYLED_ITEM('',(#10297),#430);
#420=STYLED_ITEM('',(#10298),#431);
#421=STYLED_ITEM('',(#10298),#432);
#422=STYLED_ITEM('',(#10298),#433);
#423=STYLED_ITEM('',(#10299),#434);
#424=STYLED_ITEM('',(#10299),#435);
#425=STYLED_ITEM('',(#10299),#436);
#426=STYLED_ITEM('',(#10299),#437);
#427=STYLED_ITEM('',(#10299),#438);
#428=STYLED_ITEM('',(#10299),#439);
#429=STYLED_ITEM('',(#10299),#440);
#430=MANIFOLD_SOLID_BREP('Solid1',#5651);
#431=MANIFOLD_SOLID_BREP('Solid1',#5652);
#432=MANIFOLD_SOLID_BREP('Solid1',#5653);
#433=MANIFOLD_SOLID_BREP('Solid1',#5654);
#434=MANIFOLD_SOLID_BREP('Solid1',#5655);
#435=MANIFOLD_SOLID_BREP('Solid1',#5656);
#436=MANIFOLD_SOLID_BREP('Solid1',#5657);
#437=MANIFOLD_SOLID_BREP('Solid1',#5658);
#438=MANIFOLD_SOLID_BREP('Solid1',#5659);
#439=MANIFOLD_SOLID_BREP('Solid1',#5660);
#440=MANIFOLD_SOLID_BREP('Solid1',#5661);
#441=PLANE('',#5685);
#442=PLANE('',#5688);
#443=PLANE('',#5689);
#444=PLANE('',#5712);
#445=PLANE('',#5714);
#446=PLANE('',#5715);
#447=PLANE('',#5717);
#448=PLANE('',#5718);
#449=PLANE('',#5722);
#450=PLANE('',#5723);
#451=PLANE('',#5726);
#452=PLANE('',#5727);
#453=PLANE('',#5732);
#454=PLANE('',#5733);
#455=PLANE('',#5734);
#456=PLANE('',#5740);
#457=PLANE('',#5742);
#458=PLANE('',#5744);
#459=PLANE('',#5746);
#460=PLANE('',#5747);
#461=PLANE('',#5748);
#462=PLANE('',#5749);
#463=PLANE('',#5753);
#464=PLANE('',#5757);
#465=PLANE('',#5761);
#466=PLANE('',#5765);
#467=PLANE('',#5766);
#468=PLANE('',#5767);
#469=PLANE('',#5768);
#470=PLANE('',#5769);
#471=PLANE('',#5770);
#472=PLANE('',#5771);
#473=PLANE('',#5776);
#474=PLANE('',#5777);
#475=PLANE('',#5780);
#476=PLANE('',#5783);
#477=PLANE('',#5786);
#478=PLANE('',#5788);
#479=PLANE('',#5790);
#480=PLANE('',#5791);
#481=PLANE('',#5793);
#482=PLANE('',#5794);
#483=PLANE('',#5795);
#484=PLANE('',#5796);
#485=PLANE('',#5797);
#486=PLANE('',#5798);
#487=PLANE('',#5799);
#488=PLANE('',#5800);
#489=PLANE('',#5801);
#490=PLANE('',#5802);
#491=PLANE('',#5803);
#492=PLANE('',#5804);
#493=PLANE('',#5805);
#494=PLANE('',#5806);
#495=PLANE('',#5807);
#496=PLANE('',#5808);
#497=PLANE('',#5809);
#498=PLANE('',#5810);
#499=PLANE('',#5811);
#500=PLANE('',#5812);
#501=PLANE('',#5813);
#502=PLANE('',#5814);
#503=PLANE('',#5815);
#504=PLANE('',#5816);
#505=PLANE('',#5817);
#506=PLANE('',#5818);
#507=PLANE('',#5819);
#508=PLANE('',#5820);
#509=PLANE('',#5821);
#510=PLANE('',#5822);
#511=PLANE('',#5823);
#512=PLANE('',#5824);
#513=PLANE('',#5825);
#514=PLANE('',#5826);
#515=PLANE('',#5827);
#516=PLANE('',#5828);
#517=PLANE('',#5829);
#518=PLANE('',#5830);
#519=PLANE('',#5831);
#520=PLANE('',#5832);
#521=PLANE('',#5833);
#522=PLANE('',#5834);
#523=PLANE('',#5835);
#524=PLANE('',#5836);
#525=PLANE('',#5837);
#526=PLANE('',#5838);
#527=PLANE('',#5839);
#528=PLANE('',#5840);
#529=PLANE('',#5841);
#530=PLANE('',#5842);
#531=PLANE('',#5843);
#532=PLANE('',#5844);
#533=PLANE('',#5845);
#534=PLANE('',#5846);
#535=PLANE('',#5847);
#536=PLANE('',#5848);
#537=PLANE('',#5849);
#538=PLANE('',#5850);
#539=PLANE('',#5851);
#540=PLANE('',#5852);
#541=PLANE('',#5853);
#542=PLANE('',#5854);
#543=PLANE('',#5855);
#544=PLANE('',#5856);
#545=PLANE('',#5857);
#546=PLANE('',#5858);
#547=PLANE('',#5859);
#548=PLANE('',#5860);
#549=PLANE('',#5861);
#550=PLANE('',#5862);
#551=PLANE('',#5863);
#552=PLANE('',#5864);
#553=PLANE('',#5865);
#554=PLANE('',#5866);
#555=PLANE('',#5867);
#556=PLANE('',#5868);
#557=PLANE('',#5869);
#558=PLANE('',#5870);
#559=PLANE('',#5871);
#560=PLANE('',#5872);
#561=PLANE('',#5873);
#562=PLANE('',#5874);
#563=PLANE('',#5875);
#564=PLANE('',#5876);
#565=PLANE('',#5877);
#566=PLANE('',#5878);
#567=PLANE('',#5879);
#568=PLANE('',#5880);
#569=PLANE('',#5881);
#570=PLANE('',#5882);
#571=PLANE('',#5883);
#572=PLANE('',#5884);
#573=PLANE('',#5885);
#574=PLANE('',#5886);
#575=PLANE('',#5887);
#576=PLANE('',#5888);
#577=PLANE('',#5889);
#578=PLANE('',#5890);
#579=PLANE('',#5894);
#580=PLANE('',#5895);
#581=PLANE('',#5901);
#582=PLANE('',#5904);
#583=PLANE('',#5907);
#584=PLANE('',#5908);
#585=ELLIPSE('',#5684,0.101956042118047,0.1);
#586=ELLIPSE('',#5687,0.101956042118047,0.1);
#587=ELLIPSE('',#5711,0.101956042118047,0.1);
#588=ELLIPSE('',#5720,0.101956042118047,0.1);
#589=SPHERICAL_SURFACE('',#5669,0.1);
#590=SPHERICAL_SURFACE('',#5674,0.1);
#591=SPHERICAL_SURFACE('',#5679,0.1);
#592=SPHERICAL_SURFACE('',#5681,0.1);
#593=SPHERICAL_SURFACE('',#5696,0.1);
#594=SPHERICAL_SURFACE('',#5701,0.1);
#595=SPHERICAL_SURFACE('',#5706,0.1);
#596=SPHERICAL_SURFACE('',#5708,0.1);
#597=FACE_OUTER_BOUND('',#905,.T.);
#598=FACE_OUTER_BOUND('',#906,.T.);
#599=FACE_OUTER_BOUND('',#907,.T.);
#600=FACE_OUTER_BOUND('',#908,.T.);
#601=FACE_OUTER_BOUND('',#909,.T.);
#602=FACE_OUTER_BOUND('',#910,.T.);
#603=FACE_OUTER_BOUND('',#911,.T.);
#604=FACE_OUTER_BOUND('',#912,.T.);
#605=FACE_OUTER_BOUND('',#913,.T.);
#606=FACE_OUTER_BOUND('',#914,.T.);
#607=FACE_OUTER_BOUND('',#915,.T.);
#608=FACE_OUTER_BOUND('',#916,.T.);
#609=FACE_OUTER_BOUND('',#917,.T.);
#610=FACE_OUTER_BOUND('',#918,.T.);
#611=FACE_OUTER_BOUND('',#919,.T.);
#612=FACE_OUTER_BOUND('',#920,.T.);
#613=FACE_OUTER_BOUND('',#921,.T.);
#614=FACE_OUTER_BOUND('',#922,.T.);
#615=FACE_OUTER_BOUND('',#923,.T.);
#616=FACE_OUTER_BOUND('',#924,.T.);
#617=FACE_OUTER_BOUND('',#925,.T.);
#618=FACE_OUTER_BOUND('',#926,.T.);
#619=FACE_OUTER_BOUND('',#927,.T.);
#620=FACE_OUTER_BOUND('',#928,.T.);
#621=FACE_OUTER_BOUND('',#929,.T.);
#622=FACE_OUTER_BOUND('',#930,.T.);
#623=FACE_OUTER_BOUND('',#931,.T.);
#624=FACE_OUTER_BOUND('',#932,.T.);
#625=FACE_OUTER_BOUND('',#933,.T.);
#626=FACE_OUTER_BOUND('',#934,.T.);
#627=FACE_OUTER_BOUND('',#935,.T.);
#628=FACE_OUTER_BOUND('',#936,.T.);
#629=FACE_OUTER_BOUND('',#937,.T.);
#630=FACE_OUTER_BOUND('',#938,.T.);
#631=FACE_OUTER_BOUND('',#939,.T.);
#632=FACE_OUTER_BOUND('',#940,.T.);
#633=FACE_OUTER_BOUND('',#941,.T.);
#634=FACE_OUTER_BOUND('',#942,.T.);
#635=FACE_OUTER_BOUND('',#943,.T.);
#636=FACE_OUTER_BOUND('',#944,.T.);
#637=FACE_OUTER_BOUND('',#945,.T.);
#638=FACE_OUTER_BOUND('',#946,.T.);
#639=FACE_OUTER_BOUND('',#947,.T.);
#640=FACE_OUTER_BOUND('',#948,.T.);
#641=FACE_OUTER_BOUND('',#949,.T.);
#642=FACE_OUTER_BOUND('',#950,.T.);
#643=FACE_OUTER_BOUND('',#951,.T.);
#644=FACE_OUTER_BOUND('',#952,.T.);
#645=FACE_OUTER_BOUND('',#953,.T.);
#646=FACE_OUTER_BOUND('',#954,.T.);
#647=FACE_OUTER_BOUND('',#955,.T.);
#648=FACE_OUTER_BOUND('',#956,.T.);
#649=FACE_OUTER_BOUND('',#957,.T.);
#650=FACE_OUTER_BOUND('',#958,.T.);
#651=FACE_OUTER_BOUND('',#959,.T.);
#652=FACE_OUTER_BOUND('',#960,.T.);
#653=FACE_OUTER_BOUND('',#961,.T.);
#654=FACE_OUTER_BOUND('',#962,.T.);
#655=FACE_OUTER_BOUND('',#963,.T.);
#656=FACE_OUTER_BOUND('',#964,.T.);
#657=FACE_OUTER_BOUND('',#965,.T.);
#658=FACE_OUTER_BOUND('',#966,.T.);
#659=FACE_OUTER_BOUND('',#967,.T.);
#660=FACE_OUTER_BOUND('',#968,.T.);
#661=FACE_OUTER_BOUND('',#969,.T.);
#662=FACE_OUTER_BOUND('',#970,.T.);
#663=FACE_OUTER_BOUND('',#971,.T.);
#664=FACE_OUTER_BOUND('',#972,.T.);
#665=FACE_OUTER_BOUND('',#973,.T.);
#666=FACE_OUTER_BOUND('',#974,.T.);
#667=FACE_OUTER_BOUND('',#975,.T.);
#668=FACE_OUTER_BOUND('',#976,.T.);
#669=FACE_OUTER_BOUND('',#977,.T.);
#670=FACE_OUTER_BOUND('',#978,.T.);
#671=FACE_OUTER_BOUND('',#979,.T.);
#672=FACE_OUTER_BOUND('',#980,.T.);
#673=FACE_OUTER_BOUND('',#981,.T.);
#674=FACE_OUTER_BOUND('',#982,.T.);
#675=FACE_OUTER_BOUND('',#983,.T.);
#676=FACE_OUTER_BOUND('',#984,.T.);
#677=FACE_OUTER_BOUND('',#985,.T.);
#678=FACE_OUTER_BOUND('',#986,.T.);
#679=FACE_OUTER_BOUND('',#987,.T.);
#680=FACE_OUTER_BOUND('',#988,.T.);
#681=FACE_OUTER_BOUND('',#989,.T.);
#682=FACE_OUTER_BOUND('',#990,.T.);
#683=FACE_OUTER_BOUND('',#991,.T.);
#684=FACE_OUTER_BOUND('',#992,.T.);
#685=FACE_OUTER_BOUND('',#993,.T.);
#686=FACE_OUTER_BOUND('',#994,.T.);
#687=FACE_OUTER_BOUND('',#995,.T.);
#688=FACE_OUTER_BOUND('',#996,.T.);
#689=FACE_OUTER_BOUND('',#997,.T.);
#690=FACE_OUTER_BOUND('',#998,.T.);
#691=FACE_OUTER_BOUND('',#999,.T.);
#692=FACE_OUTER_BOUND('',#1000,.T.);
#693=FACE_OUTER_BOUND('',#1001,.T.);
#694=FACE_OUTER_BOUND('',#1002,.T.);
#695=FACE_OUTER_BOUND('',#1003,.T.);
#696=FACE_OUTER_BOUND('',#1004,.T.);
#697=FACE_OUTER_BOUND('',#1005,.T.);
#698=FACE_OUTER_BOUND('',#1006,.T.);
#699=FACE_OUTER_BOUND('',#1007,.T.);
#700=FACE_OUTER_BOUND('',#1008,.T.);
#701=FACE_OUTER_BOUND('',#1009,.T.);
#702=FACE_OUTER_BOUND('',#1010,.T.);
#703=FACE_OUTER_BOUND('',#1011,.T.);
#704=FACE_OUTER_BOUND('',#1012,.T.);
#705=FACE_OUTER_BOUND('',#1013,.T.);
#706=FACE_OUTER_BOUND('',#1014,.T.);
#707=FACE_OUTER_BOUND('',#1015,.T.);
#708=FACE_OUTER_BOUND('',#1016,.T.);
#709=FACE_OUTER_BOUND('',#1017,.T.);
#710=FACE_OUTER_BOUND('',#1018,.T.);
#711=FACE_OUTER_BOUND('',#1019,.T.);
#712=FACE_OUTER_BOUND('',#1020,.T.);
#713=FACE_OUTER_BOUND('',#1021,.T.);
#714=FACE_OUTER_BOUND('',#1022,.T.);
#715=FACE_OUTER_BOUND('',#1023,.T.);
#716=FACE_OUTER_BOUND('',#1026,.T.);
#717=FACE_OUTER_BOUND('',#1029,.T.);
#718=FACE_OUTER_BOUND('',#1030,.T.);
#719=FACE_OUTER_BOUND('',#1031,.T.);
#720=FACE_OUTER_BOUND('',#1032,.T.);
#721=FACE_OUTER_BOUND('',#1033,.T.);
#722=FACE_OUTER_BOUND('',#1034,.T.);
#723=FACE_OUTER_BOUND('',#1035,.T.);
#724=FACE_OUTER_BOUND('',#1036,.T.);
#725=FACE_OUTER_BOUND('',#1037,.T.);
#726=FACE_OUTER_BOUND('',#1038,.T.);
#727=FACE_OUTER_BOUND('',#1039,.T.);
#728=FACE_OUTER_BOUND('',#1040,.T.);
#729=FACE_OUTER_BOUND('',#1041,.T.);
#730=FACE_OUTER_BOUND('',#1042,.T.);
#731=FACE_OUTER_BOUND('',#1043,.T.);
#732=FACE_OUTER_BOUND('',#1044,.T.);
#733=FACE_OUTER_BOUND('',#1045,.T.);
#734=FACE_OUTER_BOUND('',#1046,.T.);
#735=FACE_OUTER_BOUND('',#1047,.T.);
#736=FACE_OUTER_BOUND('',#1048,.T.);
#737=FACE_OUTER_BOUND('',#1049,.T.);
#738=FACE_OUTER_BOUND('',#1050,.T.);
#739=FACE_OUTER_BOUND('',#1051,.T.);
#740=FACE_OUTER_BOUND('',#1052,.T.);
#741=FACE_OUTER_BOUND('',#1053,.T.);
#742=FACE_OUTER_BOUND('',#1054,.T.);
#743=FACE_OUTER_BOUND('',#1055,.T.);
#744=FACE_OUTER_BOUND('',#1056,.T.);
#745=FACE_OUTER_BOUND('',#1057,.T.);
#746=FACE_OUTER_BOUND('',#1058,.T.);
#747=FACE_OUTER_BOUND('',#1059,.T.);
#748=FACE_OUTER_BOUND('',#1060,.T.);
#749=FACE_OUTER_BOUND('',#1061,.T.);
#750=FACE_OUTER_BOUND('',#1062,.T.);
#751=FACE_OUTER_BOUND('',#1063,.T.);
#752=FACE_OUTER_BOUND('',#1064,.T.);
#753=FACE_OUTER_BOUND('',#1065,.T.);
#754=FACE_OUTER_BOUND('',#1066,.T.);
#755=FACE_OUTER_BOUND('',#1067,.T.);
#756=FACE_OUTER_BOUND('',#1068,.T.);
#757=FACE_OUTER_BOUND('',#1069,.T.);
#758=FACE_OUTER_BOUND('',#1070,.T.);
#759=FACE_OUTER_BOUND('',#1072,.T.);
#760=FACE_OUTER_BOUND('',#1074,.T.);
#761=FACE_OUTER_BOUND('',#1075,.T.);
#762=FACE_OUTER_BOUND('',#1076,.T.);
#763=FACE_OUTER_BOUND('',#1077,.T.);
#764=FACE_OUTER_BOUND('',#1078,.T.);
#765=FACE_OUTER_BOUND('',#1079,.T.);
#766=FACE_OUTER_BOUND('',#1080,.T.);
#767=FACE_OUTER_BOUND('',#1081,.T.);
#768=FACE_OUTER_BOUND('',#1082,.T.);
#769=FACE_OUTER_BOUND('',#1083,.T.);
#770=FACE_OUTER_BOUND('',#1084,.T.);
#771=FACE_OUTER_BOUND('',#1085,.T.);
#772=FACE_OUTER_BOUND('',#1086,.T.);
#773=FACE_OUTER_BOUND('',#1087,.T.);
#774=FACE_OUTER_BOUND('',#1088,.T.);
#775=FACE_OUTER_BOUND('',#1089,.T.);
#776=FACE_OUTER_BOUND('',#1090,.T.);
#777=FACE_OUTER_BOUND('',#1091,.T.);
#778=FACE_OUTER_BOUND('',#1092,.T.);
#779=FACE_OUTER_BOUND('',#1093,.T.);
#780=FACE_OUTER_BOUND('',#1094,.T.);
#781=FACE_OUTER_BOUND('',#1095,.T.);
#782=FACE_OUTER_BOUND('',#1096,.T.);
#783=FACE_OUTER_BOUND('',#1097,.T.);
#784=FACE_OUTER_BOUND('',#1098,.T.);
#785=FACE_OUTER_BOUND('',#1099,.T.);
#786=FACE_OUTER_BOUND('',#1100,.T.);
#787=FACE_OUTER_BOUND('',#1101,.T.);
#788=FACE_OUTER_BOUND('',#1102,.T.);
#789=FACE_OUTER_BOUND('',#1103,.T.);
#790=FACE_OUTER_BOUND('',#1104,.T.);
#791=FACE_OUTER_BOUND('',#1105,.T.);
#792=FACE_OUTER_BOUND('',#1106,.T.);
#793=FACE_OUTER_BOUND('',#1107,.T.);
#794=FACE_OUTER_BOUND('',#1108,.T.);
#795=FACE_OUTER_BOUND('',#1109,.T.);
#796=FACE_OUTER_BOUND('',#1110,.T.);
#797=FACE_OUTER_BOUND('',#1111,.T.);
#798=FACE_OUTER_BOUND('',#1112,.T.);
#799=FACE_OUTER_BOUND('',#1113,.T.);
#800=FACE_OUTER_BOUND('',#1114,.T.);
#801=FACE_OUTER_BOUND('',#1115,.T.);
#802=FACE_OUTER_BOUND('',#1116,.T.);
#803=FACE_OUTER_BOUND('',#1117,.T.);
#804=FACE_OUTER_BOUND('',#1118,.T.);
#805=FACE_OUTER_BOUND('',#1119,.T.);
#806=FACE_OUTER_BOUND('',#1120,.T.);
#807=FACE_OUTER_BOUND('',#1121,.T.);
#808=FACE_OUTER_BOUND('',#1122,.T.);
#809=FACE_OUTER_BOUND('',#1123,.T.);
#810=FACE_OUTER_BOUND('',#1124,.T.);
#811=FACE_OUTER_BOUND('',#1125,.T.);
#812=FACE_OUTER_BOUND('',#1126,.T.);
#813=FACE_OUTER_BOUND('',#1127,.T.);
#814=FACE_OUTER_BOUND('',#1128,.T.);
#815=FACE_OUTER_BOUND('',#1129,.T.);
#816=FACE_OUTER_BOUND('',#1130,.T.);
#817=FACE_OUTER_BOUND('',#1131,.T.);
#818=FACE_OUTER_BOUND('',#1132,.T.);
#819=FACE_OUTER_BOUND('',#1133,.T.);
#820=FACE_OUTER_BOUND('',#1134,.T.);
#821=FACE_OUTER_BOUND('',#1135,.T.);
#822=FACE_OUTER_BOUND('',#1136,.T.);
#823=FACE_OUTER_BOUND('',#1137,.T.);
#824=FACE_OUTER_BOUND('',#1138,.T.);
#825=FACE_OUTER_BOUND('',#1139,.T.);
#826=FACE_OUTER_BOUND('',#1140,.T.);
#827=FACE_OUTER_BOUND('',#1141,.T.);
#828=FACE_OUTER_BOUND('',#1142,.T.);
#829=FACE_OUTER_BOUND('',#1143,.T.);
#830=FACE_OUTER_BOUND('',#1144,.T.);
#831=FACE_OUTER_BOUND('',#1145,.T.);
#832=FACE_OUTER_BOUND('',#1146,.T.);
#833=FACE_OUTER_BOUND('',#1147,.T.);
#834=FACE_OUTER_BOUND('',#1148,.T.);
#835=FACE_OUTER_BOUND('',#1149,.T.);
#836=FACE_OUTER_BOUND('',#1150,.T.);
#837=FACE_OUTER_BOUND('',#1151,.T.);
#838=FACE_OUTER_BOUND('',#1152,.T.);
#839=FACE_OUTER_BOUND('',#1153,.T.);
#840=FACE_OUTER_BOUND('',#1154,.T.);
#841=FACE_OUTER_BOUND('',#1155,.T.);
#842=FACE_OUTER_BOUND('',#1156,.T.);
#843=FACE_OUTER_BOUND('',#1157,.T.);
#844=FACE_OUTER_BOUND('',#1158,.T.);
#845=FACE_OUTER_BOUND('',#1159,.T.);
#846=FACE_OUTER_BOUND('',#1160,.T.);
#847=FACE_OUTER_BOUND('',#1161,.T.);
#848=FACE_OUTER_BOUND('',#1162,.T.);
#849=FACE_OUTER_BOUND('',#1163,.T.);
#850=FACE_OUTER_BOUND('',#1164,.T.);
#851=FACE_OUTER_BOUND('',#1165,.T.);
#852=FACE_OUTER_BOUND('',#1166,.T.);
#853=FACE_OUTER_BOUND('',#1167,.T.);
#854=FACE_OUTER_BOUND('',#1168,.T.);
#855=FACE_OUTER_BOUND('',#1169,.T.);
#856=FACE_OUTER_BOUND('',#1170,.T.);
#857=FACE_OUTER_BOUND('',#1171,.T.);
#858=FACE_OUTER_BOUND('',#1172,.T.);
#859=FACE_OUTER_BOUND('',#1173,.T.);
#860=FACE_OUTER_BOUND('',#1174,.T.);
#861=FACE_OUTER_BOUND('',#1175,.T.);
#862=FACE_OUTER_BOUND('',#1176,.T.);
#863=FACE_OUTER_BOUND('',#1177,.T.);
#864=FACE_OUTER_BOUND('',#1178,.T.);
#865=FACE_OUTER_BOUND('',#1179,.T.);
#866=FACE_OUTER_BOUND('',#1180,.T.);
#867=FACE_OUTER_BOUND('',#1181,.T.);
#868=FACE_OUTER_BOUND('',#1182,.T.);
#869=FACE_OUTER_BOUND('',#1183,.T.);
#870=FACE_OUTER_BOUND('',#1184,.T.);
#871=FACE_OUTER_BOUND('',#1185,.T.);
#872=FACE_OUTER_BOUND('',#1186,.T.);
#873=FACE_OUTER_BOUND('',#1187,.T.);
#874=FACE_OUTER_BOUND('',#1188,.T.);
#875=FACE_OUTER_BOUND('',#1189,.T.);
#876=FACE_OUTER_BOUND('',#1190,.T.);
#877=FACE_OUTER_BOUND('',#1191,.T.);
#878=FACE_OUTER_BOUND('',#1192,.T.);
#879=FACE_OUTER_BOUND('',#1193,.T.);
#880=FACE_OUTER_BOUND('',#1194,.T.);
#881=FACE_OUTER_BOUND('',#1195,.T.);
#882=FACE_OUTER_BOUND('',#1196,.T.);
#883=FACE_OUTER_BOUND('',#1197,.T.);
#884=FACE_OUTER_BOUND('',#1198,.T.);
#885=FACE_OUTER_BOUND('',#1199,.T.);
#886=FACE_OUTER_BOUND('',#1200,.T.);
#887=FACE_OUTER_BOUND('',#1201,.T.);
#888=FACE_OUTER_BOUND('',#1202,.T.);
#889=FACE_OUTER_BOUND('',#1203,.T.);
#890=FACE_OUTER_BOUND('',#1204,.T.);
#891=FACE_OUTER_BOUND('',#1205,.T.);
#892=FACE_OUTER_BOUND('',#1206,.T.);
#893=FACE_OUTER_BOUND('',#1207,.T.);
#894=FACE_OUTER_BOUND('',#1209,.T.);
#895=FACE_OUTER_BOUND('',#1211,.T.);
#896=FACE_OUTER_BOUND('',#1212,.T.);
#897=FACE_OUTER_BOUND('',#1213,.T.);
#898=FACE_OUTER_BOUND('',#1214,.T.);
#899=FACE_OUTER_BOUND('',#1215,.T.);
#900=FACE_OUTER_BOUND('',#1216,.T.);
#901=FACE_OUTER_BOUND('',#1217,.T.);
#902=FACE_OUTER_BOUND('',#1218,.T.);
#903=FACE_OUTER_BOUND('',#1219,.T.);
#904=FACE_OUTER_BOUND('',#1220,.T.);
#905=EDGE_LOOP('',(#3659,#3660,#3661,#3662));
#906=EDGE_LOOP('',(#3663,#3664,#3665,#3666));
#907=EDGE_LOOP('',(#3667,#3668,#3669));
#908=EDGE_LOOP('',(#3670,#3671,#3672,#3673));
#909=EDGE_LOOP('',(#3674,#3675,#3676));
#910=EDGE_LOOP('',(#3677,#3678,#3679,#3680));
#911=EDGE_LOOP('',(#3681,#3682,#3683));
#912=EDGE_LOOP('',(#3684,#3685,#3686));
#913=EDGE_LOOP('',(#3687,#3688,#3689,#3690));
#914=EDGE_LOOP('',(#3691,#3692,#3693,#3694));
#915=EDGE_LOOP('',(#3695,#3696,#3697,#3698));
#916=EDGE_LOOP('',(#3699,#3700,#3701,#3702));
#917=EDGE_LOOP('',(#3703,#3704,#3705,#3706));
#918=EDGE_LOOP('',(#3707,#3708,#3709,#3710));
#919=EDGE_LOOP('',(#3711,#3712,#3713,#3714));
#920=EDGE_LOOP('',(#3715,#3716,#3717));
#921=EDGE_LOOP('',(#3718,#3719,#3720,#3721));
#922=EDGE_LOOP('',(#3722,#3723,#3724));
#923=EDGE_LOOP('',(#3725,#3726,#3727,#3728));
#924=EDGE_LOOP('',(#3729,#3730,#3731));
#925=EDGE_LOOP('',(#3732,#3733,#3734));
#926=EDGE_LOOP('',(#3735,#3736,#3737,#3738));
#927=EDGE_LOOP('',(#3739,#3740,#3741,#3742));
#928=EDGE_LOOP('',(#3743,#3744,#3745,#3746));
#929=EDGE_LOOP('',(#3747,#3748,#3749,#3750));
#930=EDGE_LOOP('',(#3751,#3752,#3753,#3754));
#931=EDGE_LOOP('',(#3755,#3756,#3757,#3758));
#932=EDGE_LOOP('',(#3759,#3760,#3761,#3762));
#933=EDGE_LOOP('',(#3763,#3764,#3765,#3766));
#934=EDGE_LOOP('',(#3767,#3768,#3769,#3770));
#935=EDGE_LOOP('',(#3771,#3772,#3773,#3774));
#936=EDGE_LOOP('',(#3775,#3776,#3777,#3778));
#937=EDGE_LOOP('',(#3779,#3780,#3781,#3782));
#938=EDGE_LOOP('',(#3783,#3784,#3785,#3786));
#939=EDGE_LOOP('',(#3787,#3788,#3789,#3790));
#940=EDGE_LOOP('',(#3791,#3792,#3793,#3794,#3795,#3796,#3797,#3798,#3799,
#3800,#3801,#3802));
#941=EDGE_LOOP('',(#3803,#3804,#3805,#3806));
#942=EDGE_LOOP('',(#3807,#3808,#3809,#3810));
#943=EDGE_LOOP('',(#3811,#3812,#3813,#3814,#3815,#3816,#3817,#3818,#3819,
#3820,#3821,#3822));
#944=EDGE_LOOP('',(#3823,#3824,#3825,#3826));
#945=EDGE_LOOP('',(#3827,#3828,#3829,#3830));
#946=EDGE_LOOP('',(#3831,#3832,#3833,#3834));
#947=EDGE_LOOP('',(#3835,#3836,#3837,#3838));
#948=EDGE_LOOP('',(#3839,#3840,#3841,#3842));
#949=EDGE_LOOP('',(#3843,#3844,#3845,#3846));
#950=EDGE_LOOP('',(#3847,#3848,#3849,#3850));
#951=EDGE_LOOP('',(#3851,#3852,#3853,#3854));
#952=EDGE_LOOP('',(#3855,#3856,#3857,#3858));
#953=EDGE_LOOP('',(#3859,#3860,#3861,#3862));
#954=EDGE_LOOP('',(#3863,#3864,#3865,#3866));
#955=EDGE_LOOP('',(#3867,#3868,#3869,#3870));
#956=EDGE_LOOP('',(#3871,#3872,#3873,#3874));
#957=EDGE_LOOP('',(#3875,#3876,#3877,#3878));
#958=EDGE_LOOP('',(#3879,#3880,#3881,#3882));
#959=EDGE_LOOP('',(#3883,#3884,#3885,#3886));
#960=EDGE_LOOP('',(#3887,#3888,#3889,#3890));
#961=EDGE_LOOP('',(#3891,#3892,#3893,#3894));
#962=EDGE_LOOP('',(#3895,#3896,#3897,#3898,#3899,#3900,#3901,#3902,#3903,
#3904,#3905,#3906));
#963=EDGE_LOOP('',(#3907,#3908,#3909,#3910));
#964=EDGE_LOOP('',(#3911,#3912,#3913,#3914));
#965=EDGE_LOOP('',(#3915,#3916,#3917,#3918,#3919,#3920,#3921,#3922,#3923,
#3924,#3925,#3926));
#966=EDGE_LOOP('',(#3927,#3928,#3929,#3930));
#967=EDGE_LOOP('',(#3931,#3932,#3933,#3934));
#968=EDGE_LOOP('',(#3935,#3936,#3937,#3938,#3939,#3940,#3941,#3942,#3943,
#3944,#3945,#3946));
#969=EDGE_LOOP('',(#3947,#3948,#3949,#3950));
#970=EDGE_LOOP('',(#3951,#3952,#3953,#3954));
#971=EDGE_LOOP('',(#3955,#3956,#3957,#3958));
#972=EDGE_LOOP('',(#3959,#3960,#3961,#3962));
#973=EDGE_LOOP('',(#3963,#3964,#3965,#3966));
#974=EDGE_LOOP('',(#3967,#3968,#3969,#3970));
#975=EDGE_LOOP('',(#3971,#3972,#3973,#3974));
#976=EDGE_LOOP('',(#3975,#3976,#3977,#3978,#3979,#3980,#3981,#3982,#3983,
#3984,#3985,#3986));
#977=EDGE_LOOP('',(#3987,#3988,#3989,#3990));
#978=EDGE_LOOP('',(#3991,#3992,#3993,#3994));
#979=EDGE_LOOP('',(#3995,#3996,#3997,#3998));
#980=EDGE_LOOP('',(#3999,#4000,#4001,#4002));
#981=EDGE_LOOP('',(#4003,#4004,#4005,#4006));
#982=EDGE_LOOP('',(#4007,#4008,#4009,#4010));
#983=EDGE_LOOP('',(#4011,#4012,#4013,#4014));
#984=EDGE_LOOP('',(#4015,#4016,#4017,#4018));
#985=EDGE_LOOP('',(#4019,#4020,#4021,#4022));
#986=EDGE_LOOP('',(#4023,#4024,#4025,#4026));
#987=EDGE_LOOP('',(#4027,#4028,#4029,#4030));
#988=EDGE_LOOP('',(#4031,#4032,#4033,#4034));
#989=EDGE_LOOP('',(#4035,#4036,#4037,#4038));
#990=EDGE_LOOP('',(#4039,#4040,#4041,#4042));
#991=EDGE_LOOP('',(#4043,#4044,#4045,#4046));
#992=EDGE_LOOP('',(#4047,#4048,#4049,#4050));
#993=EDGE_LOOP('',(#4051,#4052,#4053,#4054));
#994=EDGE_LOOP('',(#4055,#4056,#4057,#4058));
#995=EDGE_LOOP('',(#4059,#4060,#4061,#4062));
#996=EDGE_LOOP('',(#4063,#4064,#4065,#4066));
#997=EDGE_LOOP('',(#4067,#4068,#4069,#4070));
#998=EDGE_LOOP('',(#4071,#4072,#4073,#4074));
#999=EDGE_LOOP('',(#4075,#4076,#4077,#4078));
#1000=EDGE_LOOP('',(#4079,#4080,#4081,#4082));
#1001=EDGE_LOOP('',(#4083,#4084,#4085,#4086));
#1002=EDGE_LOOP('',(#4087,#4088,#4089,#4090));
#1003=EDGE_LOOP('',(#4091,#4092,#4093,#4094));
#1004=EDGE_LOOP('',(#4095,#4096,#4097,#4098));
#1005=EDGE_LOOP('',(#4099,#4100,#4101,#4102));
#1006=EDGE_LOOP('',(#4103,#4104,#4105,#4106));
#1007=EDGE_LOOP('',(#4107,#4108,#4109,#4110));
#1008=EDGE_LOOP('',(#4111,#4112,#4113,#4114));
#1009=EDGE_LOOP('',(#4115,#4116,#4117,#4118));
#1010=EDGE_LOOP('',(#4119,#4120,#4121,#4122));
#1011=EDGE_LOOP('',(#4123,#4124,#4125,#4126));
#1012=EDGE_LOOP('',(#4127,#4128,#4129,#4130));
#1013=EDGE_LOOP('',(#4131,#4132,#4133,#4134));
#1014=EDGE_LOOP('',(#4135,#4136,#4137,#4138));
#1015=EDGE_LOOP('',(#4139,#4140,#4141,#4142));
#1016=EDGE_LOOP('',(#4143,#4144,#4145,#4146));
#1017=EDGE_LOOP('',(#4147,#4148,#4149,#4150));
#1018=EDGE_LOOP('',(#4151,#4152,#4153,#4154));
#1019=EDGE_LOOP('',(#4155,#4156,#4157,#4158));
#1020=EDGE_LOOP('',(#4159,#4160,#4161,#4162));
#1021=EDGE_LOOP('',(#4163,#4164,#4165,#4166));
#1022=EDGE_LOOP('',(#4167,#4168,#4169,#4170));
#1023=EDGE_LOOP('',(#4171,#4172,#4173,#4174,#4175,#4176,#4177,#4178,#4179,
#4180,#4181,#4182,#4183,#4184,#4185,#4186,#4187,#4188,#4189,#4190,#4191,
#4192,#4193,#4194));
#1024=EDGE_LOOP('',(#4195,#4196,#4197,#4198,#4199,#4200,#4201,#4202));
#1025=EDGE_LOOP('',(#4203,#4204,#4205,#4206,#4207,#4208,#4209,#4210,#4211,
#4212));
#1026=EDGE_LOOP('',(#4213,#4214,#4215,#4216,#4217,#4218,#4219,#4220,#4221,
#4222,#4223,#4224,#4225,#4226,#4227,#4228,#4229,#4230,#4231,#4232,#4233,
#4234,#4235,#4236));
#1027=EDGE_LOOP('',(#4237,#4238,#4239,#4240,#4241,#4242,#4243,#4244));
#1028=EDGE_LOOP('',(#4245,#4246,#4247,#4248,#4249,#4250,#4251,#4252,#4253,
#4254));
#1029=EDGE_LOOP('',(#4255,#4256,#4257,#4258));
#1030=EDGE_LOOP('',(#4259,#4260,#4261,#4262));
#1031=EDGE_LOOP('',(#4263,#4264,#4265,#4266));
#1032=EDGE_LOOP('',(#4267,#4268,#4269,#4270));
#1033=EDGE_LOOP('',(#4271,#4272,#4273,#4274));
#1034=EDGE_LOOP('',(#4275,#4276,#4277,#4278));
#1035=EDGE_LOOP('',(#4279,#4280,#4281,#4282));
#1036=EDGE_LOOP('',(#4283,#4284,#4285,#4286));
#1037=EDGE_LOOP('',(#4287,#4288,#4289,#4290));
#1038=EDGE_LOOP('',(#4291,#4292,#4293,#4294));
#1039=EDGE_LOOP('',(#4295,#4296,#4297,#4298));
#1040=EDGE_LOOP('',(#4299,#4300,#4301,#4302));
#1041=EDGE_LOOP('',(#4303,#4304,#4305,#4306));
#1042=EDGE_LOOP('',(#4307,#4308,#4309,#4310));
#1043=EDGE_LOOP('',(#4311,#4312,#4313,#4314));
#1044=EDGE_LOOP('',(#4315,#4316,#4317,#4318));
#1045=EDGE_LOOP('',(#4319,#4320,#4321,#4322));
#1046=EDGE_LOOP('',(#4323,#4324,#4325,#4326));
#1047=EDGE_LOOP('',(#4327,#4328,#4329,#4330));
#1048=EDGE_LOOP('',(#4331,#4332,#4333,#4334));
#1049=EDGE_LOOP('',(#4335,#4336,#4337,#4338));
#1050=EDGE_LOOP('',(#4339,#4340,#4341,#4342));
#1051=EDGE_LOOP('',(#4343,#4344,#4345,#4346));
#1052=EDGE_LOOP('',(#4347,#4348,#4349,#4350));
#1053=EDGE_LOOP('',(#4351,#4352,#4353,#4354));
#1054=EDGE_LOOP('',(#4355,#4356,#4357,#4358));
#1055=EDGE_LOOP('',(#4359,#4360,#4361,#4362));
#1056=EDGE_LOOP('',(#4363,#4364,#4365,#4366));
#1057=EDGE_LOOP('',(#4367,#4368,#4369,#4370));
#1058=EDGE_LOOP('',(#4371,#4372,#4373,#4374));
#1059=EDGE_LOOP('',(#4375,#4376,#4377,#4378));
#1060=EDGE_LOOP('',(#4379,#4380,#4381,#4382));
#1061=EDGE_LOOP('',(#4383,#4384,#4385,#4386));
#1062=EDGE_LOOP('',(#4387,#4388,#4389,#4390));
#1063=EDGE_LOOP('',(#4391,#4392,#4393,#4394));
#1064=EDGE_LOOP('',(#4395,#4396,#4397,#4398));
#1065=EDGE_LOOP('',(#4399,#4400,#4401,#4402));
#1066=EDGE_LOOP('',(#4403,#4404,#4405,#4406));
#1067=EDGE_LOOP('',(#4407,#4408,#4409,#4410));
#1068=EDGE_LOOP('',(#4411,#4412,#4413,#4414));
#1069=EDGE_LOOP('',(#4415,#4416,#4417,#4418));
#1070=EDGE_LOOP('',(#4419,#4420,#4421,#4422,#4423,#4424,#4425,#4426,#4427,
#4428,#4429,#4430,#4431,#4432,#4433,#4434,#4435,#4436,#4437,#4438,#4439,
#4440,#4441,#4442,#4443,#4444,#4445,#4446,#4447,#4448,#4449,#4450,#4451,
#4452));
#1071=EDGE_LOOP('',(#4453,#4454,#4455,#4456,#4457,#4458,#4459));
#1072=EDGE_LOOP('',(#4460,#4461,#4462,#4463,#4464,#4465,#4466,#4467,#4468,
#4469,#4470,#4471,#4472,#4473,#4474,#4475,#4476,#4477,#4478,#4479,#4480,
#4481,#4482,#4483,#4484,#4485,#4486,#4487,#4488,#4489,#4490,#4491,#4492,
#4493));
#1073=EDGE_LOOP('',(#4494,#4495,#4496,#4497,#4498,#4499,#4500));
#1074=EDGE_LOOP('',(#4501,#4502,#4503,#4504));
#1075=EDGE_LOOP('',(#4505,#4506,#4507,#4508));
#1076=EDGE_LOOP('',(#4509,#4510,#4511,#4512));
#1077=EDGE_LOOP('',(#4513,#4514,#4515,#4516));
#1078=EDGE_LOOP('',(#4517,#4518,#4519,#4520));
#1079=EDGE_LOOP('',(#4521,#4522,#4523,#4524));
#1080=EDGE_LOOP('',(#4525,#4526,#4527,#4528));
#1081=EDGE_LOOP('',(#4529,#4530,#4531,#4532));
#1082=EDGE_LOOP('',(#4533,#4534,#4535,#4536));
#1083=EDGE_LOOP('',(#4537,#4538,#4539,#4540));
#1084=EDGE_LOOP('',(#4541,#4542,#4543,#4544));
#1085=EDGE_LOOP('',(#4545,#4546,#4547,#4548));
#1086=EDGE_LOOP('',(#4549,#4550,#4551,#4552));
#1087=EDGE_LOOP('',(#4553,#4554,#4555,#4556));
#1088=EDGE_LOOP('',(#4557,#4558,#4559,#4560));
#1089=EDGE_LOOP('',(#4561,#4562,#4563,#4564));
#1090=EDGE_LOOP('',(#4565,#4566,#4567,#4568));
#1091=EDGE_LOOP('',(#4569,#4570,#4571,#4572));
#1092=EDGE_LOOP('',(#4573,#4574,#4575,#4576));
#1093=EDGE_LOOP('',(#4577,#4578,#4579,#4580));
#1094=EDGE_LOOP('',(#4581,#4582,#4583,#4584));
#1095=EDGE_LOOP('',(#4585,#4586,#4587,#4588));
#1096=EDGE_LOOP('',(#4589,#4590,#4591,#4592));
#1097=EDGE_LOOP('',(#4593,#4594,#4595,#4596));
#1098=EDGE_LOOP('',(#4597,#4598,#4599,#4600));
#1099=EDGE_LOOP('',(#4601,#4602,#4603,#4604));
#1100=EDGE_LOOP('',(#4605,#4606,#4607,#4608));
#1101=EDGE_LOOP('',(#4609,#4610,#4611,#4612));
#1102=EDGE_LOOP('',(#4613,#4614,#4615,#4616));
#1103=EDGE_LOOP('',(#4617,#4618,#4619,#4620));
#1104=EDGE_LOOP('',(#4621,#4622,#4623,#4624));
#1105=EDGE_LOOP('',(#4625,#4626,#4627,#4628));
#1106=EDGE_LOOP('',(#4629,#4630,#4631,#4632));
#1107=EDGE_LOOP('',(#4633,#4634,#4635,#4636));
#1108=EDGE_LOOP('',(#4637,#4638,#4639,#4640));
#1109=EDGE_LOOP('',(#4641,#4642,#4643,#4644));
#1110=EDGE_LOOP('',(#4645,#4646,#4647,#4648));
#1111=EDGE_LOOP('',(#4649,#4650,#4651,#4652));
#1112=EDGE_LOOP('',(#4653,#4654,#4655,#4656));
#1113=EDGE_LOOP('',(#4657,#4658,#4659,#4660));
#1114=EDGE_LOOP('',(#4661,#4662,#4663,#4664));
#1115=EDGE_LOOP('',(#4665,#4666,#4667,#4668));
#1116=EDGE_LOOP('',(#4669,#4670,#4671,#4672,#4673,#4674,#4675,#4676,#4677,
#4678,#4679,#4680,#4681,#4682,#4683,#4684,#4685,#4686,#4687,#4688,#4689,
#4690,#4691,#4692,#4693,#4694,#4695,#4696,#4697,#4698,#4699,#4700,#4701,
#4702,#4703,#4704,#4705,#4706,#4707,#4708,#4709,#4710));
#1117=EDGE_LOOP('',(#4711,#4712,#4713,#4714,#4715,#4716,#4717,#4718,#4719,
#4720,#4721,#4722,#4723,#4724,#4725,#4726,#4727,#4728,#4729,#4730,#4731,
#4732,#4733,#4734,#4735,#4736,#4737,#4738,#4739,#4740,#4741,#4742,#4743,
#4744,#4745,#4746,#4747,#4748,#4749,#4750,#4751,#4752));
#1118=EDGE_LOOP('',(#4753,#4754,#4755,#4756));
#1119=EDGE_LOOP('',(#4757,#4758,#4759,#4760));
#1120=EDGE_LOOP('',(#4761,#4762,#4763,#4764));
#1121=EDGE_LOOP('',(#4765,#4766,#4767,#4768));
#1122=EDGE_LOOP('',(#4769,#4770,#4771,#4772));
#1123=EDGE_LOOP('',(#4773,#4774,#4775,#4776));
#1124=EDGE_LOOP('',(#4777,#4778,#4779,#4780));
#1125=EDGE_LOOP('',(#4781,#4782,#4783,#4784));
#1126=EDGE_LOOP('',(#4785,#4786,#4787,#4788));
#1127=EDGE_LOOP('',(#4789,#4790,#4791,#4792));
#1128=EDGE_LOOP('',(#4793,#4794,#4795,#4796));
#1129=EDGE_LOOP('',(#4797,#4798,#4799,#4800));
#1130=EDGE_LOOP('',(#4801,#4802,#4803,#4804));
#1131=EDGE_LOOP('',(#4805,#4806,#4807,#4808));
#1132=EDGE_LOOP('',(#4809,#4810,#4811,#4812));
#1133=EDGE_LOOP('',(#4813,#4814,#4815,#4816));
#1134=EDGE_LOOP('',(#4817,#4818,#4819,#4820));
#1135=EDGE_LOOP('',(#4821,#4822,#4823,#4824));
#1136=EDGE_LOOP('',(#4825,#4826,#4827,#4828));
#1137=EDGE_LOOP('',(#4829,#4830,#4831,#4832));
#1138=EDGE_LOOP('',(#4833,#4834,#4835,#4836));
#1139=EDGE_LOOP('',(#4837,#4838,#4839,#4840));
#1140=EDGE_LOOP('',(#4841,#4842,#4843,#4844));
#1141=EDGE_LOOP('',(#4845,#4846,#4847,#4848));
#1142=EDGE_LOOP('',(#4849,#4850,#4851,#4852));
#1143=EDGE_LOOP('',(#4853,#4854,#4855,#4856));
#1144=EDGE_LOOP('',(#4857,#4858,#4859,#4860,#4861,#4862,#4863,#4864,#4865,
#4866,#4867,#4868,#4869,#4870,#4871,#4872,#4873,#4874,#4875,#4876,#4877,
#4878,#4879,#4880,#4881,#4882));
#1145=EDGE_LOOP('',(#4883,#4884,#4885,#4886,#4887,#4888,#4889,#4890,#4891,
#4892,#4893,#4894,#4895,#4896,#4897,#4898,#4899,#4900,#4901,#4902,#4903,
#4904,#4905,#4906,#4907,#4908));
#1146=EDGE_LOOP('',(#4909,#4910,#4911,#4912));
#1147=EDGE_LOOP('',(#4913,#4914,#4915,#4916));
#1148=EDGE_LOOP('',(#4917,#4918,#4919,#4920));
#1149=EDGE_LOOP('',(#4921,#4922,#4923,#4924));
#1150=EDGE_LOOP('',(#4925,#4926,#4927,#4928));
#1151=EDGE_LOOP('',(#4929,#4930,#4931,#4932));
#1152=EDGE_LOOP('',(#4933,#4934,#4935,#4936));
#1153=EDGE_LOOP('',(#4937,#4938,#4939,#4940));
#1154=EDGE_LOOP('',(#4941,#4942,#4943,#4944));
#1155=EDGE_LOOP('',(#4945,#4946,#4947,#4948));
#1156=EDGE_LOOP('',(#4949,#4950,#4951,#4952));
#1157=EDGE_LOOP('',(#4953,#4954,#4955,#4956));
#1158=EDGE_LOOP('',(#4957,#4958,#4959,#4960));
#1159=EDGE_LOOP('',(#4961,#4962,#4963,#4964));
#1160=EDGE_LOOP('',(#4965,#4966,#4967,#4968));
#1161=EDGE_LOOP('',(#4969,#4970,#4971,#4972));
#1162=EDGE_LOOP('',(#4973,#4974,#4975,#4976));
#1163=EDGE_LOOP('',(#4977,#4978,#4979,#4980));
#1164=EDGE_LOOP('',(#4981,#4982,#4983,#4984));
#1165=EDGE_LOOP('',(#4985,#4986,#4987,#4988));
#1166=EDGE_LOOP('',(#4989,#4990,#4991,#4992));
#1167=EDGE_LOOP('',(#4993,#4994,#4995,#4996));
#1168=EDGE_LOOP('',(#4997,#4998,#4999,#5000));
#1169=EDGE_LOOP('',(#5001,#5002,#5003,#5004));
#1170=EDGE_LOOP('',(#5005,#5006,#5007,#5008));
#1171=EDGE_LOOP('',(#5009,#5010,#5011,#5012));
#1172=EDGE_LOOP('',(#5013,#5014,#5015,#5016));
#1173=EDGE_LOOP('',(#5017,#5018,#5019,#5020));
#1174=EDGE_LOOP('',(#5021,#5022,#5023,#5024));
#1175=EDGE_LOOP('',(#5025,#5026,#5027,#5028));
#1176=EDGE_LOOP('',(#5029,#5030,#5031,#5032));
#1177=EDGE_LOOP('',(#5033,#5034,#5035,#5036));
#1178=EDGE_LOOP('',(#5037,#5038,#5039,#5040));
#1179=EDGE_LOOP('',(#5041,#5042,#5043,#5044));
#1180=EDGE_LOOP('',(#5045,#5046,#5047,#5048));
#1181=EDGE_LOOP('',(#5049,#5050,#5051,#5052,#5053,#5054,#5055,#5056,#5057,
#5058,#5059,#5060,#5061,#5062,#5063,#5064,#5065,#5066,#5067,#5068,#5069,
#5070,#5071,#5072,#5073,#5074,#5075,#5076,#5077,#5078,#5079,#5080,#5081,
#5082,#5083));
#1182=EDGE_LOOP('',(#5084,#5085,#5086,#5087,#5088,#5089,#5090,#5091,#5092,
#5093,#5094,#5095,#5096,#5097,#5098,#5099,#5100,#5101,#5102,#5103,#5104,
#5105,#5106,#5107,#5108,#5109,#5110,#5111,#5112,#5113,#5114,#5115,#5116,
#5117,#5118));
#1183=EDGE_LOOP('',(#5119,#5120,#5121,#5122));
#1184=EDGE_LOOP('',(#5123,#5124,#5125,#5126));
#1185=EDGE_LOOP('',(#5127,#5128,#5129,#5130));
#1186=EDGE_LOOP('',(#5131,#5132,#5133,#5134));
#1187=EDGE_LOOP('',(#5135,#5136,#5137,#5138));
#1188=EDGE_LOOP('',(#5139,#5140,#5141,#5142));
#1189=EDGE_LOOP('',(#5143,#5144,#5145,#5146));
#1190=EDGE_LOOP('',(#5147,#5148,#5149,#5150));
#1191=EDGE_LOOP('',(#5151,#5152,#5153,#5154));
#1192=EDGE_LOOP('',(#5155,#5156,#5157,#5158));
#1193=EDGE_LOOP('',(#5159,#5160,#5161,#5162));
#1194=EDGE_LOOP('',(#5163,#5164,#5165,#5166));
#1195=EDGE_LOOP('',(#5167,#5168,#5169,#5170));
#1196=EDGE_LOOP('',(#5171,#5172,#5173,#5174));
#1197=EDGE_LOOP('',(#5175,#5176,#5177,#5178));
#1198=EDGE_LOOP('',(#5179,#5180,#5181,#5182));
#1199=EDGE_LOOP('',(#5183,#5184,#5185,#5186));
#1200=EDGE_LOOP('',(#5187,#5188,#5189,#5190));
#1201=EDGE_LOOP('',(#5191,#5192,#5193,#5194));
#1202=EDGE_LOOP('',(#5195,#5196,#5197,#5198));
#1203=EDGE_LOOP('',(#5199,#5200,#5201,#5202));
#1204=EDGE_LOOP('',(#5203,#5204,#5205,#5206));
#1205=EDGE_LOOP('',(#5207,#5208,#5209,#5210));
#1206=EDGE_LOOP('',(#5211,#5212,#5213,#5214));
#1207=EDGE_LOOP('',(#5215,#5216,#5217,#5218,#5219,#5220,#5221,#5222,#5223,
#5224,#5225,#5226,#5227,#5228,#5229));
#1208=EDGE_LOOP('',(#5230,#5231,#5232,#5233,#5234,#5235,#5236,#5237,#5238));
#1209=EDGE_LOOP('',(#5239,#5240,#5241,#5242,#5243,#5244,#5245,#5246,#5247,
#5248,#5249,#5250,#5251,#5252,#5253));
#1210=EDGE_LOOP('',(#5254,#5255,#5256,#5257,#5258,#5259,#5260,#5261,#5262));
#1211=EDGE_LOOP('',(#5263,#5264,#5265,#5266));
#1212=EDGE_LOOP('',(#5267,#5268,#5269,#5270));
#1213=EDGE_LOOP('',(#5271,#5272,#5273,#5274,#5275,#5276,#5277,#5278));
#1214=EDGE_LOOP('',(#5279,#5280,#5281,#5282));
#1215=EDGE_LOOP('',(#5283,#5284,#5285,#5286));
#1216=EDGE_LOOP('',(#5287,#5288,#5289,#5290));
#1217=EDGE_LOOP('',(#5291,#5292,#5293,#5294));
#1218=EDGE_LOOP('',(#5295,#5296,#5297,#5298));
#1219=EDGE_LOOP('',(#5299,#5300,#5301,#5302));
#1220=EDGE_LOOP('',(#5303,#5304,#5305,#5306,#5307,#5308,#5309,#5310));
#1221=LINE('',#6929,#1729);
#1222=LINE('',#6932,#1730);
#1223=LINE('',#6937,#1731);
#1224=LINE('',#6940,#1732);
#1225=LINE('',#6947,#1733);
#1226=LINE('',#6950,#1734);
#1227=LINE('',#6956,#1735);
#1228=LINE('',#6959,#1736);
#1229=LINE('',#6966,#1737);
#1230=LINE('',#6969,#1738);
#1231=LINE('',#6972,#1739);
#1232=LINE('',#6973,#1740);
#1233=LINE('',#6976,#1741);
#1234=LINE('',#6980,#1742);
#1235=LINE('',#6981,#1743);
#1236=LINE('',#6988,#1744);
#1237=LINE('',#6991,#1745);
#1238=LINE('',#6996,#1746);
#1239=LINE('',#6999,#1747);
#1240=LINE('',#7006,#1748);
#1241=LINE('',#7009,#1749);
#1242=LINE('',#7015,#1750);
#1243=LINE('',#7018,#1751);
#1244=LINE('',#7024,#1752);
#1245=LINE('',#7027,#1753);
#1246=LINE('',#7029,#1754);
#1247=LINE('',#7031,#1755);
#1248=LINE('',#7033,#1756);
#1249=LINE('',#7036,#1757);
#1250=LINE('',#7039,#1758);
#1251=LINE('',#7040,#1759);
#1252=LINE('',#7042,#1760);
#1253=LINE('',#7046,#1761);
#1254=LINE('',#7048,#1762);
#1255=LINE('',#7050,#1763);
#1256=LINE('',#7051,#1764);
#1257=LINE('',#7058,#1765);
#1258=LINE('',#7060,#1766);
#1259=LINE('',#7062,#1767);
#1260=LINE('',#7063,#1768);
#1261=LINE('',#7066,#1769);
#1262=LINE('',#7070,#1770);
#1263=LINE('',#7074,#1771);
#1264=LINE('',#7076,#1772);
#1265=LINE('',#7078,#1773);
#1266=LINE('',#7082,#1774);
#1267=LINE('',#7085,#1775);
#1268=LINE('',#7089,#1776);
#1269=LINE('',#7090,#1777);
#1270=LINE('',#7091,#1778);
#1271=LINE('',#7094,#1779);
#1272=LINE('',#7095,#1780);
#1273=LINE('',#7098,#1781);
#1274=LINE('',#7102,#1782);
#1275=LINE('',#7105,#1783);
#1276=LINE('',#7109,#1784);
#1277=LINE('',#7112,#1785);
#1278=LINE('',#7114,#1786);
#1279=LINE('',#7116,#1787);
#1280=LINE('',#7118,#1788);
#1281=LINE('',#7119,#1789);
#1282=LINE('',#7122,#1790);
#1283=LINE('',#7123,#1791);
#1284=LINE('',#7126,#1792);
#1285=LINE('',#7132,#1793);
#1286=LINE('',#7134,#1794);
#1287=LINE('',#7136,#1795);
#1288=LINE('',#7137,#1796);
#1289=LINE('',#7141,#1797);
#1290=LINE('',#7143,#1798);
#1291=LINE('',#7145,#1799);
#1292=LINE('',#7146,#1800);
#1293=LINE('',#7152,#1801);
#1294=LINE('',#7156,#1802);
#1295=LINE('',#7158,#1803);
#1296=LINE('',#7160,#1804);
#1297=LINE('',#7161,#1805);
#1298=LINE('',#7168,#1806);
#1299=LINE('',#7170,#1807);
#1300=LINE('',#7172,#1808);
#1301=LINE('',#7173,#1809);
#1302=LINE('',#7180,#1810);
#1303=LINE('',#7181,#1811);
#1304=LINE('',#7182,#1812);
#1305=LINE('',#7187,#1813);
#1306=LINE('',#7190,#1814);
#1307=LINE('',#7192,#1815);
#1308=LINE('',#7193,#1816);
#1309=LINE('',#7196,#1817);
#1310=LINE('',#7197,#1818);
#1311=LINE('',#7199,#1819);
#1312=LINE('',#7201,#1820);
#1313=LINE('',#7206,#1821);
#1314=LINE('',#7208,#1822);
#1315=LINE('',#7210,#1823);
#1316=LINE('',#7211,#1824);
#1317=LINE('',#7214,#1825);
#1318=LINE('',#7218,#1826);
#1319=LINE('',#7222,#1827);
#1320=LINE('',#7224,#1828);
#1321=LINE('',#7226,#1829);
#1322=LINE('',#7230,#1830);
#1323=LINE('',#7233,#1831);
#1324=LINE('',#7236,#1832);
#1325=LINE('',#7238,#1833);
#1326=LINE('',#7239,#1834);
#1327=LINE('',#7242,#1835);
#1328=LINE('',#7243,#1836);
#1329=LINE('',#7246,#1837);
#1330=LINE('',#7250,#1838);
#1331=LINE('',#7252,#1839);
#1332=LINE('',#7253,#1840);
#1333=LINE('',#7257,#1841);
#1334=LINE('',#7260,#1842);
#1335=LINE('',#7261,#1843);
#1336=LINE('',#7266,#1844);
#1337=LINE('',#7269,#1845);
#1338=LINE('',#7270,#1846);
#1339=LINE('',#7272,#1847);
#1340=LINE('',#7275,#1848);
#1341=LINE('',#7293,#1849);
#1342=LINE('',#7299,#1850);
#1343=LINE('',#7314,#1851);
#1344=LINE('',#7333,#1852);
#1345=LINE('',#7352,#1853);
#1346=LINE('',#7359,#1854);
#1347=LINE('',#7361,#1855);
#1348=LINE('',#7362,#1856);
#1349=LINE('',#7365,#1857);
#1350=LINE('',#7367,#1858);
#1351=LINE('',#7368,#1859);
#1352=LINE('',#7383,#1860);
#1353=LINE('',#7407,#1861);
#1354=LINE('',#7409,#1862);
#1355=LINE('',#7411,#1863);
#1356=LINE('',#7412,#1864);
#1357=LINE('',#7427,#1865);
#1358=LINE('',#7446,#1866);
#1359=LINE('',#7465,#1867);
#1360=LINE('',#7472,#1868);
#1361=LINE('',#7474,#1869);
#1362=LINE('',#7475,#1870);
#1363=LINE('',#7478,#1871);
#1364=LINE('',#7480,#1872);
#1365=LINE('',#7481,#1873);
#1366=LINE('',#7496,#1874);
#1367=LINE('',#7515,#1875);
#1368=LINE('',#7534,#1876);
#1369=LINE('',#7540,#1877);
#1370=LINE('',#7541,#1878);
#1371=LINE('',#7557,#1879);
#1372=LINE('',#7563,#1880);
#1373=LINE('',#7582,#1881);
#1374=LINE('',#7601,#1882);
#1375=LINE('',#7620,#1883);
#1376=LINE('',#7639,#1884);
#1377=LINE('',#7658,#1885);
#1378=LINE('',#7677,#1886);
#1379=LINE('',#7696,#1887);
#1380=LINE('',#7715,#1888);
#1381=LINE('',#7734,#1889);
#1382=LINE('',#7737,#1890);
#1383=LINE('',#7739,#1891);
#1384=LINE('',#7740,#1892);
#1385=LINE('',#7743,#1893);
#1386=LINE('',#7745,#1894);
#1387=LINE('',#7746,#1895);
#1388=LINE('',#7765,#1896);
#1389=LINE('',#7784,#1897);
#1390=LINE('',#7803,#1898);
#1391=LINE('',#7822,#1899);
#1392=LINE('',#7841,#1900);
#1393=LINE('',#7860,#1901);
#1394=LINE('',#7879,#1902);
#1395=LINE('',#7898,#1903);
#1396=LINE('',#7917,#1904);
#1397=LINE('',#7920,#1905);
#1398=LINE('',#7922,#1906);
#1399=LINE('',#7923,#1907);
#1400=LINE('',#7926,#1908);
#1401=LINE('',#7928,#1909);
#1402=LINE('',#7929,#1910);
#1403=LINE('',#7931,#1911);
#1404=LINE('',#7932,#1912);
#1405=LINE('',#7950,#1913);
#1406=LINE('',#7956,#1914);
#1407=LINE('',#7971,#1915);
#1408=LINE('',#7990,#1916);
#1409=LINE('',#8009,#1917);
#1410=LINE('',#8016,#1918);
#1411=LINE('',#8018,#1919);
#1412=LINE('',#8019,#1920);
#1413=LINE('',#8022,#1921);
#1414=LINE('',#8024,#1922);
#1415=LINE('',#8025,#1923);
#1416=LINE('',#8045,#1924);
#1417=LINE('',#8047,#1925);
#1418=LINE('',#8049,#1926);
#1419=LINE('',#8050,#1927);
#1420=LINE('',#8053,#1928);
#1421=LINE('',#8055,#1929);
#1422=LINE('',#8056,#1930);
#1423=LINE('',#8059,#1931);
#1424=LINE('',#8061,#1932);
#1425=LINE('',#8062,#1933);
#1426=LINE('',#8065,#1934);
#1427=LINE('',#8067,#1935);
#1428=LINE('',#8068,#1936);
#1429=LINE('',#8071,#1937);
#1430=LINE('',#8073,#1938);
#1431=LINE('',#8074,#1939);
#1432=LINE('',#8077,#1940);
#1433=LINE('',#8079,#1941);
#1434=LINE('',#8080,#1942);
#1435=LINE('',#8099,#1943);
#1436=LINE('',#8118,#1944);
#1437=LINE('',#8137,#1945);
#1438=LINE('',#8156,#1946);
#1439=LINE('',#8175,#1947);
#1440=LINE('',#8194,#1948);
#1441=LINE('',#8213,#1949);
#1442=LINE('',#8232,#1950);
#1443=LINE('',#8251,#1951);
#1444=LINE('',#8270,#1952);
#1445=LINE('',#8273,#1953);
#1446=LINE('',#8275,#1954);
#1447=LINE('',#8276,#1955);
#1448=LINE('',#8279,#1956);
#1449=LINE('',#8281,#1957);
#1450=LINE('',#8282,#1958);
#1451=LINE('',#8285,#1959);
#1452=LINE('',#8287,#1960);
#1453=LINE('',#8288,#1961);
#1454=LINE('',#8307,#1962);
#1455=LINE('',#8326,#1963);
#1456=LINE('',#8345,#1964);
#1457=LINE('',#8364,#1965);
#1458=LINE('',#8383,#1966);
#1459=LINE('',#8402,#1967);
#1460=LINE('',#8421,#1968);
#1461=LINE('',#8440,#1969);
#1462=LINE('',#8443,#1970);
#1463=LINE('',#8445,#1971);
#1464=LINE('',#8446,#1972);
#1465=LINE('',#8449,#1973);
#1466=LINE('',#8451,#1974);
#1467=LINE('',#8452,#1975);
#1468=LINE('',#8455,#1976);
#1469=LINE('',#8457,#1977);
#1470=LINE('',#8458,#1978);
#1471=LINE('',#8461,#1979);
#1472=LINE('',#8463,#1980);
#1473=LINE('',#8464,#1981);
#1474=LINE('',#8467,#1982);
#1475=LINE('',#8469,#1983);
#1476=LINE('',#8470,#1984);
#1477=LINE('',#8473,#1985);
#1478=LINE('',#8475,#1986);
#1479=LINE('',#8476,#1987);
#1480=LINE('',#8478,#1988);
#1481=LINE('',#8479,#1989);
#1482=LINE('',#8485,#1990);
#1483=LINE('',#8487,#1991);
#1484=LINE('',#8489,#1992);
#1485=LINE('',#8490,#1993);
#1486=LINE('',#8493,#1994);
#1487=LINE('',#8495,#1995);
#1488=LINE('',#8496,#1996);
#1489=LINE('',#8515,#1997);
#1490=LINE('',#8534,#1998);
#1491=LINE('',#8553,#1999);
#1492=LINE('',#8572,#2000);
#1493=LINE('',#8591,#2001);
#1494=LINE('',#8610,#2002);
#1495=LINE('',#8629,#2003);
#1496=LINE('',#8648,#2004);
#1497=LINE('',#8667,#2005);
#1498=LINE('',#8686,#2006);
#1499=LINE('',#8705,#2007);
#1500=LINE('',#8724,#2008);
#1501=LINE('',#8743,#2009);
#1502=LINE('',#8762,#2010);
#1503=LINE('',#8781,#2011);
#1504=LINE('',#8784,#2012);
#1505=LINE('',#8786,#2013);
#1506=LINE('',#8787,#2014);
#1507=LINE('',#8790,#2015);
#1508=LINE('',#8792,#2016);
#1509=LINE('',#8793,#2017);
#1510=LINE('',#8796,#2018);
#1511=LINE('',#8798,#2019);
#1512=LINE('',#8799,#2020);
#1513=LINE('',#8802,#2021);
#1514=LINE('',#8804,#2022);
#1515=LINE('',#8805,#2023);
#1516=LINE('',#8808,#2024);
#1517=LINE('',#8810,#2025);
#1518=LINE('',#8811,#2026);
#1519=LINE('',#8823,#2027);
#1520=LINE('',#8842,#2028);
#1521=LINE('',#8861,#2029);
#1522=LINE('',#8880,#2030);
#1523=LINE('',#8899,#2031);
#1524=LINE('',#8918,#2032);
#1525=LINE('',#8937,#2033);
#1526=LINE('',#8956,#2034);
#1527=LINE('',#8975,#2035);
#1528=LINE('',#8994,#2036);
#1529=LINE('',#9013,#2037);
#1530=LINE('',#9032,#2038);
#1531=LINE('',#9044,#2039);
#1532=LINE('',#9063,#2040);
#1533=LINE('',#9082,#2041);
#1534=LINE('',#9085,#2042);
#1535=LINE('',#9087,#2043);
#1536=LINE('',#9088,#2044);
#1537=LINE('',#9091,#2045);
#1538=LINE('',#9093,#2046);
#1539=LINE('',#9094,#2047);
#1540=LINE('',#9097,#2048);
#1541=LINE('',#9099,#2049);
#1542=LINE('',#9100,#2050);
#1543=LINE('',#9103,#2051);
#1544=LINE('',#9105,#2052);
#1545=LINE('',#9106,#2053);
#1546=LINE('',#9108,#2054);
#1547=LINE('',#9109,#2055);
#1548=LINE('',#9127,#2056);
#1549=LINE('',#9133,#2057);
#1550=LINE('',#9152,#2058);
#1551=LINE('',#9155,#2059);
#1552=LINE('',#9157,#2060);
#1553=LINE('',#9158,#2061);
#1554=LINE('',#9161,#2062);
#1555=LINE('',#9163,#2063);
#1556=LINE('',#9164,#2064);
#1557=LINE('',#9167,#2065);
#1558=LINE('',#9169,#2066);
#1559=LINE('',#9170,#2067);
#1560=LINE('',#9173,#2068);
#1561=LINE('',#9175,#2069);
#1562=LINE('',#9176,#2070);
#1563=LINE('',#9179,#2071);
#1564=LINE('',#9181,#2072);
#1565=LINE('',#9182,#2073);
#1566=LINE('',#9185,#2074);
#1567=LINE('',#9187,#2075);
#1568=LINE('',#9188,#2076);
#1569=LINE('',#9191,#2077);
#1570=LINE('',#9193,#2078);
#1571=LINE('',#9194,#2079);
#1572=LINE('',#9197,#2080);
#1573=LINE('',#9199,#2081);
#1574=LINE('',#9200,#2082);
#1575=LINE('',#9219,#2083);
#1576=LINE('',#9238,#2084);
#1577=LINE('',#9257,#2085);
#1578=LINE('',#9276,#2086);
#1579=LINE('',#9279,#2087);
#1580=LINE('',#9281,#2088);
#1581=LINE('',#9282,#2089);
#1582=LINE('',#9285,#2090);
#1583=LINE('',#9287,#2091);
#1584=LINE('',#9288,#2092);
#1585=LINE('',#9291,#2093);
#1586=LINE('',#9293,#2094);
#1587=LINE('',#9294,#2095);
#1588=LINE('',#9297,#2096);
#1589=LINE('',#9299,#2097);
#1590=LINE('',#9300,#2098);
#1591=LINE('',#9303,#2099);
#1592=LINE('',#9305,#2100);
#1593=LINE('',#9306,#2101);
#1594=LINE('',#9309,#2102);
#1595=LINE('',#9311,#2103);
#1596=LINE('',#9312,#2104);
#1597=LINE('',#9315,#2105);
#1598=LINE('',#9317,#2106);
#1599=LINE('',#9318,#2107);
#1600=LINE('',#9321,#2108);
#1601=LINE('',#9323,#2109);
#1602=LINE('',#9324,#2110);
#1603=LINE('',#9343,#2111);
#1604=LINE('',#9362,#2112);
#1605=LINE('',#9381,#2113);
#1606=LINE('',#9403,#2114);
#1607=LINE('',#9405,#2115);
#1608=LINE('',#9407,#2116);
#1609=LINE('',#9408,#2117);
#1610=LINE('',#9411,#2118);
#1611=LINE('',#9413,#2119);
#1612=LINE('',#9414,#2120);
#1613=LINE('',#9417,#2121);
#1614=LINE('',#9419,#2122);
#1615=LINE('',#9420,#2123);
#1616=LINE('',#9423,#2124);
#1617=LINE('',#9425,#2125);
#1618=LINE('',#9426,#2126);
#1619=LINE('',#9429,#2127);
#1620=LINE('',#9431,#2128);
#1621=LINE('',#9432,#2129);
#1622=LINE('',#9435,#2130);
#1623=LINE('',#9437,#2131);
#1624=LINE('',#9438,#2132);
#1625=LINE('',#9457,#2133);
#1626=LINE('',#9476,#2134);
#1627=LINE('',#9488,#2135);
#1628=LINE('',#9507,#2136);
#1629=LINE('',#9526,#2137);
#1630=LINE('',#9529,#2138);
#1631=LINE('',#9531,#2139);
#1632=LINE('',#9532,#2140);
#1633=LINE('',#9535,#2141);
#1634=LINE('',#9537,#2142);
#1635=LINE('',#9538,#2143);
#1636=LINE('',#9541,#2144);
#1637=LINE('',#9543,#2145);
#1638=LINE('',#9544,#2146);
#1639=LINE('',#9563,#2147);
#1640=LINE('',#9582,#2148);
#1641=LINE('',#9585,#2149);
#1642=LINE('',#9587,#2150);
#1643=LINE('',#9588,#2151);
#1644=LINE('',#9591,#2152);
#1645=LINE('',#9593,#2153);
#1646=LINE('',#9594,#2154);
#1647=LINE('',#9597,#2155);
#1648=LINE('',#9599,#2156);
#1649=LINE('',#9600,#2157);
#1650=LINE('',#9603,#2158);
#1651=LINE('',#9605,#2159);
#1652=LINE('',#9606,#2160);
#1653=LINE('',#9609,#2161);
#1654=LINE('',#9611,#2162);
#1655=LINE('',#9612,#2163);
#1656=LINE('',#9615,#2164);
#1657=LINE('',#9617,#2165);
#1658=LINE('',#9618,#2166);
#1659=LINE('',#9621,#2167);
#1660=LINE('',#9623,#2168);
#1661=LINE('',#9624,#2169);
#1662=LINE('',#9643,#2170);
#1663=LINE('',#9662,#2171);
#1664=LINE('',#9674,#2172);
#1665=LINE('',#9686,#2173);
#1666=LINE('',#9705,#2174);
#1667=LINE('',#9724,#2175);
#1668=LINE('',#9727,#2176);
#1669=LINE('',#9729,#2177);
#1670=LINE('',#9730,#2178);
#1671=LINE('',#9733,#2179);
#1672=LINE('',#9735,#2180);
#1673=LINE('',#9736,#2181);
#1674=LINE('',#9739,#2182);
#1675=LINE('',#9741,#2183);
#1676=LINE('',#9742,#2184);
#1677=LINE('',#9745,#2185);
#1678=LINE('',#9747,#2186);
#1679=LINE('',#9748,#2187);
#1680=LINE('',#9751,#2188);
#1681=LINE('',#9753,#2189);
#1682=LINE('',#9754,#2190);
#1683=LINE('',#9756,#2191);
#1684=LINE('',#9757,#2192);
#1685=LINE('',#9775,#2193);
#1686=LINE('',#9781,#2194);
#1687=LINE('',#9796,#2195);
#1688=LINE('',#9815,#2196);
#1689=LINE('',#9834,#2197);
#1690=LINE('',#9853,#2198);
#1691=LINE('',#9872,#2199);
#1692=LINE('',#9891,#2200);
#1693=LINE('',#9910,#2201);
#1694=LINE('',#9946,#2202);
#1695=LINE('',#9952,#2203);
#1696=LINE('',#9971,#2204);
#1697=LINE('',#9990,#2205);
#1698=LINE('',#10009,#2206);
#1699=LINE('',#10028,#2207);
#1700=LINE('',#10047,#2208);
#1701=LINE('',#10066,#2209);
#1702=LINE('',#10085,#2210);
#1703=LINE('',#10104,#2211);
#1704=LINE('',#10107,#2212);
#1705=LINE('',#10109,#2213);
#1706=LINE('',#10110,#2214);
#1707=LINE('',#10113,#2215);
#1708=LINE('',#10115,#2216);
#1709=LINE('',#10116,#2217);
#1710=LINE('',#10135,#2218);
#1711=LINE('',#10154,#2219);
#1712=LINE('',#10173,#2220);
#1713=LINE('',#10197,#2221);
#1714=LINE('',#10200,#2222);
#1715=LINE('',#10203,#2223);
#1716=LINE('',#10205,#2224);
#1717=LINE('',#10206,#2225);
#1718=LINE('',#10209,#2226);
#1719=LINE('',#10213,#2227);
#1720=LINE('',#10217,#2228);
#1721=LINE('',#10222,#2229);
#1722=LINE('',#10225,#2230);
#1723=LINE('',#10226,#2231);
#1724=LINE('',#10231,#2232);
#1725=LINE('',#10232,#2233);
#1726=LINE('',#10234,#2234);
#1727=LINE('',#10238,#2235);
#1728=LINE('',#10240,#2236);
#1729=VECTOR('',#5919,0.966277452962784);
#1730=VECTOR('',#5922,0.966277452962784);
#1731=VECTOR('',#5927,2.56627745296278);
#1732=VECTOR('',#5930,2.56627745296278);
#1733=VECTOR('',#5939,0.966277452962784);
#1734=VECTOR('',#5942,0.966277452962784);
#1735=VECTOR('',#5951,2.56627745296278);
#1736=VECTOR('',#5954,2.56627745296278);
#1737=VECTOR('',#5965,0.492108485971527);
#1738=VECTOR('',#5968,0.492108485971527);
#1739=VECTOR('',#5971,0.492108485971527);
#1740=VECTOR('',#5972,1.10194638625169);
#1741=VECTOR('',#5975,0.492108485971527);
#1742=VECTOR('',#5980,0.492108485971527);
#1743=VECTOR('',#5981,2.70194638625169);
#1744=VECTOR('',#5988,2.56627745296278);
#1745=VECTOR('',#5991,2.56627745296278);
#1746=VECTOR('',#5996,0.966277452962785);
#1747=VECTOR('',#5999,0.966277452962784);
#1748=VECTOR('',#6008,2.56627745296278);
#1749=VECTOR('',#6011,2.56627745296278);
#1750=VECTOR('',#6020,0.966277452962784);
#1751=VECTOR('',#6023,0.966277452962784);
#1752=VECTOR('',#6034,0.492108485971527);
#1753=VECTOR('',#6037,0.492108485971527);
#1754=VECTOR('',#6040,0.492108485971527);
#1755=VECTOR('',#6043,0.492108485971527);
#1756=VECTOR('',#6046,0.492108485971527);
#1757=VECTOR('',#6051,0.492108485971527);
#1758=VECTOR('',#6054,2.70194638625169);
#1759=VECTOR('',#6055,0.492108485971527);
#1760=VECTOR('',#6058,0.492108485971527);
#1761=VECTOR('',#6063,0.492108485971527);
#1762=VECTOR('',#6066,0.492108485971527);
#1763=VECTOR('',#6069,1.10194638625169);
#1764=VECTOR('',#6070,0.492108485971527);
#1765=VECTOR('',#6079,0.140341865731364);
#1766=VECTOR('',#6080,0.4);
#1767=VECTOR('',#6081,0.140341865731364);
#1768=VECTOR('',#6082,0.4);
#1769=VECTOR('',#6085,0.206254620834473);
#1770=VECTOR('',#6088,0.322885196298805);
#1771=VECTOR('',#6091,0.677673540615753);
#1772=VECTOR('',#6092,0.14);
#1773=VECTOR('',#6093,0.745272869798819);
#1774=VECTOR('',#6096,0.327675491107726);
#1775=VECTOR('',#6099,0.133655832788236);
#1776=VECTOR('',#6102,0.14);
#1777=VECTOR('',#6103,0.4);
#1778=VECTOR('',#6104,0.4);
#1779=VECTOR('',#6107,0.745272869798819);
#1780=VECTOR('',#6108,0.4);
#1781=VECTOR('',#6111,0.133655832788236);
#1782=VECTOR('',#6114,0.327675491107726);
#1783=VECTOR('',#6117,0.677673540615753);
#1784=VECTOR('',#6120,0.322885196298805);
#1785=VECTOR('',#6123,0.206254620834473);
#1786=VECTOR('',#6126,0.4);
#1787=VECTOR('',#6129,0.4);
#1788=VECTOR('',#6132,0.4);
#1789=VECTOR('',#6133,0.4);
#1790=VECTOR('',#6138,0.4);
#1791=VECTOR('',#6139,0.4);
#1792=VECTOR('',#6144,0.4);
#1793=VECTOR('',#6151,0.4);
#1794=VECTOR('',#6152,0.677673540615753);
#1795=VECTOR('',#6153,0.4);
#1796=VECTOR('',#6154,0.677673540615753);
#1797=VECTOR('',#6157,0.4);
#1798=VECTOR('',#6158,0.133655832788236);
#1799=VECTOR('',#6159,0.4);
#1800=VECTOR('',#6160,0.133655832788236);
#1801=VECTOR('',#6167,0.4);
#1802=VECTOR('',#6170,0.4);
#1803=VECTOR('',#6171,0.322885196298805);
#1804=VECTOR('',#6172,0.4);
#1805=VECTOR('',#6173,0.322885196298805);
#1806=VECTOR('',#6182,0.4);
#1807=VECTOR('',#6183,0.206254620834473);
#1808=VECTOR('',#6184,0.4);
#1809=VECTOR('',#6185,0.206254620834473);
#1810=VECTOR('',#6194,0.4);
#1811=VECTOR('',#6195,0.327675491107726);
#1812=VECTOR('',#6196,0.327675491107726);
#1813=VECTOR('',#6201,0.4);
#1814=VECTOR('',#6206,0.140341865731364);
#1815=VECTOR('',#6207,0.745272869798819);
#1816=VECTOR('',#6208,0.14);
#1817=VECTOR('',#6211,0.4);
#1818=VECTOR('',#6212,0.745272869798819);
#1819=VECTOR('',#6215,0.14);
#1820=VECTOR('',#6218,0.140341865731364);
#1821=VECTOR('',#6223,0.140341865731364);
#1822=VECTOR('',#6224,0.4);
#1823=VECTOR('',#6225,0.140341865731364);
#1824=VECTOR('',#6226,0.4);
#1825=VECTOR('',#6229,0.206254620834473);
#1826=VECTOR('',#6232,0.322885196298805);
#1827=VECTOR('',#6235,0.677673540615753);
#1828=VECTOR('',#6236,0.14);
#1829=VECTOR('',#6237,0.745272869798819);
#1830=VECTOR('',#6240,0.327675491107726);
#1831=VECTOR('',#6243,0.133655832788236);
#1832=VECTOR('',#6246,0.4);
#1833=VECTOR('',#6247,0.745272869798819);
#1834=VECTOR('',#6248,0.4);
#1835=VECTOR('',#6251,0.4);
#1836=VECTOR('',#6252,0.133655832788236);
#1837=VECTOR('',#6255,0.4);
#1838=VECTOR('',#6260,0.4);
#1839=VECTOR('',#6261,0.322885196298805);
#1840=VECTOR('',#6262,0.4);
#1841=VECTOR('',#6267,0.4);
#1842=VECTOR('',#6270,0.4);
#1843=VECTOR('',#6271,0.206254620834473);
#1844=VECTOR('',#6278,0.327675491107726);
#1845=VECTOR('',#6281,0.14);
#1846=VECTOR('',#6282,0.677673540615753);
#1847=VECTOR('',#6285,0.4);
#1848=VECTOR('',#6290,0.4);
#1849=VECTOR('',#6295,0.01);
#1850=VECTOR('',#6296,0.01);
#1851=VECTOR('',#6297,0.01);
#1852=VECTOR('',#6298,0.01);
#1853=VECTOR('',#6299,0.01);
#1854=VECTOR('',#6302,0.00310657245251542);
#1855=VECTOR('',#6303,0.01);
#1856=VECTOR('',#6304,0.00310657245251542);
#1857=VECTOR('',#6307,0.0500221039501898);
#1858=VECTOR('',#6308,0.01);
#1859=VECTOR('',#6309,0.0500221039501898);
#1860=VECTOR('',#6310,0.01);
#1861=VECTOR('',#6313,0.0298140380368657);
#1862=VECTOR('',#6314,0.01);
#1863=VECTOR('',#6315,0.0298140380368657);
#1864=VECTOR('',#6316,0.01);
#1865=VECTOR('',#6317,0.01);
#1866=VECTOR('',#6318,0.01);
#1867=VECTOR('',#6319,0.01);
#1868=VECTOR('',#6322,0.0101390559780971);
#1869=VECTOR('',#6323,0.01);
#1870=VECTOR('',#6324,0.0101390559780971);
#1871=VECTOR('',#6327,0.0435283073776011);
#1872=VECTOR('',#6328,0.01);
#1873=VECTOR('',#6329,0.0435283073776011);
#1874=VECTOR('',#6330,0.01);
#1875=VECTOR('',#6331,0.01);
#1876=VECTOR('',#6332,0.01);
#1877=VECTOR('',#6335,0.00305870081314189);
#1878=VECTOR('',#6336,0.00305870081314189);
#1879=VECTOR('',#6337,0.01);
#1880=VECTOR('',#6338,0.01);
#1881=VECTOR('',#6339,0.01);
#1882=VECTOR('',#6340,0.01);
#1883=VECTOR('',#6341,0.01);
#1884=VECTOR('',#6342,0.01);
#1885=VECTOR('',#6343,0.01);
#1886=VECTOR('',#6344,0.01);
#1887=VECTOR('',#6345,0.01);
#1888=VECTOR('',#6346,0.01);
#1889=VECTOR('',#6347,0.01);
#1890=VECTOR('',#6350,0.0595308831107999);
#1891=VECTOR('',#6351,0.0595308831107999);
#1892=VECTOR('',#6352,0.01);
#1893=VECTOR('',#6355,0.00258573263754391);
#1894=VECTOR('',#6356,0.00258573263754391);
#1895=VECTOR('',#6357,0.01);
#1896=VECTOR('',#6358,0.01);
#1897=VECTOR('',#6359,0.01);
#1898=VECTOR('',#6360,0.01);
#1899=VECTOR('',#6361,0.01);
#1900=VECTOR('',#6362,0.01);
#1901=VECTOR('',#6363,0.01);
#1902=VECTOR('',#6364,0.01);
#1903=VECTOR('',#6365,0.01);
#1904=VECTOR('',#6366,0.01);
#1905=VECTOR('',#6369,0.0156165973332001);
#1906=VECTOR('',#6370,0.0156165973332001);
#1907=VECTOR('',#6371,0.01);
#1908=VECTOR('',#6374,0.02606611217774);
#1909=VECTOR('',#6375,0.02606611217774);
#1910=VECTOR('',#6376,0.01);
#1911=VECTOR('',#6379,0.0755987193252596);
#1912=VECTOR('',#6380,0.0755987193252596);
#1913=VECTOR('',#6385,0.01);
#1914=VECTOR('',#6386,0.01);
#1915=VECTOR('',#6387,0.01);
#1916=VECTOR('',#6388,0.01);
#1917=VECTOR('',#6389,0.01);
#1918=VECTOR('',#6392,0.00992638835254279);
#1919=VECTOR('',#6393,0.01);
#1920=VECTOR('',#6394,0.00992638835254279);
#1921=VECTOR('',#6397,0.041407844831354);
#1922=VECTOR('',#6398,0.01);
#1923=VECTOR('',#6399,0.041407844831354);
#1924=VECTOR('',#6402,0.0305317649073451);
#1925=VECTOR('',#6403,0.01);
#1926=VECTOR('',#6404,0.0305317649073451);
#1927=VECTOR('',#6405,0.01);
#1928=VECTOR('',#6408,0.0313458231296979);
#1929=VECTOR('',#6409,0.0313458231296979);
#1930=VECTOR('',#6410,0.01);
#1931=VECTOR('',#6413,0.0313458230148737);
#1932=VECTOR('',#6414,0.0313458230148737);
#1933=VECTOR('',#6415,0.01);
#1934=VECTOR('',#6418,0.0302904311077042);
#1935=VECTOR('',#6419,0.0302904311077042);
#1936=VECTOR('',#6420,0.01);
#1937=VECTOR('',#6423,0.025554431999964);
#1938=VECTOR('',#6424,0.025554431999964);
#1939=VECTOR('',#6425,0.01);
#1940=VECTOR('',#6428,0.071931136694874);
#1941=VECTOR('',#6429,0.071931136694874);
#1942=VECTOR('',#6430,0.01);
#1943=VECTOR('',#6431,0.01);
#1944=VECTOR('',#6432,0.01);
#1945=VECTOR('',#6433,0.01);
#1946=VECTOR('',#6434,0.01);
#1947=VECTOR('',#6435,0.01);
#1948=VECTOR('',#6436,0.01);
#1949=VECTOR('',#6437,0.01);
#1950=VECTOR('',#6438,0.01);
#1951=VECTOR('',#6439,0.01);
#1952=VECTOR('',#6440,0.01);
#1953=VECTOR('',#6443,0.00302925964644031);
#1954=VECTOR('',#6444,0.00302925964644031);
#1955=VECTOR('',#6445,0.01);
#1956=VECTOR('',#6448,0.0252066830292605);
#1957=VECTOR('',#6449,0.0252066830292605);
#1958=VECTOR('',#6450,0.01);
#1959=VECTOR('',#6453,0.00298181131934988);
#1960=VECTOR('',#6454,0.00298181131934988);
#1961=VECTOR('',#6455,0.01);
#1962=VECTOR('',#6456,0.01);
#1963=VECTOR('',#6457,0.01);
#1964=VECTOR('',#6458,0.01);
#1965=VECTOR('',#6459,0.01);
#1966=VECTOR('',#6460,0.01);
#1967=VECTOR('',#6461,0.01);
#1968=VECTOR('',#6462,0.01);
#1969=VECTOR('',#6463,0.01);
#1970=VECTOR('',#6466,0.00411061215864088);
#1971=VECTOR('',#6467,0.00411061215864088);
#1972=VECTOR('',#6468,0.01);
#1973=VECTOR('',#6471,0.0343105074625298);
#1974=VECTOR('',#6472,0.0343105074625298);
#1975=VECTOR('',#6473,0.01);
#1976=VECTOR('',#6476,0.0203903072000001);
#1977=VECTOR('',#6477,0.0203903072000001);
#1978=VECTOR('',#6478,0.01);
#1979=VECTOR('',#6481,0.0300511582732967);
#1980=VECTOR('',#6482,0.0300511582732967);
#1981=VECTOR('',#6483,0.01);
#1982=VECTOR('',#6486,0.0257967115926325);
#1983=VECTOR('',#6487,0.0257967115926325);
#1984=VECTOR('',#6488,0.01);
#1985=VECTOR('',#6491,0.0911119258767095);
#1986=VECTOR('',#6492,0.0911119258767095);
#1987=VECTOR('',#6493,0.01);
#1988=VECTOR('',#6496,0.025554431999992);
#1989=VECTOR('',#6497,0.025554431999992);
#1990=VECTOR('',#6504,0.0240297433779996);
#1991=VECTOR('',#6505,0.01);
#1992=VECTOR('',#6506,0.0240297433779996);
#1993=VECTOR('',#6507,0.01);
#1994=VECTOR('',#6510,0.00163194041813856);
#1995=VECTOR('',#6511,0.00163194041813856);
#1996=VECTOR('',#6512,0.01);
#1997=VECTOR('',#6513,0.01);
#1998=VECTOR('',#6514,0.01);
#1999=VECTOR('',#6515,0.01);
#2000=VECTOR('',#6516,0.01);
#2001=VECTOR('',#6517,0.01);
#2002=VECTOR('',#6518,0.01);
#2003=VECTOR('',#6519,0.01);
#2004=VECTOR('',#6520,0.01);
#2005=VECTOR('',#6521,0.01);
#2006=VECTOR('',#6522,0.01);
#2007=VECTOR('',#6523,0.01);
#2008=VECTOR('',#6524,0.01);
#2009=VECTOR('',#6525,0.01);
#2010=VECTOR('',#6526,0.01);
#2011=VECTOR('',#6527,0.01);
#2012=VECTOR('',#6530,0.00592291988439991);
#2013=VECTOR('',#6531,0.00592291988439991);
#2014=VECTOR('',#6532,0.01);
#2015=VECTOR('',#6535,0.0262654822313094);
#2016=VECTOR('',#6536,0.0262654822313094);
#2017=VECTOR('',#6537,0.01);
#2018=VECTOR('',#6540,0.0459033315556518);
#2019=VECTOR('',#6541,0.0459033315556518);
#2020=VECTOR('',#6542,0.01);
#2021=VECTOR('',#6545,0.0252968896733935);
#2022=VECTOR('',#6546,0.0252968896733935);
#2023=VECTOR('',#6547,0.01);
#2024=VECTOR('',#6550,0.00121625039159204);
#2025=VECTOR('',#6551,0.00121625039159204);
#2026=VECTOR('',#6552,0.01);
#2027=VECTOR('',#6555,0.01);
#2028=VECTOR('',#6556,0.01);
#2029=VECTOR('',#6557,0.01);
#2030=VECTOR('',#6558,0.01);
#2031=VECTOR('',#6559,0.01);
#2032=VECTOR('',#6560,0.01);
#2033=VECTOR('',#6561,0.01);
#2034=VECTOR('',#6562,0.01);
#2035=VECTOR('',#6563,0.01);
#2036=VECTOR('',#6564,0.01);
#2037=VECTOR('',#6565,0.01);
#2038=VECTOR('',#6566,0.01);
#2039=VECTOR('',#6569,0.01);
#2040=VECTOR('',#6570,0.01);
#2041=VECTOR('',#6571,0.01);
#2042=VECTOR('',#6574,0.00358630918308972);
#2043=VECTOR('',#6575,0.00358630918308972);
#2044=VECTOR('',#6576,0.01);
#2045=VECTOR('',#6579,0.0060095557791672);
#2046=VECTOR('',#6580,0.0060095557791672);
#2047=VECTOR('',#6581,0.01);
#2048=VECTOR('',#6584,0.00600955740632688);
#2049=VECTOR('',#6585,0.00600955740632688);
#2050=VECTOR('',#6586,0.01);
#2051=VECTOR('',#6589,0.0286315241732383);
#2052=VECTOR('',#6590,0.0286315241732383);
#2053=VECTOR('',#6591,0.01);
#2054=VECTOR('',#6594,0.0482827922665279);
#2055=VECTOR('',#6595,0.0482827922665279);
#2056=VECTOR('',#6600,0.01);
#2057=VECTOR('',#6601,0.01);
#2058=VECTOR('',#6602,0.01);
#2059=VECTOR('',#6605,0.0270930282997424);
#2060=VECTOR('',#6606,0.0270930282997424);
#2061=VECTOR('',#6607,0.01);
#2062=VECTOR('',#6610,0.0302305381331999);
#2063=VECTOR('',#6611,0.0302305381331999);
#2064=VECTOR('',#6612,0.01);
#2065=VECTOR('',#6615,0.0260276622220519);
#2066=VECTOR('',#6616,0.0260276622220519);
#2067=VECTOR('',#6617,0.01);
#2068=VECTOR('',#6620,0.0918066631111997);
#2069=VECTOR('',#6621,0.0918066631111997);
#2070=VECTOR('',#6622,0.01);
#2071=VECTOR('',#6625,0.026014352622052);
#2072=VECTOR('',#6626,0.026014352622052);
#2073=VECTOR('',#6627,0.01);
#2074=VECTOR('',#6630,0.0309975841291656);
#2075=VECTOR('',#6631,0.0309975841291656);
#2076=VECTOR('',#6632,0.01);
#2077=VECTOR('',#6635,0.04732302222222);
#2078=VECTOR('',#6636,0.04732302222222);
#2079=VECTOR('',#6637,0.01);
#2080=VECTOR('',#6640,0.00263371844865461);
#2081=VECTOR('',#6641,0.00263371844865461);
#2082=VECTOR('',#6642,0.01);
#2083=VECTOR('',#6643,0.01);
#2084=VECTOR('',#6644,0.01);
#2085=VECTOR('',#6645,0.01);
#2086=VECTOR('',#6646,0.01);
#2087=VECTOR('',#6649,0.0226292776888881);
#2088=VECTOR('',#6650,0.0226292776888881);
#2089=VECTOR('',#6651,0.01);
#2090=VECTOR('',#6654,0.0293402737780002);
#2091=VECTOR('',#6655,0.0293402737780002);
#2092=VECTOR('',#6656,0.01);
#2093=VECTOR('',#6659,0.0260276622220519);
#2094=VECTOR('',#6660,0.0260276622220519);
#2095=VECTOR('',#6661,0.01);
#2096=VECTOR('',#6664,0.0889672817778017);
#2097=VECTOR('',#6665,0.0889672817778017);
#2098=VECTOR('',#6666,0.01);
#2099=VECTOR('',#6669,0.0260276622220519);
#2100=VECTOR('',#6670,0.0260276622220519);
#2101=VECTOR('',#6671,0.01);
#2102=VECTOR('',#6674,0.0297632232888892);
#2103=VECTOR('',#6675,0.0297632232888892);
#2104=VECTOR('',#6676,0.01);
#2105=VECTOR('',#6679,0.0537124011775472);
#2106=VECTOR('',#6680,0.0537124011775472);
#2107=VECTOR('',#6681,0.01);
#2108=VECTOR('',#6684,0.00418636484869804);
#2109=VECTOR('',#6685,0.00418636484869804);
#2110=VECTOR('',#6686,0.01);
#2111=VECTOR('',#6687,0.01);
#2112=VECTOR('',#6688,0.01);
#2113=VECTOR('',#6689,0.01);
#2114=VECTOR('',#6696,0.0272118965334839);
#2115=VECTOR('',#6697,0.01);
#2116=VECTOR('',#6698,0.0272118965334839);
#2117=VECTOR('',#6699,0.01);
#2118=VECTOR('',#6702,0.062924831111112);
#2119=VECTOR('',#6703,0.062924831111112);
#2120=VECTOR('',#6704,0.01);
#2121=VECTOR('',#6707,0.0274473528887997);
#2122=VECTOR('',#6708,0.0274473528887997);
#2123=VECTOR('',#6709,0.01);
#2124=VECTOR('',#6712,0.026027662222184);
#2125=VECTOR('',#6713,0.026027662222184);
#2126=VECTOR('',#6714,0.01);
#2127=VECTOR('',#6717,0.0686183822219999);
#2128=VECTOR('',#6718,0.0686183822219999);
#2129=VECTOR('',#6719,0.01);
#2130=VECTOR('',#6722,0.00634198643139005);
#2131=VECTOR('',#6723,0.00634198643139005);
#2132=VECTOR('',#6724,0.01);
#2133=VECTOR('',#6725,0.01);
#2134=VECTOR('',#6726,0.01);
#2135=VECTOR('',#6729,0.01);
#2136=VECTOR('',#6730,0.01);
#2137=VECTOR('',#6731,0.01);
#2138=VECTOR('',#6734,0.0266194809497957);
#2139=VECTOR('',#6735,0.0266194809497957);
#2140=VECTOR('',#6736,0.01);
#2141=VECTOR('',#6739,0.026376478519091);
#2142=VECTOR('',#6740,0.026376478519091);
#2143=VECTOR('',#6741,0.01);
#2144=VECTOR('',#6744,0.0123040564529683);
#2145=VECTOR('',#6745,0.0123040564529683);
#2146=VECTOR('',#6746,0.01);
#2147=VECTOR('',#6747,0.01);
#2148=VECTOR('',#6748,0.01);
#2149=VECTOR('',#6751,0.0402245688887998);
#2150=VECTOR('',#6752,0.0402245688887998);
#2151=VECTOR('',#6753,0.01);
#2152=VECTOR('',#6756,0.02601139493334);
#2153=VECTOR('',#6757,0.02601139493334);
#2154=VECTOR('',#6758,0.01);
#2155=VECTOR('',#6761,0.024845868061132);
#2156=VECTOR('',#6762,0.024845868061132);
#2157=VECTOR('',#6763,0.01);
#2158=VECTOR('',#6766,0.0443654974492689);
#2159=VECTOR('',#6767,0.0443654974492689);
#2160=VECTOR('',#6768,0.01);
#2161=VECTOR('',#6771,0.0443654978518004);
#2162=VECTOR('',#6772,0.0443654978518004);
#2163=VECTOR('',#6773,0.01);
#2164=VECTOR('',#6776,0.0353917052443997);
#2165=VECTOR('',#6777,0.0353917052443997);
#2166=VECTOR('',#6778,0.01);
#2167=VECTOR('',#6781,0.00574846060009291);
#2168=VECTOR('',#6782,0.00574846060009291);
#2169=VECTOR('',#6783,0.01);
#2170=VECTOR('',#6784,0.01);
#2171=VECTOR('',#6785,0.01);
#2172=VECTOR('',#6788,0.01);
#2173=VECTOR('',#6791,0.01);
#2174=VECTOR('',#6792,0.01);
#2175=VECTOR('',#6793,0.01);
#2176=VECTOR('',#6796,0.029261895022223);
#2177=VECTOR('',#6797,0.029261895022223);
#2178=VECTOR('',#6798,0.01);
#2179=VECTOR('',#6801,0.0288670435555999);
#2180=VECTOR('',#6802,0.0288670435555999);
#2181=VECTOR('',#6803,0.01);
#2182=VECTOR('',#6806,0.0260276622223481);
#2183=VECTOR('',#6807,0.0260276622223481);
#2184=VECTOR('',#6808,0.01);
#2185=VECTOR('',#6811,0.0837765377775995);
#2186=VECTOR('',#6812,0.0837765377775995);
#2187=VECTOR('',#6813,0.01);
#2188=VECTOR('',#6816,0.0128970273632489);
#2189=VECTOR('',#6817,0.0128970273632489);
#2190=VECTOR('',#6818,0.01);
#2191=VECTOR('',#6821,0.0128961376353681);
#2192=VECTOR('',#6822,0.0128961376353681);
#2193=VECTOR('',#6827,0.01);
#2194=VECTOR('',#6828,0.01);
#2195=VECTOR('',#6829,0.01);
#2196=VECTOR('',#6830,0.01);
#2197=VECTOR('',#6831,0.01);
#2198=VECTOR('',#6832,0.01);
#2199=VECTOR('',#6833,0.01);
#2200=VECTOR('',#6834,0.01);
#2201=VECTOR('',#6835,0.01);
#2202=VECTOR('',#6836,0.01);
#2203=VECTOR('',#6837,0.01);
#2204=VECTOR('',#6838,0.01);
#2205=VECTOR('',#6839,0.01);
#2206=VECTOR('',#6840,0.01);
#2207=VECTOR('',#6841,0.01);
#2208=VECTOR('',#6842,0.01);
#2209=VECTOR('',#6843,0.01);
#2210=VECTOR('',#6844,0.01);
#2211=VECTOR('',#6845,0.01);
#2212=VECTOR('',#6848,0.00851814605395064);
#2213=VECTOR('',#6849,0.00851814605395064);
#2214=VECTOR('',#6850,0.01);
#2215=VECTOR('',#6853,0.00550594441643635);
#2216=VECTOR('',#6854,0.00550594441643635);
#2217=VECTOR('',#6855,0.01);
#2218=VECTOR('',#6856,0.01);
#2219=VECTOR('',#6857,0.01);
#2220=VECTOR('',#6858,0.01);
#2221=VECTOR('',#6867,0.1);
#2222=VECTOR('',#6870,0.1);
#2223=VECTOR('',#6873,0.0325119410562055);
#2224=VECTOR('',#6874,0.1);
#2225=VECTOR('',#6875,0.0325119410562055);
#2226=VECTOR('',#6878,0.804199147623795);
#2227=VECTOR('',#6881,0.0325119410562057);
#2228=VECTOR('',#6884,0.804199147623795);
#2229=VECTOR('',#6891,0.1);
#2230=VECTOR('',#6894,0.1);
#2231=VECTOR('',#6895,0.804199147623795);
#2232=VECTOR('',#6900,0.1);
#2233=VECTOR('',#6901,0.1);
#2234=VECTOR('',#6904,0.804199147623795);
#2235=VECTOR('',#6909,0.1);
#2236=VECTOR('',#6912,0.0325119410562057);
#2237=CIRCLE('',#5664,0.0999999999999998);
#2238=CIRCLE('',#5665,0.1);
#2239=CIRCLE('',#5667,0.1);
#2240=CIRCLE('',#5668,0.1);
#2241=CIRCLE('',#5670,0.1);
#2242=CIRCLE('',#5672,0.0999999999999998);
#2243=CIRCLE('',#5673,0.1);
#2244=CIRCLE('',#5675,0.1);
#2245=CIRCLE('',#5677,0.1);
#2246=CIRCLE('',#5678,0.1);
#2247=CIRCLE('',#5680,0.1);
#2248=CIRCLE('',#5682,0.1);
#2249=CIRCLE('',#5691,0.1);
#2250=CIRCLE('',#5692,0.1);
#2251=CIRCLE('',#5694,0.1);
#2252=CIRCLE('',#5695,0.1);
#2253=CIRCLE('',#5697,0.1);
#2254=CIRCLE('',#5699,0.1);
#2255=CIRCLE('',#5700,0.1);
#2256=CIRCLE('',#5702,0.1);
#2257=CIRCLE('',#5704,0.1);
#2258=CIRCLE('',#5705,0.1);
#2259=CIRCLE('',#5707,0.1);
#2260=CIRCLE('',#5709,0.1);
#2261=CIRCLE('',#5728,0.12);
#2262=CIRCLE('',#5729,0.07);
#2263=CIRCLE('',#5730,0.12);
#2264=CIRCLE('',#5731,0.07);
#2265=CIRCLE('',#5735,0.07);
#2266=CIRCLE('',#5736,0.12);
#2267=CIRCLE('',#5737,0.07);
#2268=CIRCLE('',#5738,0.12);
#2269=CIRCLE('',#5751,0.07);
#2270=CIRCLE('',#5752,0.07);
#2271=CIRCLE('',#5755,0.07);
#2272=CIRCLE('',#5756,0.07);
#2273=CIRCLE('',#5759,0.12);
#2274=CIRCLE('',#5760,0.12);
#2275=CIRCLE('',#5763,0.12);
#2276=CIRCLE('',#5764,0.12);
#2277=CIRCLE('',#5772,0.12);
#2278=CIRCLE('',#5773,0.07);
#2279=CIRCLE('',#5774,0.12);
#2280=CIRCLE('',#5775,0.07);
#2281=CIRCLE('',#5779,0.07);
#2282=CIRCLE('',#5782,0.07);
#2283=CIRCLE('',#5785,0.12);
#2284=CIRCLE('',#5787,0.12);
#2285=CIRCLE('',#5892,0.05);
#2286=CIRCLE('',#5893,0.05);
#2287=CIRCLE('',#5896,0.05);
#2288=CIRCLE('',#5897,0.05);
#2289=CIRCLE('',#5898,0.05);
#2290=CIRCLE('',#5900,0.05);
#2291=CIRCLE('',#5903,0.05);
#2292=CIRCLE('',#5906,0.05);
#2293=VERTEX_POINT('',#6925);
#2294=VERTEX_POINT('',#6926);
#2295=VERTEX_POINT('',#6928);
#2296=VERTEX_POINT('',#6930);
#2297=VERTEX_POINT('',#6934);
#2298=VERTEX_POINT('',#6936);
#2299=VERTEX_POINT('',#6938);
#2300=VERTEX_POINT('',#6944);
#2301=VERTEX_POINT('',#6946);
#2302=VERTEX_POINT('',#6948);
#2303=VERTEX_POINT('',#6954);
#2304=VERTEX_POINT('',#6957);
#2305=VERTEX_POINT('',#6965);
#2306=VERTEX_POINT('',#6967);
#2307=VERTEX_POINT('',#6971);
#2308=VERTEX_POINT('',#6975);
#2309=VERTEX_POINT('',#6979);
#2310=VERTEX_POINT('',#6984);
#2311=VERTEX_POINT('',#6985);
#2312=VERTEX_POINT('',#6987);
#2313=VERTEX_POINT('',#6989);
#2314=VERTEX_POINT('',#6993);
#2315=VERTEX_POINT('',#6995);
#2316=VERTEX_POINT('',#6997);
#2317=VERTEX_POINT('',#7003);
#2318=VERTEX_POINT('',#7005);
#2319=VERTEX_POINT('',#7007);
#2320=VERTEX_POINT('',#7013);
#2321=VERTEX_POINT('',#7016);
#2322=VERTEX_POINT('',#7025);
#2323=VERTEX_POINT('',#7038);
#2324=VERTEX_POINT('',#7044);
#2325=VERTEX_POINT('',#7056);
#2326=VERTEX_POINT('',#7057);
#2327=VERTEX_POINT('',#7059);
#2328=VERTEX_POINT('',#7061);
#2329=VERTEX_POINT('',#7065);
#2330=VERTEX_POINT('',#7067);
#2331=VERTEX_POINT('',#7069);
#2332=VERTEX_POINT('',#7071);
#2333=VERTEX_POINT('',#7073);
#2334=VERTEX_POINT('',#7075);
#2335=VERTEX_POINT('',#7077);
#2336=VERTEX_POINT('',#7079);
#2337=VERTEX_POINT('',#7081);
#2338=VERTEX_POINT('',#7083);
#2339=VERTEX_POINT('',#7087);
#2340=VERTEX_POINT('',#7088);
#2341=VERTEX_POINT('',#7093);
#2342=VERTEX_POINT('',#7097);
#2343=VERTEX_POINT('',#7099);
#2344=VERTEX_POINT('',#7101);
#2345=VERTEX_POINT('',#7104);
#2346=VERTEX_POINT('',#7106);
#2347=VERTEX_POINT('',#7108);
#2348=VERTEX_POINT('',#7110);
#2349=VERTEX_POINT('',#7130);
#2350=VERTEX_POINT('',#7131);
#2351=VERTEX_POINT('',#7133);
#2352=VERTEX_POINT('',#7135);
#2353=VERTEX_POINT('',#7139);
#2354=VERTEX_POINT('',#7140);
#2355=VERTEX_POINT('',#7142);
#2356=VERTEX_POINT('',#7144);
#2357=VERTEX_POINT('',#7148);
#2358=VERTEX_POINT('',#7150);
#2359=VERTEX_POINT('',#7154);
#2360=VERTEX_POINT('',#7155);
#2361=VERTEX_POINT('',#7157);
#2362=VERTEX_POINT('',#7159);
#2363=VERTEX_POINT('',#7166);
#2364=VERTEX_POINT('',#7167);
#2365=VERTEX_POINT('',#7169);
#2366=VERTEX_POINT('',#7171);
#2367=VERTEX_POINT('',#7178);
#2368=VERTEX_POINT('',#7179);
#2369=VERTEX_POINT('',#7184);
#2370=VERTEX_POINT('',#7186);
#2371=VERTEX_POINT('',#7191);
#2372=VERTEX_POINT('',#7195);
#2373=VERTEX_POINT('',#7204);
#2374=VERTEX_POINT('',#7205);
#2375=VERTEX_POINT('',#7207);
#2376=VERTEX_POINT('',#7209);
#2377=VERTEX_POINT('',#7213);
#2378=VERTEX_POINT('',#7215);
#2379=VERTEX_POINT('',#7217);
#2380=VERTEX_POINT('',#7219);
#2381=VERTEX_POINT('',#7221);
#2382=VERTEX_POINT('',#7223);
#2383=VERTEX_POINT('',#7225);
#2384=VERTEX_POINT('',#7227);
#2385=VERTEX_POINT('',#7229);
#2386=VERTEX_POINT('',#7231);
#2387=VERTEX_POINT('',#7235);
#2388=VERTEX_POINT('',#7237);
#2389=VERTEX_POINT('',#7241);
#2390=VERTEX_POINT('',#7245);
#2391=VERTEX_POINT('',#7249);
#2392=VERTEX_POINT('',#7251);
#2393=VERTEX_POINT('',#7255);
#2394=VERTEX_POINT('',#7259);
#2395=VERTEX_POINT('',#7265);
#2396=VERTEX_POINT('',#7268);
#2397=VERTEX_POINT('',#7286);
#2398=VERTEX_POINT('',#7287);
#2399=VERTEX_POINT('',#7292);
#2400=VERTEX_POINT('',#7294);
#2401=VERTEX_POINT('',#7308);
#2402=VERTEX_POINT('',#7313);
#2403=VERTEX_POINT('',#7327);
#2404=VERTEX_POINT('',#7332);
#2405=VERTEX_POINT('',#7346);
#2406=VERTEX_POINT('',#7351);
#2407=VERTEX_POINT('',#7358);
#2408=VERTEX_POINT('',#7360);
#2409=VERTEX_POINT('',#7364);
#2410=VERTEX_POINT('',#7366);
#2411=VERTEX_POINT('',#7377);
#2412=VERTEX_POINT('',#7382);
#2413=VERTEX_POINT('',#7405);
#2414=VERTEX_POINT('',#7406);
#2415=VERTEX_POINT('',#7408);
#2416=VERTEX_POINT('',#7410);
#2417=VERTEX_POINT('',#7421);
#2418=VERTEX_POINT('',#7426);
#2419=VERTEX_POINT('',#7440);
#2420=VERTEX_POINT('',#7445);
#2421=VERTEX_POINT('',#7459);
#2422=VERTEX_POINT('',#7464);
#2423=VERTEX_POINT('',#7471);
#2424=VERTEX_POINT('',#7473);
#2425=VERTEX_POINT('',#7477);
#2426=VERTEX_POINT('',#7479);
#2427=VERTEX_POINT('',#7490);
#2428=VERTEX_POINT('',#7495);
#2429=VERTEX_POINT('',#7509);
#2430=VERTEX_POINT('',#7514);
#2431=VERTEX_POINT('',#7528);
#2432=VERTEX_POINT('',#7533);
#2433=VERTEX_POINT('',#7550);
#2434=VERTEX_POINT('',#7551);
#2435=VERTEX_POINT('',#7556);
#2436=VERTEX_POINT('',#7558);
#2437=VERTEX_POINT('',#7572);
#2438=VERTEX_POINT('',#7577);
#2439=VERTEX_POINT('',#7591);
#2440=VERTEX_POINT('',#7596);
#2441=VERTEX_POINT('',#7610);
#2442=VERTEX_POINT('',#7615);
#2443=VERTEX_POINT('',#7629);
#2444=VERTEX_POINT('',#7634);
#2445=VERTEX_POINT('',#7648);
#2446=VERTEX_POINT('',#7653);
#2447=VERTEX_POINT('',#7667);
#2448=VERTEX_POINT('',#7672);
#2449=VERTEX_POINT('',#7686);
#2450=VERTEX_POINT('',#7691);
#2451=VERTEX_POINT('',#7705);
#2452=VERTEX_POINT('',#7710);
#2453=VERTEX_POINT('',#7724);
#2454=VERTEX_POINT('',#7729);
#2455=VERTEX_POINT('',#7736);
#2456=VERTEX_POINT('',#7738);
#2457=VERTEX_POINT('',#7742);
#2458=VERTEX_POINT('',#7744);
#2459=VERTEX_POINT('',#7755);
#2460=VERTEX_POINT('',#7760);
#2461=VERTEX_POINT('',#7774);
#2462=VERTEX_POINT('',#7779);
#2463=VERTEX_POINT('',#7793);
#2464=VERTEX_POINT('',#7798);
#2465=VERTEX_POINT('',#7812);
#2466=VERTEX_POINT('',#7817);
#2467=VERTEX_POINT('',#7831);
#2468=VERTEX_POINT('',#7836);
#2469=VERTEX_POINT('',#7850);
#2470=VERTEX_POINT('',#7855);
#2471=VERTEX_POINT('',#7869);
#2472=VERTEX_POINT('',#7874);
#2473=VERTEX_POINT('',#7888);
#2474=VERTEX_POINT('',#7893);
#2475=VERTEX_POINT('',#7907);
#2476=VERTEX_POINT('',#7912);
#2477=VERTEX_POINT('',#7919);
#2478=VERTEX_POINT('',#7921);
#2479=VERTEX_POINT('',#7925);
#2480=VERTEX_POINT('',#7927);
#2481=VERTEX_POINT('',#7943);
#2482=VERTEX_POINT('',#7944);
#2483=VERTEX_POINT('',#7949);
#2484=VERTEX_POINT('',#7951);
#2485=VERTEX_POINT('',#7965);
#2486=VERTEX_POINT('',#7970);
#2487=VERTEX_POINT('',#7984);
#2488=VERTEX_POINT('',#7989);
#2489=VERTEX_POINT('',#8003);
#2490=VERTEX_POINT('',#8008);
#2491=VERTEX_POINT('',#8015);
#2492=VERTEX_POINT('',#8017);
#2493=VERTEX_POINT('',#8021);
#2494=VERTEX_POINT('',#8023);
#2495=VERTEX_POINT('',#8043);
#2496=VERTEX_POINT('',#8044);
#2497=VERTEX_POINT('',#8046);
#2498=VERTEX_POINT('',#8048);
#2499=VERTEX_POINT('',#8052);
#2500=VERTEX_POINT('',#8054);
#2501=VERTEX_POINT('',#8058);
#2502=VERTEX_POINT('',#8060);
#2503=VERTEX_POINT('',#8064);
#2504=VERTEX_POINT('',#8066);
#2505=VERTEX_POINT('',#8070);
#2506=VERTEX_POINT('',#8072);
#2507=VERTEX_POINT('',#8076);
#2508=VERTEX_POINT('',#8078);
#2509=VERTEX_POINT('',#8089);
#2510=VERTEX_POINT('',#8094);
#2511=VERTEX_POINT('',#8108);
#2512=VERTEX_POINT('',#8113);
#2513=VERTEX_POINT('',#8127);
#2514=VERTEX_POINT('',#8132);
#2515=VERTEX_POINT('',#8146);
#2516=VERTEX_POINT('',#8151);
#2517=VERTEX_POINT('',#8165);
#2518=VERTEX_POINT('',#8170);
#2519=VERTEX_POINT('',#8184);
#2520=VERTEX_POINT('',#8189);
#2521=VERTEX_POINT('',#8203);
#2522=VERTEX_POINT('',#8208);
#2523=VERTEX_POINT('',#8222);
#2524=VERTEX_POINT('',#8227);
#2525=VERTEX_POINT('',#8241);
#2526=VERTEX_POINT('',#8246);
#2527=VERTEX_POINT('',#8260);
#2528=VERTEX_POINT('',#8265);
#2529=VERTEX_POINT('',#8272);
#2530=VERTEX_POINT('',#8274);
#2531=VERTEX_POINT('',#8278);
#2532=VERTEX_POINT('',#8280);
#2533=VERTEX_POINT('',#8284);
#2534=VERTEX_POINT('',#8286);
#2535=VERTEX_POINT('',#8297);
#2536=VERTEX_POINT('',#8302);
#2537=VERTEX_POINT('',#8316);
#2538=VERTEX_POINT('',#8321);
#2539=VERTEX_POINT('',#8335);
#2540=VERTEX_POINT('',#8340);
#2541=VERTEX_POINT('',#8354);
#2542=VERTEX_POINT('',#8359);
#2543=VERTEX_POINT('',#8373);
#2544=VERTEX_POINT('',#8378);
#2545=VERTEX_POINT('',#8392);
#2546=VERTEX_POINT('',#8397);
#2547=VERTEX_POINT('',#8411);
#2548=VERTEX_POINT('',#8416);
#2549=VERTEX_POINT('',#8430);
#2550=VERTEX_POINT('',#8435);
#2551=VERTEX_POINT('',#8442);
#2552=VERTEX_POINT('',#8444);
#2553=VERTEX_POINT('',#8448);
#2554=VERTEX_POINT('',#8450);
#2555=VERTEX_POINT('',#8454);
#2556=VERTEX_POINT('',#8456);
#2557=VERTEX_POINT('',#8460);
#2558=VERTEX_POINT('',#8462);
#2559=VERTEX_POINT('',#8466);
#2560=VERTEX_POINT('',#8468);
#2561=VERTEX_POINT('',#8472);
#2562=VERTEX_POINT('',#8474);
#2563=VERTEX_POINT('',#8483);
#2564=VERTEX_POINT('',#8484);
#2565=VERTEX_POINT('',#8486);
#2566=VERTEX_POINT('',#8488);
#2567=VERTEX_POINT('',#8492);
#2568=VERTEX_POINT('',#8494);
#2569=VERTEX_POINT('',#8505);
#2570=VERTEX_POINT('',#8510);
#2571=VERTEX_POINT('',#8524);
#2572=VERTEX_POINT('',#8529);
#2573=VERTEX_POINT('',#8543);
#2574=VERTEX_POINT('',#8548);
#2575=VERTEX_POINT('',#8562);
#2576=VERTEX_POINT('',#8567);
#2577=VERTEX_POINT('',#8581);
#2578=VERTEX_POINT('',#8586);
#2579=VERTEX_POINT('',#8600);
#2580=VERTEX_POINT('',#8605);
#2581=VERTEX_POINT('',#8619);
#2582=VERTEX_POINT('',#8624);
#2583=VERTEX_POINT('',#8638);
#2584=VERTEX_POINT('',#8643);
#2585=VERTEX_POINT('',#8657);
#2586=VERTEX_POINT('',#8662);
#2587=VERTEX_POINT('',#8676);
#2588=VERTEX_POINT('',#8681);
#2589=VERTEX_POINT('',#8695);
#2590=VERTEX_POINT('',#8700);
#2591=VERTEX_POINT('',#8714);
#2592=VERTEX_POINT('',#8719);
#2593=VERTEX_POINT('',#8733);
#2594=VERTEX_POINT('',#8738);
#2595=VERTEX_POINT('',#8752);
#2596=VERTEX_POINT('',#8757);
#2597=VERTEX_POINT('',#8771);
#2598=VERTEX_POINT('',#8776);
#2599=VERTEX_POINT('',#8783);
#2600=VERTEX_POINT('',#8785);
#2601=VERTEX_POINT('',#8789);
#2602=VERTEX_POINT('',#8791);
#2603=VERTEX_POINT('',#8795);
#2604=VERTEX_POINT('',#8797);
#2605=VERTEX_POINT('',#8801);
#2606=VERTEX_POINT('',#8803);
#2607=VERTEX_POINT('',#8807);
#2608=VERTEX_POINT('',#8809);
#2609=VERTEX_POINT('',#8813);
#2610=VERTEX_POINT('',#8818);
#2611=VERTEX_POINT('',#8832);
#2612=VERTEX_POINT('',#8837);
#2613=VERTEX_POINT('',#8851);
#2614=VERTEX_POINT('',#8856);
#2615=VERTEX_POINT('',#8870);
#2616=VERTEX_POINT('',#8875);
#2617=VERTEX_POINT('',#8889);
#2618=VERTEX_POINT('',#8894);
#2619=VERTEX_POINT('',#8908);
#2620=VERTEX_POINT('',#8913);
#2621=VERTEX_POINT('',#8927);
#2622=VERTEX_POINT('',#8932);
#2623=VERTEX_POINT('',#8946);
#2624=VERTEX_POINT('',#8951);
#2625=VERTEX_POINT('',#8965);
#2626=VERTEX_POINT('',#8970);
#2627=VERTEX_POINT('',#8984);
#2628=VERTEX_POINT('',#8989);
#2629=VERTEX_POINT('',#9003);
#2630=VERTEX_POINT('',#9008);
#2631=VERTEX_POINT('',#9022);
#2632=VERTEX_POINT('',#9027);
#2633=VERTEX_POINT('',#9034);
#2634=VERTEX_POINT('',#9039);
#2635=VERTEX_POINT('',#9053);
#2636=VERTEX_POINT('',#9058);
#2637=VERTEX_POINT('',#9072);
#2638=VERTEX_POINT('',#9077);
#2639=VERTEX_POINT('',#9084);
#2640=VERTEX_POINT('',#9086);
#2641=VERTEX_POINT('',#9090);
#2642=VERTEX_POINT('',#9092);
#2643=VERTEX_POINT('',#9096);
#2644=VERTEX_POINT('',#9098);
#2645=VERTEX_POINT('',#9102);
#2646=VERTEX_POINT('',#9104);
#2647=VERTEX_POINT('',#9120);
#2648=VERTEX_POINT('',#9121);
#2649=VERTEX_POINT('',#9126);
#2650=VERTEX_POINT('',#9128);
#2651=VERTEX_POINT('',#9142);
#2652=VERTEX_POINT('',#9147);
#2653=VERTEX_POINT('',#9154);
#2654=VERTEX_POINT('',#9156);
#2655=VERTEX_POINT('',#9160);
#2656=VERTEX_POINT('',#9162);
#2657=VERTEX_POINT('',#9166);
#2658=VERTEX_POINT('',#9168);
#2659=VERTEX_POINT('',#9172);
#2660=VERTEX_POINT('',#9174);
#2661=VERTEX_POINT('',#9178);
#2662=VERTEX_POINT('',#9180);
#2663=VERTEX_POINT('',#9184);
#2664=VERTEX_POINT('',#9186);
#2665=VERTEX_POINT('',#9190);
#2666=VERTEX_POINT('',#9192);
#2667=VERTEX_POINT('',#9196);
#2668=VERTEX_POINT('',#9198);
#2669=VERTEX_POINT('',#9209);
#2670=VERTEX_POINT('',#9214);
#2671=VERTEX_POINT('',#9228);
#2672=VERTEX_POINT('',#9233);
#2673=VERTEX_POINT('',#9247);
#2674=VERTEX_POINT('',#9252);
#2675=VERTEX_POINT('',#9266);
#2676=VERTEX_POINT('',#9271);
#2677=VERTEX_POINT('',#9278);
#2678=VERTEX_POINT('',#9280);
#2679=VERTEX_POINT('',#9284);
#2680=VERTEX_POINT('',#9286);
#2681=VERTEX_POINT('',#9290);
#2682=VERTEX_POINT('',#9292);
#2683=VERTEX_POINT('',#9296);
#2684=VERTEX_POINT('',#9298);
#2685=VERTEX_POINT('',#9302);
#2686=VERTEX_POINT('',#9304);
#2687=VERTEX_POINT('',#9308);
#2688=VERTEX_POINT('',#9310);
#2689=VERTEX_POINT('',#9314);
#2690=VERTEX_POINT('',#9316);
#2691=VERTEX_POINT('',#9320);
#2692=VERTEX_POINT('',#9322);
#2693=VERTEX_POINT('',#9333);
#2694=VERTEX_POINT('',#9338);
#2695=VERTEX_POINT('',#9352);
#2696=VERTEX_POINT('',#9357);
#2697=VERTEX_POINT('',#9371);
#2698=VERTEX_POINT('',#9376);
#2699=VERTEX_POINT('',#9401);
#2700=VERTEX_POINT('',#9402);
#2701=VERTEX_POINT('',#9404);
#2702=VERTEX_POINT('',#9406);
#2703=VERTEX_POINT('',#9410);
#2704=VERTEX_POINT('',#9412);
#2705=VERTEX_POINT('',#9416);
#2706=VERTEX_POINT('',#9418);
#2707=VERTEX_POINT('',#9422);
#2708=VERTEX_POINT('',#9424);
#2709=VERTEX_POINT('',#9428);
#2710=VERTEX_POINT('',#9430);
#2711=VERTEX_POINT('',#9434);
#2712=VERTEX_POINT('',#9436);
#2713=VERTEX_POINT('',#9447);
#2714=VERTEX_POINT('',#9452);
#2715=VERTEX_POINT('',#9466);
#2716=VERTEX_POINT('',#9471);
#2717=VERTEX_POINT('',#9478);
#2718=VERTEX_POINT('',#9483);
#2719=VERTEX_POINT('',#9497);
#2720=VERTEX_POINT('',#9502);
#2721=VERTEX_POINT('',#9516);
#2722=VERTEX_POINT('',#9521);
#2723=VERTEX_POINT('',#9528);
#2724=VERTEX_POINT('',#9530);
#2725=VERTEX_POINT('',#9534);
#2726=VERTEX_POINT('',#9536);
#2727=VERTEX_POINT('',#9540);
#2728=VERTEX_POINT('',#9542);
#2729=VERTEX_POINT('',#9553);
#2730=VERTEX_POINT('',#9558);
#2731=VERTEX_POINT('',#9572);
#2732=VERTEX_POINT('',#9577);
#2733=VERTEX_POINT('',#9584);
#2734=VERTEX_POINT('',#9586);
#2735=VERTEX_POINT('',#9590);
#2736=VERTEX_POINT('',#9592);
#2737=VERTEX_POINT('',#9596);
#2738=VERTEX_POINT('',#9598);
#2739=VERTEX_POINT('',#9602);
#2740=VERTEX_POINT('',#9604);
#2741=VERTEX_POINT('',#9608);
#2742=VERTEX_POINT('',#9610);
#2743=VERTEX_POINT('',#9614);
#2744=VERTEX_POINT('',#9616);
#2745=VERTEX_POINT('',#9620);
#2746=VERTEX_POINT('',#9622);
#2747=VERTEX_POINT('',#9633);
#2748=VERTEX_POINT('',#9638);
#2749=VERTEX_POINT('',#9652);
#2750=VERTEX_POINT('',#9657);
#2751=VERTEX_POINT('',#9664);
#2752=VERTEX_POINT('',#9669);
#2753=VERTEX_POINT('',#9676);
#2754=VERTEX_POINT('',#9681);
#2755=VERTEX_POINT('',#9695);
#2756=VERTEX_POINT('',#9700);
#2757=VERTEX_POINT('',#9714);
#2758=VERTEX_POINT('',#9719);
#2759=VERTEX_POINT('',#9726);
#2760=VERTEX_POINT('',#9728);
#2761=VERTEX_POINT('',#9732);
#2762=VERTEX_POINT('',#9734);
#2763=VERTEX_POINT('',#9738);
#2764=VERTEX_POINT('',#9740);
#2765=VERTEX_POINT('',#9744);
#2766=VERTEX_POINT('',#9746);
#2767=VERTEX_POINT('',#9750);
#2768=VERTEX_POINT('',#9752);
#2769=VERTEX_POINT('',#9768);
#2770=VERTEX_POINT('',#9769);
#2771=VERTEX_POINT('',#9774);
#2772=VERTEX_POINT('',#9776);
#2773=VERTEX_POINT('',#9790);
#2774=VERTEX_POINT('',#9795);
#2775=VERTEX_POINT('',#9809);
#2776=VERTEX_POINT('',#9814);
#2777=VERTEX_POINT('',#9828);
#2778=VERTEX_POINT('',#9833);
#2779=VERTEX_POINT('',#9847);
#2780=VERTEX_POINT('',#9852);
#2781=VERTEX_POINT('',#9866);
#2782=VERTEX_POINT('',#9871);
#2783=VERTEX_POINT('',#9885);
#2784=VERTEX_POINT('',#9890);
#2785=VERTEX_POINT('',#9904);
#2786=VERTEX_POINT('',#9909);
#2787=VERTEX_POINT('',#9939);
#2788=VERTEX_POINT('',#9940);
#2789=VERTEX_POINT('',#9945);
#2790=VERTEX_POINT('',#9947);
#2791=VERTEX_POINT('',#9961);
#2792=VERTEX_POINT('',#9966);
#2793=VERTEX_POINT('',#9980);
#2794=VERTEX_POINT('',#9985);
#2795=VERTEX_POINT('',#9999);
#2796=VERTEX_POINT('',#10004);
#2797=VERTEX_POINT('',#10018);
#2798=VERTEX_POINT('',#10023);
#2799=VERTEX_POINT('',#10037);
#2800=VERTEX_POINT('',#10042);
#2801=VERTEX_POINT('',#10056);
#2802=VERTEX_POINT('',#10061);
#2803=VERTEX_POINT('',#10075);
#2804=VERTEX_POINT('',#10080);
#2805=VERTEX_POINT('',#10094);
#2806=VERTEX_POINT('',#10099);
#2807=VERTEX_POINT('',#10106);
#2808=VERTEX_POINT('',#10108);
#2809=VERTEX_POINT('',#10112);
#2810=VERTEX_POINT('',#10114);
#2811=VERTEX_POINT('',#10125);
#2812=VERTEX_POINT('',#10130);
#2813=VERTEX_POINT('',#10144);
#2814=VERTEX_POINT('',#10149);
#2815=VERTEX_POINT('',#10163);
#2816=VERTEX_POINT('',#10168);
#2817=VERTEX_POINT('',#10193);
#2818=VERTEX_POINT('',#10194);
#2819=VERTEX_POINT('',#10196);
#2820=VERTEX_POINT('',#10198);
#2821=VERTEX_POINT('',#10202);
#2822=VERTEX_POINT('',#10204);
#2823=VERTEX_POINT('',#10208);
#2824=VERTEX_POINT('',#10210);
#2825=VERTEX_POINT('',#10212);
#2826=VERTEX_POINT('',#10214);
#2827=VERTEX_POINT('',#10216);
#2828=VERTEX_POINT('',#10220);
#2829=VERTEX_POINT('',#10224);
#2830=VERTEX_POINT('',#10228);
#2831=VERTEX_POINT('',#10229);
#2832=VERTEX_POINT('',#10236);
#2833=EDGE_CURVE('',#2293,#2294,#2237,.T.);
#2834=EDGE_CURVE('',#2294,#2295,#1221,.T.);
#2835=EDGE_CURVE('',#2295,#2296,#2238,.T.);
#2836=EDGE_CURVE('',#2296,#2293,#1222,.T.);
#2837=EDGE_CURVE('',#2297,#2295,#2239,.T.);
#2838=EDGE_CURVE('',#2295,#2298,#1223,.T.);
#2839=EDGE_CURVE('',#2298,#2299,#2240,.T.);
#2840=EDGE_CURVE('',#2299,#2297,#1224,.T.);
#2841=EDGE_CURVE('',#2297,#2296,#2241,.T.);
#2842=EDGE_CURVE('',#2300,#2298,#2242,.T.);
#2843=EDGE_CURVE('',#2298,#2301,#1225,.T.);
#2844=EDGE_CURVE('',#2301,#2302,#2243,.T.);
#2845=EDGE_CURVE('',#2302,#2300,#1226,.T.);
#2846=EDGE_CURVE('',#2300,#2299,#2244,.T.);
#2847=EDGE_CURVE('',#2303,#2301,#2245,.T.);
#2848=EDGE_CURVE('',#2301,#2294,#1227,.T.);
#2849=EDGE_CURVE('',#2294,#2304,#2246,.T.);
#2850=EDGE_CURVE('',#2304,#2303,#1228,.T.);
#2851=EDGE_CURVE('',#2303,#2302,#2247,.T.);
#2852=EDGE_CURVE('',#2293,#2304,#2248,.T.);
#2853=EDGE_CURVE('',#2300,#2305,#1229,.T.);
#2854=EDGE_CURVE('',#2305,#2306,#585,.T.);
#2855=EDGE_CURVE('',#2306,#2299,#1230,.T.);
#2856=EDGE_CURVE('',#2307,#2302,#1231,.T.);
#2857=EDGE_CURVE('',#2307,#2305,#1232,.T.);
#2858=EDGE_CURVE('',#2303,#2308,#1233,.T.);
#2859=EDGE_CURVE('',#2308,#2307,#586,.T.);
#2860=EDGE_CURVE('',#2309,#2304,#1234,.T.);
#2861=EDGE_CURVE('',#2309,#2308,#1235,.T.);
#2862=EDGE_CURVE('',#2310,#2311,#2249,.T.);
#2863=EDGE_CURVE('',#2311,#2312,#1236,.T.);
#2864=EDGE_CURVE('',#2312,#2313,#2250,.T.);
#2865=EDGE_CURVE('',#2313,#2310,#1237,.T.);
#2866=EDGE_CURVE('',#2314,#2312,#2251,.T.);
#2867=EDGE_CURVE('',#2312,#2315,#1238,.T.);
#2868=EDGE_CURVE('',#2315,#2316,#2252,.T.);
#2869=EDGE_CURVE('',#2316,#2314,#1239,.T.);
#2870=EDGE_CURVE('',#2314,#2313,#2253,.T.);
#2871=EDGE_CURVE('',#2317,#2315,#2254,.T.);
#2872=EDGE_CURVE('',#2315,#2318,#1240,.T.);
#2873=EDGE_CURVE('',#2318,#2319,#2255,.T.);
#2874=EDGE_CURVE('',#2319,#2317,#1241,.T.);
#2875=EDGE_CURVE('',#2317,#2316,#2256,.T.);
#2876=EDGE_CURVE('',#2320,#2318,#2257,.T.);
#2877=EDGE_CURVE('',#2318,#2311,#1242,.T.);
#2878=EDGE_CURVE('',#2311,#2321,#2258,.T.);
#2879=EDGE_CURVE('',#2321,#2320,#1243,.T.);
#2880=EDGE_CURVE('',#2320,#2319,#2259,.T.);
#2881=EDGE_CURVE('',#2310,#2321,#2260,.T.);
#2882=EDGE_CURVE('',#2317,#2309,#1244,.T.);
#2883=EDGE_CURVE('',#2322,#2309,#587,.T.);
#2884=EDGE_CURVE('',#2322,#2316,#1245,.T.);
#2885=EDGE_CURVE('',#2308,#2319,#1246,.T.);
#2886=EDGE_CURVE('',#2320,#2307,#1247,.T.);
#2887=EDGE_CURVE('',#2305,#2321,#1248,.T.);
#2888=EDGE_CURVE('',#2310,#2306,#1249,.T.);
#2889=EDGE_CURVE('',#2306,#2323,#1250,.T.);
#2890=EDGE_CURVE('',#2297,#2323,#1251,.T.);
#2891=EDGE_CURVE('',#2323,#2313,#1252,.T.);
#2892=EDGE_CURVE('',#2323,#2324,#588,.T.);
#2893=EDGE_CURVE('',#2324,#2296,#1253,.T.);
#2894=EDGE_CURVE('',#2314,#2324,#1254,.T.);
#2895=EDGE_CURVE('',#2324,#2322,#1255,.T.);
#2896=EDGE_CURVE('',#2293,#2322,#1256,.T.);
#2897=EDGE_CURVE('',#2325,#2326,#1257,.T.);
#2898=EDGE_CURVE('',#2327,#2325,#1258,.T.);
#2899=EDGE_CURVE('',#2328,#2327,#1259,.T.);
#2900=EDGE_CURVE('',#2326,#2328,#1260,.T.);
#2901=EDGE_CURVE('',#2329,#2326,#1261,.T.);
#2902=EDGE_CURVE('',#2329,#2330,#2261,.T.);
#2903=EDGE_CURVE('',#2331,#2330,#1262,.T.);
#2904=EDGE_CURVE('',#2331,#2332,#2262,.T.);
#2905=EDGE_CURVE('',#2333,#2332,#1263,.T.);
#2906=EDGE_CURVE('',#2334,#2333,#1264,.T.);
#2907=EDGE_CURVE('',#2334,#2335,#1265,.T.);
#2908=EDGE_CURVE('',#2335,#2336,#2263,.T.);
#2909=EDGE_CURVE('',#2337,#2336,#1266,.T.);
#2910=EDGE_CURVE('',#2337,#2338,#2264,.T.);
#2911=EDGE_CURVE('',#2325,#2338,#1267,.T.);
#2912=EDGE_CURVE('',#2339,#2340,#1268,.T.);
#2913=EDGE_CURVE('',#2340,#2334,#1269,.T.);
#2914=EDGE_CURVE('',#2333,#2339,#1270,.T.);
#2915=EDGE_CURVE('',#2340,#2341,#1271,.T.);
#2916=EDGE_CURVE('',#2341,#2335,#1272,.T.);
#2917=EDGE_CURVE('',#2342,#2327,#1273,.T.);
#2918=EDGE_CURVE('',#2342,#2343,#2265,.T.);
#2919=EDGE_CURVE('',#2344,#2343,#1274,.T.);
#2920=EDGE_CURVE('',#2344,#2341,#2266,.T.);
#2921=EDGE_CURVE('',#2339,#2345,#1275,.T.);
#2922=EDGE_CURVE('',#2345,#2346,#2267,.T.);
#2923=EDGE_CURVE('',#2347,#2346,#1276,.T.);
#2924=EDGE_CURVE('',#2347,#2348,#2268,.T.);
#2925=EDGE_CURVE('',#2328,#2348,#1277,.T.);
#2926=EDGE_CURVE('',#2336,#2344,#1278,.T.);
#2927=EDGE_CURVE('',#2343,#2337,#1279,.T.);
#2928=EDGE_CURVE('',#2330,#2347,#1280,.T.);
#2929=EDGE_CURVE('',#2348,#2329,#1281,.T.);
#2930=EDGE_CURVE('',#2332,#2345,#1282,.T.);
#2931=EDGE_CURVE('',#2346,#2331,#1283,.T.);
#2932=EDGE_CURVE('',#2338,#2342,#1284,.T.);
#2933=EDGE_CURVE('',#2349,#2350,#1285,.T.);
#2934=EDGE_CURVE('',#2349,#2351,#1286,.T.);
#2935=EDGE_CURVE('',#2351,#2352,#1287,.T.);
#2936=EDGE_CURVE('',#2350,#2352,#1288,.T.);
#2937=EDGE_CURVE('',#2353,#2354,#1289,.T.);
#2938=EDGE_CURVE('',#2354,#2355,#1290,.T.);
#2939=EDGE_CURVE('',#2355,#2356,#1291,.T.);
#2940=EDGE_CURVE('',#2356,#2353,#1292,.T.);
#2941=EDGE_CURVE('',#2356,#2357,#2269,.T.);
#2942=EDGE_CURVE('',#2358,#2355,#2270,.T.);
#2943=EDGE_CURVE('',#2357,#2358,#1293,.T.);
#2944=EDGE_CURVE('',#2359,#2360,#1294,.T.);
#2945=EDGE_CURVE('',#2360,#2361,#1295,.T.);
#2946=EDGE_CURVE('',#2361,#2362,#1296,.T.);
#2947=EDGE_CURVE('',#2362,#2359,#1297,.T.);
#2948=EDGE_CURVE('',#2352,#2361,#2271,.T.);
#2949=EDGE_CURVE('',#2362,#2351,#2272,.T.);
#2950=EDGE_CURVE('',#2363,#2364,#1298,.T.);
#2951=EDGE_CURVE('',#2364,#2365,#1299,.T.);
#2952=EDGE_CURVE('',#2365,#2366,#1300,.T.);
#2953=EDGE_CURVE('',#2366,#2363,#1301,.T.);
#2954=EDGE_CURVE('',#2360,#2363,#2273,.T.);
#2955=EDGE_CURVE('',#2364,#2359,#2274,.T.);
#2956=EDGE_CURVE('',#2367,#2368,#1302,.T.);
#2957=EDGE_CURVE('',#2368,#2357,#1303,.T.);
#2958=EDGE_CURVE('',#2358,#2367,#1304,.T.);
#2959=EDGE_CURVE('',#2369,#2367,#2275,.T.);
#2960=EDGE_CURVE('',#2370,#2369,#1305,.T.);
#2961=EDGE_CURVE('',#2368,#2370,#2276,.T.);
#2962=EDGE_CURVE('',#2366,#2353,#1306,.T.);
#2963=EDGE_CURVE('',#2371,#2370,#1307,.T.);
#2964=EDGE_CURVE('',#2350,#2371,#1308,.T.);
#2965=EDGE_CURVE('',#2371,#2372,#1309,.T.);
#2966=EDGE_CURVE('',#2372,#2369,#1310,.T.);
#2967=EDGE_CURVE('',#2372,#2349,#1311,.T.);
#2968=EDGE_CURVE('',#2354,#2365,#1312,.T.);
#2969=EDGE_CURVE('',#2373,#2374,#1313,.T.);
#2970=EDGE_CURVE('',#2373,#2375,#1314,.T.);
#2971=EDGE_CURVE('',#2376,#2375,#1315,.T.);
#2972=EDGE_CURVE('',#2374,#2376,#1316,.T.);
#2973=EDGE_CURVE('',#2375,#2377,#1317,.T.);
#2974=EDGE_CURVE('',#2378,#2377,#2277,.T.);
#2975=EDGE_CURVE('',#2378,#2379,#1318,.T.);
#2976=EDGE_CURVE('',#2380,#2379,#2278,.T.);
#2977=EDGE_CURVE('',#2380,#2381,#1319,.T.);
#2978=EDGE_CURVE('',#2382,#2381,#1320,.T.);
#2979=EDGE_CURVE('',#2383,#2382,#1321,.T.);
#2980=EDGE_CURVE('',#2384,#2383,#2279,.T.);
#2981=EDGE_CURVE('',#2384,#2385,#1322,.T.);
#2982=EDGE_CURVE('',#2386,#2385,#2280,.T.);
#2983=EDGE_CURVE('',#2386,#2376,#1323,.T.);
#2984=EDGE_CURVE('',#2387,#2382,#1324,.T.);
#2985=EDGE_CURVE('',#2388,#2387,#1325,.T.);
#2986=EDGE_CURVE('',#2383,#2388,#1326,.T.);
#2987=EDGE_CURVE('',#2389,#2386,#1327,.T.);
#2988=EDGE_CURVE('',#2374,#2389,#1328,.T.);
#2989=EDGE_CURVE('',#2385,#2390,#1329,.T.);
#2990=EDGE_CURVE('',#2390,#2389,#2281,.T.);
#2991=EDGE_CURVE('',#2391,#2378,#1330,.T.);
#2992=EDGE_CURVE('',#2392,#2391,#1331,.T.);
#2993=EDGE_CURVE('',#2379,#2392,#1332,.T.);
#2994=EDGE_CURVE('',#2392,#2393,#2282,.T.);
#2995=EDGE_CURVE('',#2393,#2380,#1333,.T.);
#2996=EDGE_CURVE('',#2377,#2394,#1334,.T.);
#2997=EDGE_CURVE('',#2394,#2373,#1335,.T.);
#2998=EDGE_CURVE('',#2394,#2391,#2283,.T.);
#2999=EDGE_CURVE('',#2390,#2395,#1336,.T.);
#3000=EDGE_CURVE('',#2388,#2395,#2284,.T.);
#3001=EDGE_CURVE('',#2396,#2387,#1337,.T.);
#3002=EDGE_CURVE('',#2393,#2396,#1338,.T.);
#3003=EDGE_CURVE('',#2395,#2384,#1339,.T.);
#3004=EDGE_CURVE('',#2381,#2396,#1340,.T.);
#3005=EDGE_CURVE('',#2397,#2398,#31,.T.);
#3006=EDGE_CURVE('',#2397,#2399,#1341,.T.);
#3007=EDGE_CURVE('',#2400,#2399,#32,.T.);
#3008=EDGE_CURVE('',#2398,#2400,#1342,.T.);
#3009=EDGE_CURVE('',#2401,#2397,#33,.T.);
#3010=EDGE_CURVE('',#2401,#2402,#1343,.T.);
#3011=EDGE_CURVE('',#2399,#2402,#34,.T.);
#3012=EDGE_CURVE('',#2403,#2401,#35,.T.);
#3013=EDGE_CURVE('',#2403,#2404,#1344,.T.);
#3014=EDGE_CURVE('',#2402,#2404,#36,.T.);
#3015=EDGE_CURVE('',#2405,#2403,#37,.T.);
#3016=EDGE_CURVE('',#2405,#2406,#1345,.T.);
#3017=EDGE_CURVE('',#2404,#2406,#38,.T.);
#3018=EDGE_CURVE('',#2407,#2405,#1346,.T.);
#3019=EDGE_CURVE('',#2407,#2408,#1347,.T.);
#3020=EDGE_CURVE('',#2406,#2408,#1348,.T.);
#3021=EDGE_CURVE('',#2409,#2407,#1349,.T.);
#3022=EDGE_CURVE('',#2409,#2410,#1350,.T.);
#3023=EDGE_CURVE('',#2408,#2410,#1351,.T.);
#3024=EDGE_CURVE('',#2411,#2409,#39,.T.);
#3025=EDGE_CURVE('',#2411,#2412,#1352,.T.);
#3026=EDGE_CURVE('',#2410,#2412,#40,.T.);
#3027=EDGE_CURVE('',#2398,#2411,#41,.T.);
#3028=EDGE_CURVE('',#2412,#2400,#42,.T.);
#3029=EDGE_CURVE('',#2413,#2414,#1353,.T.);
#3030=EDGE_CURVE('',#2413,#2415,#1354,.T.);
#3031=EDGE_CURVE('',#2416,#2415,#1355,.T.);
#3032=EDGE_CURVE('',#2414,#2416,#1356,.T.);
#3033=EDGE_CURVE('',#2417,#2413,#43,.T.);
#3034=EDGE_CURVE('',#2417,#2418,#1357,.T.);
#3035=EDGE_CURVE('',#2415,#2418,#44,.T.);
#3036=EDGE_CURVE('',#2419,#2417,#45,.T.);
#3037=EDGE_CURVE('',#2419,#2420,#1358,.T.);
#3038=EDGE_CURVE('',#2418,#2420,#46,.T.);
#3039=EDGE_CURVE('',#2421,#2419,#47,.T.);
#3040=EDGE_CURVE('',#2421,#2422,#1359,.T.);
#3041=EDGE_CURVE('',#2420,#2422,#48,.T.);
#3042=EDGE_CURVE('',#2423,#2421,#1360,.T.);
#3043=EDGE_CURVE('',#2423,#2424,#1361,.T.);
#3044=EDGE_CURVE('',#2422,#2424,#1362,.T.);
#3045=EDGE_CURVE('',#2425,#2423,#1363,.T.);
#3046=EDGE_CURVE('',#2425,#2426,#1364,.T.);
#3047=EDGE_CURVE('',#2424,#2426,#1365,.T.);
#3048=EDGE_CURVE('',#2427,#2425,#49,.T.);
#3049=EDGE_CURVE('',#2427,#2428,#1366,.T.);
#3050=EDGE_CURVE('',#2426,#2428,#50,.T.);
#3051=EDGE_CURVE('',#2429,#2427,#51,.T.);
#3052=EDGE_CURVE('',#2429,#2430,#1367,.T.);
#3053=EDGE_CURVE('',#2428,#2430,#52,.T.);
#3054=EDGE_CURVE('',#2431,#2429,#53,.T.);
#3055=EDGE_CURVE('',#2431,#2432,#1368,.T.);
#3056=EDGE_CURVE('',#2430,#2432,#54,.T.);
#3057=EDGE_CURVE('',#2414,#2431,#1369,.T.);
#3058=EDGE_CURVE('',#2432,#2416,#1370,.T.);
#3059=EDGE_CURVE('',#2433,#2434,#55,.T.);
#3060=EDGE_CURVE('',#2434,#2435,#1371,.T.);
#3061=EDGE_CURVE('',#2436,#2435,#56,.T.);
#3062=EDGE_CURVE('',#2433,#2436,#1372,.T.);
#3063=EDGE_CURVE('',#2437,#2433,#57,.T.);
#3064=EDGE_CURVE('',#2438,#2436,#58,.T.);
#3065=EDGE_CURVE('',#2437,#2438,#1373,.T.);
#3066=EDGE_CURVE('',#2439,#2437,#59,.T.);
#3067=EDGE_CURVE('',#2440,#2438,#60,.T.);
#3068=EDGE_CURVE('',#2439,#2440,#1374,.T.);
#3069=EDGE_CURVE('',#2441,#2439,#61,.T.);
#3070=EDGE_CURVE('',#2442,#2440,#62,.T.);
#3071=EDGE_CURVE('',#2441,#2442,#1375,.T.);
#3072=EDGE_CURVE('',#2443,#2441,#63,.T.);
#3073=EDGE_CURVE('',#2444,#2442,#64,.T.);
#3074=EDGE_CURVE('',#2443,#2444,#1376,.T.);
#3075=EDGE_CURVE('',#2445,#2443,#65,.T.);
#3076=EDGE_CURVE('',#2446,#2444,#66,.T.);
#3077=EDGE_CURVE('',#2445,#2446,#1377,.T.);
#3078=EDGE_CURVE('',#2447,#2445,#67,.T.);
#3079=EDGE_CURVE('',#2448,#2446,#68,.T.);
#3080=EDGE_CURVE('',#2447,#2448,#1378,.T.);
#3081=EDGE_CURVE('',#2449,#2447,#69,.T.);
#3082=EDGE_CURVE('',#2450,#2448,#70,.T.);
#3083=EDGE_CURVE('',#2449,#2450,#1379,.T.);
#3084=EDGE_CURVE('',#2451,#2449,#71,.T.);
#3085=EDGE_CURVE('',#2452,#2450,#72,.T.);
#3086=EDGE_CURVE('',#2451,#2452,#1380,.T.);
#3087=EDGE_CURVE('',#2453,#2451,#73,.T.);
#3088=EDGE_CURVE('',#2454,#2452,#74,.T.);
#3089=EDGE_CURVE('',#2453,#2454,#1381,.T.);
#3090=EDGE_CURVE('',#2455,#2453,#1382,.T.);
#3091=EDGE_CURVE('',#2456,#2454,#1383,.T.);
#3092=EDGE_CURVE('',#2455,#2456,#1384,.T.);
#3093=EDGE_CURVE('',#2457,#2455,#1385,.T.);
#3094=EDGE_CURVE('',#2458,#2456,#1386,.T.);
#3095=EDGE_CURVE('',#2457,#2458,#1387,.T.);
#3096=EDGE_CURVE('',#2459,#2457,#75,.T.);
#3097=EDGE_CURVE('',#2460,#2458,#76,.T.);
#3098=EDGE_CURVE('',#2459,#2460,#1388,.T.);
#3099=EDGE_CURVE('',#2461,#2459,#77,.T.);
#3100=EDGE_CURVE('',#2462,#2460,#78,.T.);
#3101=EDGE_CURVE('',#2461,#2462,#1389,.T.);
#3102=EDGE_CURVE('',#2463,#2461,#79,.T.);
#3103=EDGE_CURVE('',#2464,#2462,#80,.T.);
#3104=EDGE_CURVE('',#2463,#2464,#1390,.T.);
#3105=EDGE_CURVE('',#2465,#2463,#81,.T.);
#3106=EDGE_CURVE('',#2466,#2464,#82,.T.);
#3107=EDGE_CURVE('',#2465,#2466,#1391,.T.);
#3108=EDGE_CURVE('',#2467,#2465,#83,.T.);
#3109=EDGE_CURVE('',#2468,#2466,#84,.T.);
#3110=EDGE_CURVE('',#2467,#2468,#1392,.T.);
#3111=EDGE_CURVE('',#2469,#2467,#85,.T.);
#3112=EDGE_CURVE('',#2470,#2468,#86,.T.);
#3113=EDGE_CURVE('',#2469,#2470,#1393,.T.);
#3114=EDGE_CURVE('',#2471,#2469,#87,.T.);
#3115=EDGE_CURVE('',#2472,#2470,#88,.T.);
#3116=EDGE_CURVE('',#2471,#2472,#1394,.T.);
#3117=EDGE_CURVE('',#2473,#2471,#89,.T.);
#3118=EDGE_CURVE('',#2474,#2472,#90,.T.);
#3119=EDGE_CURVE('',#2473,#2474,#1395,.T.);
#3120=EDGE_CURVE('',#2475,#2473,#91,.T.);
#3121=EDGE_CURVE('',#2476,#2474,#92,.T.);
#3122=EDGE_CURVE('',#2475,#2476,#1396,.T.);
#3123=EDGE_CURVE('',#2477,#2475,#1397,.T.);
#3124=EDGE_CURVE('',#2478,#2476,#1398,.T.);
#3125=EDGE_CURVE('',#2477,#2478,#1399,.T.);
#3126=EDGE_CURVE('',#2479,#2477,#1400,.T.);
#3127=EDGE_CURVE('',#2480,#2478,#1401,.T.);
#3128=EDGE_CURVE('',#2479,#2480,#1402,.T.);
#3129=EDGE_CURVE('',#2434,#2479,#1403,.T.);
#3130=EDGE_CURVE('',#2435,#2480,#1404,.T.);
#3131=EDGE_CURVE('',#2481,#2482,#93,.T.);
#3132=EDGE_CURVE('',#2481,#2483,#1405,.T.);
#3133=EDGE_CURVE('',#2484,#2483,#94,.T.);
#3134=EDGE_CURVE('',#2482,#2484,#1406,.T.);
#3135=EDGE_CURVE('',#2485,#2481,#95,.T.);
#3136=EDGE_CURVE('',#2485,#2486,#1407,.T.);
#3137=EDGE_CURVE('',#2483,#2486,#96,.T.);
#3138=EDGE_CURVE('',#2487,#2485,#97,.T.);
#3139=EDGE_CURVE('',#2487,#2488,#1408,.T.);
#3140=EDGE_CURVE('',#2486,#2488,#98,.T.);
#3141=EDGE_CURVE('',#2489,#2487,#99,.T.);
#3142=EDGE_CURVE('',#2489,#2490,#1409,.T.);
#3143=EDGE_CURVE('',#2488,#2490,#100,.T.);
#3144=EDGE_CURVE('',#2491,#2489,#1410,.T.);
#3145=EDGE_CURVE('',#2491,#2492,#1411,.T.);
#3146=EDGE_CURVE('',#2490,#2492,#1412,.T.);
#3147=EDGE_CURVE('',#2493,#2491,#1413,.T.);
#3148=EDGE_CURVE('',#2493,#2494,#1414,.T.);
#3149=EDGE_CURVE('',#2492,#2494,#1415,.T.);
#3150=EDGE_CURVE('',#2482,#2493,#101,.T.);
#3151=EDGE_CURVE('',#2494,#2484,#102,.T.);
#3152=EDGE_CURVE('',#2495,#2496,#1416,.T.);
#3153=EDGE_CURVE('',#2496,#2497,#1417,.T.);
#3154=EDGE_CURVE('',#2498,#2497,#1418,.T.);
#3155=EDGE_CURVE('',#2495,#2498,#1419,.T.);
#3156=EDGE_CURVE('',#2499,#2495,#1420,.T.);
#3157=EDGE_CURVE('',#2500,#2498,#1421,.T.);
#3158=EDGE_CURVE('',#2499,#2500,#1422,.T.);
#3159=EDGE_CURVE('',#2501,#2499,#1423,.T.);
#3160=EDGE_CURVE('',#2502,#2500,#1424,.T.);
#3161=EDGE_CURVE('',#2501,#2502,#1425,.T.);
#3162=EDGE_CURVE('',#2503,#2501,#1426,.T.);
#3163=EDGE_CURVE('',#2504,#2502,#1427,.T.);
#3164=EDGE_CURVE('',#2503,#2504,#1428,.T.);
#3165=EDGE_CURVE('',#2505,#2503,#1429,.T.);
#3166=EDGE_CURVE('',#2506,#2504,#1430,.T.);
#3167=EDGE_CURVE('',#2505,#2506,#1431,.T.);
#3168=EDGE_CURVE('',#2507,#2505,#1432,.T.);
#3169=EDGE_CURVE('',#2508,#2506,#1433,.T.);
#3170=EDGE_CURVE('',#2507,#2508,#1434,.T.);
#3171=EDGE_CURVE('',#2509,#2507,#103,.T.);
#3172=EDGE_CURVE('',#2510,#2508,#104,.T.);
#3173=EDGE_CURVE('',#2509,#2510,#1435,.T.);
#3174=EDGE_CURVE('',#2511,#2509,#105,.T.);
#3175=EDGE_CURVE('',#2512,#2510,#106,.T.);
#3176=EDGE_CURVE('',#2511,#2512,#1436,.T.);
#3177=EDGE_CURVE('',#2513,#2511,#107,.T.);
#3178=EDGE_CURVE('',#2514,#2512,#108,.T.);
#3179=EDGE_CURVE('',#2513,#2514,#1437,.T.);
#3180=EDGE_CURVE('',#2515,#2513,#109,.T.);
#3181=EDGE_CURVE('',#2516,#2514,#110,.T.);
#3182=EDGE_CURVE('',#2515,#2516,#1438,.T.);
#3183=EDGE_CURVE('',#2517,#2515,#111,.T.);
#3184=EDGE_CURVE('',#2518,#2516,#112,.T.);
#3185=EDGE_CURVE('',#2517,#2518,#1439,.T.);
#3186=EDGE_CURVE('',#2519,#2517,#113,.T.);
#3187=EDGE_CURVE('',#2520,#2518,#114,.T.);
#3188=EDGE_CURVE('',#2519,#2520,#1440,.T.);
#3189=EDGE_CURVE('',#2521,#2519,#115,.T.);
#3190=EDGE_CURVE('',#2522,#2520,#116,.T.);
#3191=EDGE_CURVE('',#2521,#2522,#1441,.T.);
#3192=EDGE_CURVE('',#2523,#2521,#117,.T.);
#3193=EDGE_CURVE('',#2524,#2522,#118,.T.);
#3194=EDGE_CURVE('',#2523,#2524,#1442,.T.);
#3195=EDGE_CURVE('',#2525,#2523,#119,.T.);
#3196=EDGE_CURVE('',#2526,#2524,#120,.T.);
#3197=EDGE_CURVE('',#2525,#2526,#1443,.T.);
#3198=EDGE_CURVE('',#2527,#2525,#121,.T.);
#3199=EDGE_CURVE('',#2528,#2526,#122,.T.);
#3200=EDGE_CURVE('',#2527,#2528,#1444,.T.);
#3201=EDGE_CURVE('',#2529,#2527,#1445,.T.);
#3202=EDGE_CURVE('',#2530,#2528,#1446,.T.);
#3203=EDGE_CURVE('',#2529,#2530,#1447,.T.);
#3204=EDGE_CURVE('',#2531,#2529,#1448,.T.);
#3205=EDGE_CURVE('',#2532,#2530,#1449,.T.);
#3206=EDGE_CURVE('',#2531,#2532,#1450,.T.);
#3207=EDGE_CURVE('',#2533,#2531,#1451,.T.);
#3208=EDGE_CURVE('',#2534,#2532,#1452,.T.);
#3209=EDGE_CURVE('',#2533,#2534,#1453,.T.);
#3210=EDGE_CURVE('',#2535,#2533,#123,.T.);
#3211=EDGE_CURVE('',#2536,#2534,#124,.T.);
#3212=EDGE_CURVE('',#2535,#2536,#1454,.T.);
#3213=EDGE_CURVE('',#2537,#2535,#125,.T.);
#3214=EDGE_CURVE('',#2538,#2536,#126,.T.);
#3215=EDGE_CURVE('',#2537,#2538,#1455,.T.);
#3216=EDGE_CURVE('',#2539,#2537,#127,.T.);
#3217=EDGE_CURVE('',#2540,#2538,#128,.T.);
#3218=EDGE_CURVE('',#2539,#2540,#1456,.T.);
#3219=EDGE_CURVE('',#2541,#2539,#129,.T.);
#3220=EDGE_CURVE('',#2542,#2540,#130,.T.);
#3221=EDGE_CURVE('',#2541,#2542,#1457,.T.);
#3222=EDGE_CURVE('',#2543,#2541,#131,.T.);
#3223=EDGE_CURVE('',#2544,#2542,#132,.T.);
#3224=EDGE_CURVE('',#2543,#2544,#1458,.T.);
#3225=EDGE_CURVE('',#2545,#2543,#133,.T.);
#3226=EDGE_CURVE('',#2546,#2544,#134,.T.);
#3227=EDGE_CURVE('',#2545,#2546,#1459,.T.);
#3228=EDGE_CURVE('',#2547,#2545,#135,.T.);
#3229=EDGE_CURVE('',#2548,#2546,#136,.T.);
#3230=EDGE_CURVE('',#2547,#2548,#1460,.T.);
#3231=EDGE_CURVE('',#2549,#2547,#137,.T.);
#3232=EDGE_CURVE('',#2550,#2548,#138,.T.);
#3233=EDGE_CURVE('',#2549,#2550,#1461,.T.);
#3234=EDGE_CURVE('',#2551,#2549,#1462,.T.);
#3235=EDGE_CURVE('',#2552,#2550,#1463,.T.);
#3236=EDGE_CURVE('',#2551,#2552,#1464,.T.);
#3237=EDGE_CURVE('',#2553,#2551,#1465,.T.);
#3238=EDGE_CURVE('',#2554,#2552,#1466,.T.);
#3239=EDGE_CURVE('',#2553,#2554,#1467,.T.);
#3240=EDGE_CURVE('',#2555,#2553,#1468,.T.);
#3241=EDGE_CURVE('',#2556,#2554,#1469,.T.);
#3242=EDGE_CURVE('',#2555,#2556,#1470,.T.);
#3243=EDGE_CURVE('',#2557,#2555,#1471,.T.);
#3244=EDGE_CURVE('',#2558,#2556,#1472,.T.);
#3245=EDGE_CURVE('',#2557,#2558,#1473,.T.);
#3246=EDGE_CURVE('',#2559,#2557,#1474,.T.);
#3247=EDGE_CURVE('',#2560,#2558,#1475,.T.);
#3248=EDGE_CURVE('',#2559,#2560,#1476,.T.);
#3249=EDGE_CURVE('',#2561,#2559,#1477,.T.);
#3250=EDGE_CURVE('',#2562,#2560,#1478,.T.);
#3251=EDGE_CURVE('',#2561,#2562,#1479,.T.);
#3252=EDGE_CURVE('',#2496,#2561,#1480,.T.);
#3253=EDGE_CURVE('',#2497,#2562,#1481,.T.);
#3254=EDGE_CURVE('',#2563,#2564,#1482,.T.);
#3255=EDGE_CURVE('',#2564,#2565,#1483,.T.);
#3256=EDGE_CURVE('',#2566,#2565,#1484,.T.);
#3257=EDGE_CURVE('',#2563,#2566,#1485,.T.);
#3258=EDGE_CURVE('',#2567,#2563,#1486,.T.);
#3259=EDGE_CURVE('',#2568,#2566,#1487,.T.);
#3260=EDGE_CURVE('',#2567,#2568,#1488,.T.);
#3261=EDGE_CURVE('',#2569,#2567,#139,.T.);
#3262=EDGE_CURVE('',#2570,#2568,#140,.T.);
#3263=EDGE_CURVE('',#2569,#2570,#1489,.T.);
#3264=EDGE_CURVE('',#2571,#2569,#141,.T.);
#3265=EDGE_CURVE('',#2572,#2570,#142,.T.);
#3266=EDGE_CURVE('',#2571,#2572,#1490,.T.);
#3267=EDGE_CURVE('',#2573,#2571,#143,.T.);
#3268=EDGE_CURVE('',#2574,#2572,#144,.T.);
#3269=EDGE_CURVE('',#2573,#2574,#1491,.T.);
#3270=EDGE_CURVE('',#2575,#2573,#145,.T.);
#3271=EDGE_CURVE('',#2576,#2574,#146,.T.);
#3272=EDGE_CURVE('',#2575,#2576,#1492,.T.);
#3273=EDGE_CURVE('',#2577,#2575,#147,.T.);
#3274=EDGE_CURVE('',#2578,#2576,#148,.T.);
#3275=EDGE_CURVE('',#2577,#2578,#1493,.T.);
#3276=EDGE_CURVE('',#2579,#2577,#149,.T.);
#3277=EDGE_CURVE('',#2580,#2578,#150,.T.);
#3278=EDGE_CURVE('',#2579,#2580,#1494,.T.);
#3279=EDGE_CURVE('',#2581,#2579,#151,.T.);
#3280=EDGE_CURVE('',#2582,#2580,#152,.T.);
#3281=EDGE_CURVE('',#2581,#2582,#1495,.T.);
#3282=EDGE_CURVE('',#2583,#2581,#153,.T.);
#3283=EDGE_CURVE('',#2584,#2582,#154,.T.);
#3284=EDGE_CURVE('',#2583,#2584,#1496,.T.);
#3285=EDGE_CURVE('',#2585,#2583,#155,.T.);
#3286=EDGE_CURVE('',#2586,#2584,#156,.T.);
#3287=EDGE_CURVE('',#2585,#2586,#1497,.T.);
#3288=EDGE_CURVE('',#2587,#2585,#157,.T.);
#3289=EDGE_CURVE('',#2588,#2586,#158,.T.);
#3290=EDGE_CURVE('',#2587,#2588,#1498,.T.);
#3291=EDGE_CURVE('',#2589,#2587,#159,.T.);
#3292=EDGE_CURVE('',#2590,#2588,#160,.T.);
#3293=EDGE_CURVE('',#2589,#2590,#1499,.T.);
#3294=EDGE_CURVE('',#2591,#2589,#161,.T.);
#3295=EDGE_CURVE('',#2592,#2590,#162,.T.);
#3296=EDGE_CURVE('',#2591,#2592,#1500,.T.);
#3297=EDGE_CURVE('',#2593,#2591,#163,.T.);
#3298=EDGE_CURVE('',#2594,#2592,#164,.T.);
#3299=EDGE_CURVE('',#2593,#2594,#1501,.T.);
#3300=EDGE_CURVE('',#2595,#2593,#165,.T.);
#3301=EDGE_CURVE('',#2596,#2594,#166,.T.);
#3302=EDGE_CURVE('',#2595,#2596,#1502,.T.);
#3303=EDGE_CURVE('',#2597,#2595,#167,.T.);
#3304=EDGE_CURVE('',#2598,#2596,#168,.T.);
#3305=EDGE_CURVE('',#2597,#2598,#1503,.T.);
#3306=EDGE_CURVE('',#2599,#2597,#1504,.T.);
#3307=EDGE_CURVE('',#2600,#2598,#1505,.T.);
#3308=EDGE_CURVE('',#2599,#2600,#1506,.T.);
#3309=EDGE_CURVE('',#2601,#2599,#1507,.T.);
#3310=EDGE_CURVE('',#2602,#2600,#1508,.T.);
#3311=EDGE_CURVE('',#2601,#2602,#1509,.T.);
#3312=EDGE_CURVE('',#2603,#2601,#1510,.T.);
#3313=EDGE_CURVE('',#2604,#2602,#1511,.T.);
#3314=EDGE_CURVE('',#2603,#2604,#1512,.T.);
#3315=EDGE_CURVE('',#2605,#2603,#1513,.T.);
#3316=EDGE_CURVE('',#2606,#2604,#1514,.T.);
#3317=EDGE_CURVE('',#2605,#2606,#1515,.T.);
#3318=EDGE_CURVE('',#2607,#2605,#1516,.T.);
#3319=EDGE_CURVE('',#2608,#2606,#1517,.T.);
#3320=EDGE_CURVE('',#2607,#2608,#1518,.T.);
#3321=EDGE_CURVE('',#2609,#2607,#169,.T.);
#3322=EDGE_CURVE('',#2610,#2608,#170,.T.);
#3323=EDGE_CURVE('',#2609,#2610,#1519,.T.);
#3324=EDGE_CURVE('',#2611,#2609,#171,.T.);
#3325=EDGE_CURVE('',#2612,#2610,#172,.T.);
#3326=EDGE_CURVE('',#2611,#2612,#1520,.T.);
#3327=EDGE_CURVE('',#2613,#2611,#173,.T.);
#3328=EDGE_CURVE('',#2614,#2612,#174,.T.);
#3329=EDGE_CURVE('',#2613,#2614,#1521,.T.);
#3330=EDGE_CURVE('',#2615,#2613,#175,.T.);
#3331=EDGE_CURVE('',#2616,#2614,#176,.T.);
#3332=EDGE_CURVE('',#2615,#2616,#1522,.T.);
#3333=EDGE_CURVE('',#2617,#2615,#177,.T.);
#3334=EDGE_CURVE('',#2618,#2616,#178,.T.);
#3335=EDGE_CURVE('',#2617,#2618,#1523,.T.);
#3336=EDGE_CURVE('',#2619,#2617,#179,.T.);
#3337=EDGE_CURVE('',#2620,#2618,#180,.T.);
#3338=EDGE_CURVE('',#2619,#2620,#1524,.T.);
#3339=EDGE_CURVE('',#2621,#2619,#181,.T.);
#3340=EDGE_CURVE('',#2622,#2620,#182,.T.);
#3341=EDGE_CURVE('',#2621,#2622,#1525,.T.);
#3342=EDGE_CURVE('',#2623,#2621,#183,.T.);
#3343=EDGE_CURVE('',#2624,#2622,#184,.T.);
#3344=EDGE_CURVE('',#2623,#2624,#1526,.T.);
#3345=EDGE_CURVE('',#2625,#2623,#185,.T.);
#3346=EDGE_CURVE('',#2626,#2624,#186,.T.);
#3347=EDGE_CURVE('',#2625,#2626,#1527,.T.);
#3348=EDGE_CURVE('',#2627,#2625,#187,.T.);
#3349=EDGE_CURVE('',#2628,#2626,#188,.T.);
#3350=EDGE_CURVE('',#2627,#2628,#1528,.T.);
#3351=EDGE_CURVE('',#2629,#2627,#189,.T.);
#3352=EDGE_CURVE('',#2630,#2628,#190,.T.);
#3353=EDGE_CURVE('',#2629,#2630,#1529,.T.);
#3354=EDGE_CURVE('',#2631,#2629,#191,.T.);
#3355=EDGE_CURVE('',#2632,#2630,#192,.T.);
#3356=EDGE_CURVE('',#2631,#2632,#1530,.T.);
#3357=EDGE_CURVE('',#2633,#2631,#193,.T.);
#3358=EDGE_CURVE('',#2634,#2632,#194,.T.);
#3359=EDGE_CURVE('',#2633,#2634,#1531,.T.);
#3360=EDGE_CURVE('',#2635,#2633,#195,.T.);
#3361=EDGE_CURVE('',#2636,#2634,#196,.T.);
#3362=EDGE_CURVE('',#2635,#2636,#1532,.T.);
#3363=EDGE_CURVE('',#2637,#2635,#197,.T.);
#3364=EDGE_CURVE('',#2638,#2636,#198,.T.);
#3365=EDGE_CURVE('',#2637,#2638,#1533,.T.);
#3366=EDGE_CURVE('',#2639,#2637,#1534,.T.);
#3367=EDGE_CURVE('',#2640,#2638,#1535,.T.);
#3368=EDGE_CURVE('',#2639,#2640,#1536,.T.);
#3369=EDGE_CURVE('',#2641,#2639,#1537,.T.);
#3370=EDGE_CURVE('',#2642,#2640,#1538,.T.);
#3371=EDGE_CURVE('',#2641,#2642,#1539,.T.);
#3372=EDGE_CURVE('',#2643,#2641,#1540,.T.);
#3373=EDGE_CURVE('',#2644,#2642,#1541,.T.);
#3374=EDGE_CURVE('',#2643,#2644,#1542,.T.);
#3375=EDGE_CURVE('',#2645,#2643,#1543,.T.);
#3376=EDGE_CURVE('',#2646,#2644,#1544,.T.);
#3377=EDGE_CURVE('',#2645,#2646,#1545,.T.);
#3378=EDGE_CURVE('',#2564,#2645,#1546,.T.);
#3379=EDGE_CURVE('',#2565,#2646,#1547,.T.);
#3380=EDGE_CURVE('',#2647,#2648,#199,.T.);
#3381=EDGE_CURVE('',#2647,#2649,#1548,.T.);
#3382=EDGE_CURVE('',#2650,#2649,#200,.T.);
#3383=EDGE_CURVE('',#2648,#2650,#1549,.T.);
#3384=EDGE_CURVE('',#2648,#2651,#201,.T.);
#3385=EDGE_CURVE('',#2652,#2650,#202,.T.);
#3386=EDGE_CURVE('',#2651,#2652,#1550,.T.);
#3387=EDGE_CURVE('',#2651,#2653,#1551,.T.);
#3388=EDGE_CURVE('',#2654,#2652,#1552,.T.);
#3389=EDGE_CURVE('',#2653,#2654,#1553,.T.);
#3390=EDGE_CURVE('',#2653,#2655,#1554,.T.);
#3391=EDGE_CURVE('',#2656,#2654,#1555,.T.);
#3392=EDGE_CURVE('',#2655,#2656,#1556,.T.);
#3393=EDGE_CURVE('',#2655,#2657,#1557,.T.);
#3394=EDGE_CURVE('',#2658,#2656,#1558,.T.);
#3395=EDGE_CURVE('',#2657,#2658,#1559,.T.);
#3396=EDGE_CURVE('',#2657,#2659,#1560,.T.);
#3397=EDGE_CURVE('',#2660,#2658,#1561,.T.);
#3398=EDGE_CURVE('',#2659,#2660,#1562,.T.);
#3399=EDGE_CURVE('',#2659,#2661,#1563,.T.);
#3400=EDGE_CURVE('',#2662,#2660,#1564,.T.);
#3401=EDGE_CURVE('',#2661,#2662,#1565,.T.);
#3402=EDGE_CURVE('',#2661,#2663,#1566,.T.);
#3403=EDGE_CURVE('',#2664,#2662,#1567,.T.);
#3404=EDGE_CURVE('',#2663,#2664,#1568,.T.);
#3405=EDGE_CURVE('',#2663,#2665,#1569,.T.);
#3406=EDGE_CURVE('',#2666,#2664,#1570,.T.);
#3407=EDGE_CURVE('',#2665,#2666,#1571,.T.);
#3408=EDGE_CURVE('',#2665,#2667,#1572,.T.);
#3409=EDGE_CURVE('',#2668,#2666,#1573,.T.);
#3410=EDGE_CURVE('',#2667,#2668,#1574,.T.);
#3411=EDGE_CURVE('',#2667,#2669,#203,.T.);
#3412=EDGE_CURVE('',#2670,#2668,#204,.T.);
#3413=EDGE_CURVE('',#2669,#2670,#1575,.T.);
#3414=EDGE_CURVE('',#2669,#2671,#205,.T.);
#3415=EDGE_CURVE('',#2672,#2670,#206,.T.);
#3416=EDGE_CURVE('',#2671,#2672,#1576,.T.);
#3417=EDGE_CURVE('',#2671,#2673,#207,.T.);
#3418=EDGE_CURVE('',#2674,#2672,#208,.T.);
#3419=EDGE_CURVE('',#2673,#2674,#1577,.T.);
#3420=EDGE_CURVE('',#2673,#2675,#209,.T.);
#3421=EDGE_CURVE('',#2676,#2674,#210,.T.);
#3422=EDGE_CURVE('',#2675,#2676,#1578,.T.);
#3423=EDGE_CURVE('',#2675,#2677,#1579,.T.);
#3424=EDGE_CURVE('',#2678,#2676,#1580,.T.);
#3425=EDGE_CURVE('',#2677,#2678,#1581,.T.);
#3426=EDGE_CURVE('',#2677,#2679,#1582,.T.);
#3427=EDGE_CURVE('',#2680,#2678,#1583,.T.);
#3428=EDGE_CURVE('',#2679,#2680,#1584,.T.);
#3429=EDGE_CURVE('',#2679,#2681,#1585,.T.);
#3430=EDGE_CURVE('',#2682,#2680,#1586,.T.);
#3431=EDGE_CURVE('',#2681,#2682,#1587,.T.);
#3432=EDGE_CURVE('',#2681,#2683,#1588,.T.);
#3433=EDGE_CURVE('',#2684,#2682,#1589,.T.);
#3434=EDGE_CURVE('',#2683,#2684,#1590,.T.);
#3435=EDGE_CURVE('',#2683,#2685,#1591,.T.);
#3436=EDGE_CURVE('',#2686,#2684,#1592,.T.);
#3437=EDGE_CURVE('',#2685,#2686,#1593,.T.);
#3438=EDGE_CURVE('',#2685,#2687,#1594,.T.);
#3439=EDGE_CURVE('',#2688,#2686,#1595,.T.);
#3440=EDGE_CURVE('',#2687,#2688,#1596,.T.);
#3441=EDGE_CURVE('',#2687,#2689,#1597,.T.);
#3442=EDGE_CURVE('',#2690,#2688,#1598,.T.);
#3443=EDGE_CURVE('',#2689,#2690,#1599,.T.);
#3444=EDGE_CURVE('',#2689,#2691,#1600,.T.);
#3445=EDGE_CURVE('',#2692,#2690,#1601,.T.);
#3446=EDGE_CURVE('',#2691,#2692,#1602,.T.);
#3447=EDGE_CURVE('',#2691,#2693,#211,.T.);
#3448=EDGE_CURVE('',#2694,#2692,#212,.T.);
#3449=EDGE_CURVE('',#2693,#2694,#1603,.T.);
#3450=EDGE_CURVE('',#2693,#2695,#213,.T.);
#3451=EDGE_CURVE('',#2696,#2694,#214,.T.);
#3452=EDGE_CURVE('',#2695,#2696,#1604,.T.);
#3453=EDGE_CURVE('',#2695,#2697,#215,.T.);
#3454=EDGE_CURVE('',#2698,#2696,#216,.T.);
#3455=EDGE_CURVE('',#2697,#2698,#1605,.T.);
#3456=EDGE_CURVE('',#2697,#2647,#217,.T.);
#3457=EDGE_CURVE('',#2649,#2698,#218,.T.);
#3458=EDGE_CURVE('',#2699,#2700,#1606,.T.);
#3459=EDGE_CURVE('',#2700,#2701,#1607,.T.);
#3460=EDGE_CURVE('',#2702,#2701,#1608,.T.);
#3461=EDGE_CURVE('',#2699,#2702,#1609,.T.);
#3462=EDGE_CURVE('',#2703,#2699,#1610,.T.);
#3463=EDGE_CURVE('',#2704,#2702,#1611,.T.);
#3464=EDGE_CURVE('',#2703,#2704,#1612,.T.);
#3465=EDGE_CURVE('',#2705,#2703,#1613,.T.);
#3466=EDGE_CURVE('',#2706,#2704,#1614,.T.);
#3467=EDGE_CURVE('',#2705,#2706,#1615,.T.);
#3468=EDGE_CURVE('',#2707,#2705,#1616,.T.);
#3469=EDGE_CURVE('',#2708,#2706,#1617,.T.);
#3470=EDGE_CURVE('',#2707,#2708,#1618,.T.);
#3471=EDGE_CURVE('',#2709,#2707,#1619,.T.);
#3472=EDGE_CURVE('',#2710,#2708,#1620,.T.);
#3473=EDGE_CURVE('',#2709,#2710,#1621,.T.);
#3474=EDGE_CURVE('',#2711,#2709,#1622,.T.);
#3475=EDGE_CURVE('',#2712,#2710,#1623,.T.);
#3476=EDGE_CURVE('',#2711,#2712,#1624,.T.);
#3477=EDGE_CURVE('',#2713,#2711,#219,.T.);
#3478=EDGE_CURVE('',#2714,#2712,#220,.T.);
#3479=EDGE_CURVE('',#2713,#2714,#1625,.T.);
#3480=EDGE_CURVE('',#2715,#2713,#221,.T.);
#3481=EDGE_CURVE('',#2716,#2714,#222,.T.);
#3482=EDGE_CURVE('',#2715,#2716,#1626,.T.);
#3483=EDGE_CURVE('',#2717,#2715,#223,.T.);
#3484=EDGE_CURVE('',#2718,#2716,#224,.T.);
#3485=EDGE_CURVE('',#2717,#2718,#1627,.T.);
#3486=EDGE_CURVE('',#2719,#2717,#225,.T.);
#3487=EDGE_CURVE('',#2720,#2718,#226,.T.);
#3488=EDGE_CURVE('',#2719,#2720,#1628,.T.);
#3489=EDGE_CURVE('',#2721,#2719,#227,.T.);
#3490=EDGE_CURVE('',#2722,#2720,#228,.T.);
#3491=EDGE_CURVE('',#2721,#2722,#1629,.T.);
#3492=EDGE_CURVE('',#2723,#2721,#1630,.T.);
#3493=EDGE_CURVE('',#2724,#2722,#1631,.T.);
#3494=EDGE_CURVE('',#2723,#2724,#1632,.T.);
#3495=EDGE_CURVE('',#2725,#2723,#1633,.T.);
#3496=EDGE_CURVE('',#2726,#2724,#1634,.T.);
#3497=EDGE_CURVE('',#2725,#2726,#1635,.T.);
#3498=EDGE_CURVE('',#2727,#2725,#1636,.T.);
#3499=EDGE_CURVE('',#2728,#2726,#1637,.T.);
#3500=EDGE_CURVE('',#2727,#2728,#1638,.T.);
#3501=EDGE_CURVE('',#2729,#2727,#229,.T.);
#3502=EDGE_CURVE('',#2730,#2728,#230,.T.);
#3503=EDGE_CURVE('',#2729,#2730,#1639,.T.);
#3504=EDGE_CURVE('',#2731,#2729,#231,.T.);
#3505=EDGE_CURVE('',#2732,#2730,#232,.T.);
#3506=EDGE_CURVE('',#2731,#2732,#1640,.T.);
#3507=EDGE_CURVE('',#2733,#2731,#1641,.T.);
#3508=EDGE_CURVE('',#2734,#2732,#1642,.T.);
#3509=EDGE_CURVE('',#2733,#2734,#1643,.T.);
#3510=EDGE_CURVE('',#2735,#2733,#1644,.T.);
#3511=EDGE_CURVE('',#2736,#2734,#1645,.T.);
#3512=EDGE_CURVE('',#2735,#2736,#1646,.T.);
#3513=EDGE_CURVE('',#2737,#2735,#1647,.T.);
#3514=EDGE_CURVE('',#2738,#2736,#1648,.T.);
#3515=EDGE_CURVE('',#2737,#2738,#1649,.T.);
#3516=EDGE_CURVE('',#2739,#2737,#1650,.T.);
#3517=EDGE_CURVE('',#2740,#2738,#1651,.T.);
#3518=EDGE_CURVE('',#2739,#2740,#1652,.T.);
#3519=EDGE_CURVE('',#2741,#2739,#1653,.T.);
#3520=EDGE_CURVE('',#2742,#2740,#1654,.T.);
#3521=EDGE_CURVE('',#2741,#2742,#1655,.T.);
#3522=EDGE_CURVE('',#2743,#2741,#1656,.T.);
#3523=EDGE_CURVE('',#2744,#2742,#1657,.T.);
#3524=EDGE_CURVE('',#2743,#2744,#1658,.T.);
#3525=EDGE_CURVE('',#2745,#2743,#1659,.T.);
#3526=EDGE_CURVE('',#2746,#2744,#1660,.T.);
#3527=EDGE_CURVE('',#2745,#2746,#1661,.T.);
#3528=EDGE_CURVE('',#2747,#2745,#233,.T.);
#3529=EDGE_CURVE('',#2748,#2746,#234,.T.);
#3530=EDGE_CURVE('',#2747,#2748,#1662,.T.);
#3531=EDGE_CURVE('',#2749,#2747,#235,.T.);
#3532=EDGE_CURVE('',#2750,#2748,#236,.T.);
#3533=EDGE_CURVE('',#2749,#2750,#1663,.T.);
#3534=EDGE_CURVE('',#2751,#2749,#237,.T.);
#3535=EDGE_CURVE('',#2752,#2750,#238,.T.);
#3536=EDGE_CURVE('',#2751,#2752,#1664,.T.);
#3537=EDGE_CURVE('',#2753,#2751,#239,.T.);
#3538=EDGE_CURVE('',#2754,#2752,#240,.T.);
#3539=EDGE_CURVE('',#2753,#2754,#1665,.T.);
#3540=EDGE_CURVE('',#2755,#2753,#241,.T.);
#3541=EDGE_CURVE('',#2756,#2754,#242,.T.);
#3542=EDGE_CURVE('',#2755,#2756,#1666,.T.);
#3543=EDGE_CURVE('',#2757,#2755,#243,.T.);
#3544=EDGE_CURVE('',#2758,#2756,#244,.T.);
#3545=EDGE_CURVE('',#2757,#2758,#1667,.T.);
#3546=EDGE_CURVE('',#2759,#2757,#1668,.T.);
#3547=EDGE_CURVE('',#2760,#2758,#1669,.T.);
#3548=EDGE_CURVE('',#2759,#2760,#1670,.T.);
#3549=EDGE_CURVE('',#2761,#2759,#1671,.T.);
#3550=EDGE_CURVE('',#2762,#2760,#1672,.T.);
#3551=EDGE_CURVE('',#2761,#2762,#1673,.T.);
#3552=EDGE_CURVE('',#2763,#2761,#1674,.T.);
#3553=EDGE_CURVE('',#2764,#2762,#1675,.T.);
#3554=EDGE_CURVE('',#2763,#2764,#1676,.T.);
#3555=EDGE_CURVE('',#2765,#2763,#1677,.T.);
#3556=EDGE_CURVE('',#2766,#2764,#1678,.T.);
#3557=EDGE_CURVE('',#2765,#2766,#1679,.T.);
#3558=EDGE_CURVE('',#2767,#2765,#1680,.T.);
#3559=EDGE_CURVE('',#2768,#2766,#1681,.T.);
#3560=EDGE_CURVE('',#2767,#2768,#1682,.T.);
#3561=EDGE_CURVE('',#2700,#2767,#1683,.T.);
#3562=EDGE_CURVE('',#2701,#2768,#1684,.T.);
#3563=EDGE_CURVE('',#2769,#2770,#245,.T.);
#3564=EDGE_CURVE('',#2769,#2771,#1685,.T.);
#3565=EDGE_CURVE('',#2772,#2771,#246,.T.);
#3566=EDGE_CURVE('',#2770,#2772,#1686,.T.);
#3567=EDGE_CURVE('',#2773,#2769,#247,.T.);
#3568=EDGE_CURVE('',#2773,#2774,#1687,.T.);
#3569=EDGE_CURVE('',#2771,#2774,#248,.T.);
#3570=EDGE_CURVE('',#2775,#2773,#249,.T.);
#3571=EDGE_CURVE('',#2775,#2776,#1688,.T.);
#3572=EDGE_CURVE('',#2774,#2776,#250,.T.);
#3573=EDGE_CURVE('',#2777,#2775,#251,.T.);
#3574=EDGE_CURVE('',#2777,#2778,#1689,.T.);
#3575=EDGE_CURVE('',#2776,#2778,#252,.T.);
#3576=EDGE_CURVE('',#2779,#2777,#253,.T.);
#3577=EDGE_CURVE('',#2779,#2780,#1690,.T.);
#3578=EDGE_CURVE('',#2778,#2780,#254,.T.);
#3579=EDGE_CURVE('',#2781,#2779,#255,.T.);
#3580=EDGE_CURVE('',#2781,#2782,#1691,.T.);
#3581=EDGE_CURVE('',#2780,#2782,#256,.T.);
#3582=EDGE_CURVE('',#2783,#2781,#257,.T.);
#3583=EDGE_CURVE('',#2783,#2784,#1692,.T.);
#3584=EDGE_CURVE('',#2782,#2784,#258,.T.);
#3585=EDGE_CURVE('',#2785,#2783,#259,.T.);
#3586=EDGE_CURVE('',#2785,#2786,#1693,.T.);
#3587=EDGE_CURVE('',#2784,#2786,#260,.T.);
#3588=EDGE_CURVE('',#2770,#2785,#261,.T.);
#3589=EDGE_CURVE('',#2786,#2772,#262,.T.);
#3590=EDGE_CURVE('',#2787,#2788,#263,.T.);
#3591=EDGE_CURVE('',#2787,#2789,#1694,.T.);
#3592=EDGE_CURVE('',#2790,#2789,#264,.T.);
#3593=EDGE_CURVE('',#2788,#2790,#1695,.T.);
#3594=EDGE_CURVE('',#2788,#2791,#265,.T.);
#3595=EDGE_CURVE('',#2792,#2790,#266,.T.);
#3596=EDGE_CURVE('',#2791,#2792,#1696,.T.);
#3597=EDGE_CURVE('',#2791,#2793,#267,.T.);
#3598=EDGE_CURVE('',#2794,#2792,#268,.T.);
#3599=EDGE_CURVE('',#2793,#2794,#1697,.T.);
#3600=EDGE_CURVE('',#2793,#2795,#269,.T.);
#3601=EDGE_CURVE('',#2796,#2794,#270,.T.);
#3602=EDGE_CURVE('',#2795,#2796,#1698,.T.);
#3603=EDGE_CURVE('',#2795,#2797,#271,.T.);
#3604=EDGE_CURVE('',#2798,#2796,#272,.T.);
#3605=EDGE_CURVE('',#2797,#2798,#1699,.T.);
#3606=EDGE_CURVE('',#2797,#2799,#273,.T.);
#3607=EDGE_CURVE('',#2800,#2798,#274,.T.);
#3608=EDGE_CURVE('',#2799,#2800,#1700,.T.);
#3609=EDGE_CURVE('',#2799,#2801,#275,.T.);
#3610=EDGE_CURVE('',#2802,#2800,#276,.T.);
#3611=EDGE_CURVE('',#2801,#2802,#1701,.T.);
#3612=EDGE_CURVE('',#2801,#2803,#277,.T.);
#3613=EDGE_CURVE('',#2804,#2802,#278,.T.);
#3614=EDGE_CURVE('',#2803,#2804,#1702,.T.);
#3615=EDGE_CURVE('',#2803,#2805,#279,.T.);
#3616=EDGE_CURVE('',#2806,#2804,#280,.T.);
#3617=EDGE_CURVE('',#2805,#2806,#1703,.T.);
#3618=EDGE_CURVE('',#2805,#2807,#1704,.T.);
#3619=EDGE_CURVE('',#2808,#2806,#1705,.T.);
#3620=EDGE_CURVE('',#2807,#2808,#1706,.T.);
#3621=EDGE_CURVE('',#2807,#2809,#1707,.T.);
#3622=EDGE_CURVE('',#2810,#2808,#1708,.T.);
#3623=EDGE_CURVE('',#2809,#2810,#1709,.T.);
#3624=EDGE_CURVE('',#2809,#2811,#281,.T.);
#3625=EDGE_CURVE('',#2812,#2810,#282,.T.);
#3626=EDGE_CURVE('',#2811,#2812,#1710,.T.);
#3627=EDGE_CURVE('',#2811,#2813,#283,.T.);
#3628=EDGE_CURVE('',#2814,#2812,#284,.T.);
#3629=EDGE_CURVE('',#2813,#2814,#1711,.T.);
#3630=EDGE_CURVE('',#2813,#2815,#285,.T.);
#3631=EDGE_CURVE('',#2816,#2814,#286,.T.);
#3632=EDGE_CURVE('',#2815,#2816,#1712,.T.);
#3633=EDGE_CURVE('',#2815,#2787,#287,.T.);
#3634=EDGE_CURVE('',#2789,#2816,#288,.T.);
#3635=EDGE_CURVE('',#2817,#2818,#2285,.T.);
#3636=EDGE_CURVE('',#2818,#2819,#1713,.T.);
#3637=EDGE_CURVE('',#2819,#2820,#2286,.T.);
#3638=EDGE_CURVE('',#2820,#2817,#1714,.T.);
#3639=EDGE_CURVE('',#2820,#2821,#1715,.T.);
#3640=EDGE_CURVE('',#2822,#2821,#1716,.T.);
#3641=EDGE_CURVE('',#2817,#2822,#1717,.T.);
#3642=EDGE_CURVE('',#2823,#2819,#1718,.T.);
#3643=EDGE_CURVE('',#2824,#2823,#2287,.T.);
#3644=EDGE_CURVE('',#2825,#2824,#1719,.T.);
#3645=EDGE_CURVE('',#2826,#2825,#2288,.T.);
#3646=EDGE_CURVE('',#2827,#2826,#1720,.T.);
#3647=EDGE_CURVE('',#2821,#2827,#2289,.T.);
#3648=EDGE_CURVE('',#2828,#2822,#2290,.T.);
#3649=EDGE_CURVE('',#2827,#2828,#1721,.T.);
#3650=EDGE_CURVE('',#2829,#2826,#1722,.T.);
#3651=EDGE_CURVE('',#2828,#2829,#1723,.T.);
#3652=EDGE_CURVE('',#2830,#2831,#2291,.T.);
#3653=EDGE_CURVE('',#2831,#2824,#1724,.T.);
#3654=EDGE_CURVE('',#2823,#2830,#1725,.T.);
#3655=EDGE_CURVE('',#2830,#2818,#1726,.T.);
#3656=EDGE_CURVE('',#2832,#2829,#2292,.T.);
#3657=EDGE_CURVE('',#2825,#2832,#1727,.T.);
#3658=EDGE_CURVE('',#2832,#2831,#1728,.T.);
#3659=ORIENTED_EDGE('',*,*,#2833,.T.);
#3660=ORIENTED_EDGE('',*,*,#2834,.T.);
#3661=ORIENTED_EDGE('',*,*,#2835,.T.);
#3662=ORIENTED_EDGE('',*,*,#2836,.T.);
#3663=ORIENTED_EDGE('',*,*,#2837,.T.);
#3664=ORIENTED_EDGE('',*,*,#2838,.T.);
#3665=ORIENTED_EDGE('',*,*,#2839,.T.);
#3666=ORIENTED_EDGE('',*,*,#2840,.T.);
#3667=ORIENTED_EDGE('',*,*,#2837,.F.);
#3668=ORIENTED_EDGE('',*,*,#2841,.T.);
#3669=ORIENTED_EDGE('',*,*,#2835,.F.);
#3670=ORIENTED_EDGE('',*,*,#2842,.T.);
#3671=ORIENTED_EDGE('',*,*,#2843,.T.);
#3672=ORIENTED_EDGE('',*,*,#2844,.T.);
#3673=ORIENTED_EDGE('',*,*,#2845,.T.);
#3674=ORIENTED_EDGE('',*,*,#2842,.F.);
#3675=ORIENTED_EDGE('',*,*,#2846,.T.);
#3676=ORIENTED_EDGE('',*,*,#2839,.F.);
#3677=ORIENTED_EDGE('',*,*,#2847,.T.);
#3678=ORIENTED_EDGE('',*,*,#2848,.T.);
#3679=ORIENTED_EDGE('',*,*,#2849,.T.);
#3680=ORIENTED_EDGE('',*,*,#2850,.T.);
#3681=ORIENTED_EDGE('',*,*,#2847,.F.);
#3682=ORIENTED_EDGE('',*,*,#2851,.T.);
#3683=ORIENTED_EDGE('',*,*,#2844,.F.);
#3684=ORIENTED_EDGE('',*,*,#2833,.F.);
#3685=ORIENTED_EDGE('',*,*,#2852,.T.);
#3686=ORIENTED_EDGE('',*,*,#2849,.F.);
#3687=ORIENTED_EDGE('',*,*,#2846,.F.);
#3688=ORIENTED_EDGE('',*,*,#2853,.T.);
#3689=ORIENTED_EDGE('',*,*,#2854,.T.);
#3690=ORIENTED_EDGE('',*,*,#2855,.T.);
#3691=ORIENTED_EDGE('',*,*,#2845,.F.);
#3692=ORIENTED_EDGE('',*,*,#2856,.F.);
#3693=ORIENTED_EDGE('',*,*,#2857,.T.);
#3694=ORIENTED_EDGE('',*,*,#2853,.F.);
#3695=ORIENTED_EDGE('',*,*,#2851,.F.);
#3696=ORIENTED_EDGE('',*,*,#2858,.T.);
#3697=ORIENTED_EDGE('',*,*,#2859,.T.);
#3698=ORIENTED_EDGE('',*,*,#2856,.T.);
#3699=ORIENTED_EDGE('',*,*,#2850,.F.);
#3700=ORIENTED_EDGE('',*,*,#2860,.F.);
#3701=ORIENTED_EDGE('',*,*,#2861,.T.);
#3702=ORIENTED_EDGE('',*,*,#2858,.F.);
#3703=ORIENTED_EDGE('',*,*,#2834,.F.);
#3704=ORIENTED_EDGE('',*,*,#2848,.F.);
#3705=ORIENTED_EDGE('',*,*,#2843,.F.);
#3706=ORIENTED_EDGE('',*,*,#2838,.F.);
#3707=ORIENTED_EDGE('',*,*,#2862,.T.);
#3708=ORIENTED_EDGE('',*,*,#2863,.T.);
#3709=ORIENTED_EDGE('',*,*,#2864,.T.);
#3710=ORIENTED_EDGE('',*,*,#2865,.T.);
#3711=ORIENTED_EDGE('',*,*,#2866,.T.);
#3712=ORIENTED_EDGE('',*,*,#2867,.T.);
#3713=ORIENTED_EDGE('',*,*,#2868,.T.);
#3714=ORIENTED_EDGE('',*,*,#2869,.T.);
#3715=ORIENTED_EDGE('',*,*,#2866,.F.);
#3716=ORIENTED_EDGE('',*,*,#2870,.T.);
#3717=ORIENTED_EDGE('',*,*,#2864,.F.);
#3718=ORIENTED_EDGE('',*,*,#2871,.T.);
#3719=ORIENTED_EDGE('',*,*,#2872,.T.);
#3720=ORIENTED_EDGE('',*,*,#2873,.T.);
#3721=ORIENTED_EDGE('',*,*,#2874,.T.);
#3722=ORIENTED_EDGE('',*,*,#2871,.F.);
#3723=ORIENTED_EDGE('',*,*,#2875,.T.);
#3724=ORIENTED_EDGE('',*,*,#2868,.F.);
#3725=ORIENTED_EDGE('',*,*,#2876,.T.);
#3726=ORIENTED_EDGE('',*,*,#2877,.T.);
#3727=ORIENTED_EDGE('',*,*,#2878,.T.);
#3728=ORIENTED_EDGE('',*,*,#2879,.T.);
#3729=ORIENTED_EDGE('',*,*,#2876,.F.);
#3730=ORIENTED_EDGE('',*,*,#2880,.T.);
#3731=ORIENTED_EDGE('',*,*,#2873,.F.);
#3732=ORIENTED_EDGE('',*,*,#2862,.F.);
#3733=ORIENTED_EDGE('',*,*,#2881,.T.);
#3734=ORIENTED_EDGE('',*,*,#2878,.F.);
#3735=ORIENTED_EDGE('',*,*,#2875,.F.);
#3736=ORIENTED_EDGE('',*,*,#2882,.T.);
#3737=ORIENTED_EDGE('',*,*,#2883,.F.);
#3738=ORIENTED_EDGE('',*,*,#2884,.T.);
#3739=ORIENTED_EDGE('',*,*,#2874,.F.);
#3740=ORIENTED_EDGE('',*,*,#2885,.F.);
#3741=ORIENTED_EDGE('',*,*,#2861,.F.);
#3742=ORIENTED_EDGE('',*,*,#2882,.F.);
#3743=ORIENTED_EDGE('',*,*,#2880,.F.);
#3744=ORIENTED_EDGE('',*,*,#2886,.T.);
#3745=ORIENTED_EDGE('',*,*,#2859,.F.);
#3746=ORIENTED_EDGE('',*,*,#2885,.T.);
#3747=ORIENTED_EDGE('',*,*,#2879,.F.);
#3748=ORIENTED_EDGE('',*,*,#2887,.F.);
#3749=ORIENTED_EDGE('',*,*,#2857,.F.);
#3750=ORIENTED_EDGE('',*,*,#2886,.F.);
#3751=ORIENTED_EDGE('',*,*,#2863,.F.);
#3752=ORIENTED_EDGE('',*,*,#2877,.F.);
#3753=ORIENTED_EDGE('',*,*,#2872,.F.);
#3754=ORIENTED_EDGE('',*,*,#2867,.F.);
#3755=ORIENTED_EDGE('',*,*,#2881,.F.);
#3756=ORIENTED_EDGE('',*,*,#2888,.T.);
#3757=ORIENTED_EDGE('',*,*,#2854,.F.);
#3758=ORIENTED_EDGE('',*,*,#2887,.T.);
#3759=ORIENTED_EDGE('',*,*,#2840,.F.);
#3760=ORIENTED_EDGE('',*,*,#2855,.F.);
#3761=ORIENTED_EDGE('',*,*,#2889,.T.);
#3762=ORIENTED_EDGE('',*,*,#2890,.F.);
#3763=ORIENTED_EDGE('',*,*,#2865,.F.);
#3764=ORIENTED_EDGE('',*,*,#2891,.F.);
#3765=ORIENTED_EDGE('',*,*,#2889,.F.);
#3766=ORIENTED_EDGE('',*,*,#2888,.F.);
#3767=ORIENTED_EDGE('',*,*,#2841,.F.);
#3768=ORIENTED_EDGE('',*,*,#2890,.T.);
#3769=ORIENTED_EDGE('',*,*,#2892,.T.);
#3770=ORIENTED_EDGE('',*,*,#2893,.T.);
#3771=ORIENTED_EDGE('',*,*,#2870,.F.);
#3772=ORIENTED_EDGE('',*,*,#2894,.T.);
#3773=ORIENTED_EDGE('',*,*,#2892,.F.);
#3774=ORIENTED_EDGE('',*,*,#2891,.T.);
#3775=ORIENTED_EDGE('',*,*,#2836,.F.);
#3776=ORIENTED_EDGE('',*,*,#2893,.F.);
#3777=ORIENTED_EDGE('',*,*,#2895,.T.);
#3778=ORIENTED_EDGE('',*,*,#2896,.F.);
#3779=ORIENTED_EDGE('',*,*,#2869,.F.);
#3780=ORIENTED_EDGE('',*,*,#2884,.F.);
#3781=ORIENTED_EDGE('',*,*,#2895,.F.);
#3782=ORIENTED_EDGE('',*,*,#2894,.F.);
#3783=ORIENTED_EDGE('',*,*,#2852,.F.);
#3784=ORIENTED_EDGE('',*,*,#2896,.T.);
#3785=ORIENTED_EDGE('',*,*,#2883,.T.);
#3786=ORIENTED_EDGE('',*,*,#2860,.T.);
#3787=ORIENTED_EDGE('',*,*,#2897,.F.);
#3788=ORIENTED_EDGE('',*,*,#2898,.F.);
#3789=ORIENTED_EDGE('',*,*,#2899,.F.);
#3790=ORIENTED_EDGE('',*,*,#2900,.F.);
#3791=ORIENTED_EDGE('',*,*,#2897,.T.);
#3792=ORIENTED_EDGE('',*,*,#2901,.F.);
#3793=ORIENTED_EDGE('',*,*,#2902,.T.);
#3794=ORIENTED_EDGE('',*,*,#2903,.F.);
#3795=ORIENTED_EDGE('',*,*,#2904,.T.);
#3796=ORIENTED_EDGE('',*,*,#2905,.F.);
#3797=ORIENTED_EDGE('',*,*,#2906,.F.);
#3798=ORIENTED_EDGE('',*,*,#2907,.T.);
#3799=ORIENTED_EDGE('',*,*,#2908,.T.);
#3800=ORIENTED_EDGE('',*,*,#2909,.F.);
#3801=ORIENTED_EDGE('',*,*,#2910,.T.);
#3802=ORIENTED_EDGE('',*,*,#2911,.F.);
#3803=ORIENTED_EDGE('',*,*,#2912,.T.);
#3804=ORIENTED_EDGE('',*,*,#2913,.T.);
#3805=ORIENTED_EDGE('',*,*,#2906,.T.);
#3806=ORIENTED_EDGE('',*,*,#2914,.T.);
#3807=ORIENTED_EDGE('',*,*,#2913,.F.);
#3808=ORIENTED_EDGE('',*,*,#2915,.T.);
#3809=ORIENTED_EDGE('',*,*,#2916,.T.);
#3810=ORIENTED_EDGE('',*,*,#2907,.F.);
#3811=ORIENTED_EDGE('',*,*,#2899,.T.);
#3812=ORIENTED_EDGE('',*,*,#2917,.F.);
#3813=ORIENTED_EDGE('',*,*,#2918,.T.);
#3814=ORIENTED_EDGE('',*,*,#2919,.F.);
#3815=ORIENTED_EDGE('',*,*,#2920,.T.);
#3816=ORIENTED_EDGE('',*,*,#2915,.F.);
#3817=ORIENTED_EDGE('',*,*,#2912,.F.);
#3818=ORIENTED_EDGE('',*,*,#2921,.T.);
#3819=ORIENTED_EDGE('',*,*,#2922,.T.);
#3820=ORIENTED_EDGE('',*,*,#2923,.F.);
#3821=ORIENTED_EDGE('',*,*,#2924,.T.);
#3822=ORIENTED_EDGE('',*,*,#2925,.F.);
#3823=ORIENTED_EDGE('',*,*,#2908,.F.);
#3824=ORIENTED_EDGE('',*,*,#2916,.F.);
#3825=ORIENTED_EDGE('',*,*,#2920,.F.);
#3826=ORIENTED_EDGE('',*,*,#2926,.F.);
#3827=ORIENTED_EDGE('',*,*,#2926,.T.);
#3828=ORIENTED_EDGE('',*,*,#2919,.T.);
#3829=ORIENTED_EDGE('',*,*,#2927,.T.);
#3830=ORIENTED_EDGE('',*,*,#2909,.T.);
#3831=ORIENTED_EDGE('',*,*,#2924,.F.);
#3832=ORIENTED_EDGE('',*,*,#2928,.F.);
#3833=ORIENTED_EDGE('',*,*,#2902,.F.);
#3834=ORIENTED_EDGE('',*,*,#2929,.F.);
#3835=ORIENTED_EDGE('',*,*,#2929,.T.);
#3836=ORIENTED_EDGE('',*,*,#2901,.T.);
#3837=ORIENTED_EDGE('',*,*,#2900,.T.);
#3838=ORIENTED_EDGE('',*,*,#2925,.T.);
#3839=ORIENTED_EDGE('',*,*,#2922,.F.);
#3840=ORIENTED_EDGE('',*,*,#2930,.F.);
#3841=ORIENTED_EDGE('',*,*,#2904,.F.);
#3842=ORIENTED_EDGE('',*,*,#2931,.F.);
#3843=ORIENTED_EDGE('',*,*,#2928,.T.);
#3844=ORIENTED_EDGE('',*,*,#2923,.T.);
#3845=ORIENTED_EDGE('',*,*,#2931,.T.);
#3846=ORIENTED_EDGE('',*,*,#2903,.T.);
#3847=ORIENTED_EDGE('',*,*,#2918,.F.);
#3848=ORIENTED_EDGE('',*,*,#2932,.F.);
#3849=ORIENTED_EDGE('',*,*,#2910,.F.);
#3850=ORIENTED_EDGE('',*,*,#2927,.F.);
#3851=ORIENTED_EDGE('',*,*,#2898,.T.);
#3852=ORIENTED_EDGE('',*,*,#2911,.T.);
#3853=ORIENTED_EDGE('',*,*,#2932,.T.);
#3854=ORIENTED_EDGE('',*,*,#2917,.T.);
#3855=ORIENTED_EDGE('',*,*,#2914,.F.);
#3856=ORIENTED_EDGE('',*,*,#2905,.T.);
#3857=ORIENTED_EDGE('',*,*,#2930,.T.);
#3858=ORIENTED_EDGE('',*,*,#2921,.F.);
#3859=ORIENTED_EDGE('',*,*,#2933,.F.);
#3860=ORIENTED_EDGE('',*,*,#2934,.T.);
#3861=ORIENTED_EDGE('',*,*,#2935,.T.);
#3862=ORIENTED_EDGE('',*,*,#2936,.F.);
#3863=ORIENTED_EDGE('',*,*,#2937,.T.);
#3864=ORIENTED_EDGE('',*,*,#2938,.T.);
#3865=ORIENTED_EDGE('',*,*,#2939,.T.);
#3866=ORIENTED_EDGE('',*,*,#2940,.T.);
#3867=ORIENTED_EDGE('',*,*,#2941,.F.);
#3868=ORIENTED_EDGE('',*,*,#2939,.F.);
#3869=ORIENTED_EDGE('',*,*,#2942,.F.);
#3870=ORIENTED_EDGE('',*,*,#2943,.F.);
#3871=ORIENTED_EDGE('',*,*,#2944,.T.);
#3872=ORIENTED_EDGE('',*,*,#2945,.T.);
#3873=ORIENTED_EDGE('',*,*,#2946,.T.);
#3874=ORIENTED_EDGE('',*,*,#2947,.T.);
#3875=ORIENTED_EDGE('',*,*,#2948,.F.);
#3876=ORIENTED_EDGE('',*,*,#2935,.F.);
#3877=ORIENTED_EDGE('',*,*,#2949,.F.);
#3878=ORIENTED_EDGE('',*,*,#2946,.F.);
#3879=ORIENTED_EDGE('',*,*,#2950,.T.);
#3880=ORIENTED_EDGE('',*,*,#2951,.T.);
#3881=ORIENTED_EDGE('',*,*,#2952,.T.);
#3882=ORIENTED_EDGE('',*,*,#2953,.T.);
#3883=ORIENTED_EDGE('',*,*,#2954,.F.);
#3884=ORIENTED_EDGE('',*,*,#2944,.F.);
#3885=ORIENTED_EDGE('',*,*,#2955,.F.);
#3886=ORIENTED_EDGE('',*,*,#2950,.F.);
#3887=ORIENTED_EDGE('',*,*,#2956,.T.);
#3888=ORIENTED_EDGE('',*,*,#2957,.T.);
#3889=ORIENTED_EDGE('',*,*,#2943,.T.);
#3890=ORIENTED_EDGE('',*,*,#2958,.T.);
#3891=ORIENTED_EDGE('',*,*,#2959,.F.);
#3892=ORIENTED_EDGE('',*,*,#2960,.F.);
#3893=ORIENTED_EDGE('',*,*,#2961,.F.);
#3894=ORIENTED_EDGE('',*,*,#2956,.F.);
#3895=ORIENTED_EDGE('',*,*,#2962,.T.);
#3896=ORIENTED_EDGE('',*,*,#2940,.F.);
#3897=ORIENTED_EDGE('',*,*,#2941,.T.);
#3898=ORIENTED_EDGE('',*,*,#2957,.F.);
#3899=ORIENTED_EDGE('',*,*,#2961,.T.);
#3900=ORIENTED_EDGE('',*,*,#2963,.F.);
#3901=ORIENTED_EDGE('',*,*,#2964,.F.);
#3902=ORIENTED_EDGE('',*,*,#2936,.T.);
#3903=ORIENTED_EDGE('',*,*,#2948,.T.);
#3904=ORIENTED_EDGE('',*,*,#2945,.F.);
#3905=ORIENTED_EDGE('',*,*,#2954,.T.);
#3906=ORIENTED_EDGE('',*,*,#2953,.F.);
#3907=ORIENTED_EDGE('',*,*,#2965,.F.);
#3908=ORIENTED_EDGE('',*,*,#2963,.T.);
#3909=ORIENTED_EDGE('',*,*,#2960,.T.);
#3910=ORIENTED_EDGE('',*,*,#2966,.F.);
#3911=ORIENTED_EDGE('',*,*,#2964,.T.);
#3912=ORIENTED_EDGE('',*,*,#2965,.T.);
#3913=ORIENTED_EDGE('',*,*,#2967,.T.);
#3914=ORIENTED_EDGE('',*,*,#2933,.T.);
#3915=ORIENTED_EDGE('',*,*,#2968,.T.);
#3916=ORIENTED_EDGE('',*,*,#2951,.F.);
#3917=ORIENTED_EDGE('',*,*,#2955,.T.);
#3918=ORIENTED_EDGE('',*,*,#2947,.F.);
#3919=ORIENTED_EDGE('',*,*,#2949,.T.);
#3920=ORIENTED_EDGE('',*,*,#2934,.F.);
#3921=ORIENTED_EDGE('',*,*,#2967,.F.);
#3922=ORIENTED_EDGE('',*,*,#2966,.T.);
#3923=ORIENTED_EDGE('',*,*,#2959,.T.);
#3924=ORIENTED_EDGE('',*,*,#2958,.F.);
#3925=ORIENTED_EDGE('',*,*,#2942,.T.);
#3926=ORIENTED_EDGE('',*,*,#2938,.F.);
#3927=ORIENTED_EDGE('',*,*,#2968,.F.);
#3928=ORIENTED_EDGE('',*,*,#2937,.F.);
#3929=ORIENTED_EDGE('',*,*,#2962,.F.);
#3930=ORIENTED_EDGE('',*,*,#2952,.F.);
#3931=ORIENTED_EDGE('',*,*,#2969,.F.);
#3932=ORIENTED_EDGE('',*,*,#2970,.T.);
#3933=ORIENTED_EDGE('',*,*,#2971,.F.);
#3934=ORIENTED_EDGE('',*,*,#2972,.F.);
#3935=ORIENTED_EDGE('',*,*,#2971,.T.);
#3936=ORIENTED_EDGE('',*,*,#2973,.T.);
#3937=ORIENTED_EDGE('',*,*,#2974,.F.);
#3938=ORIENTED_EDGE('',*,*,#2975,.T.);
#3939=ORIENTED_EDGE('',*,*,#2976,.F.);
#3940=ORIENTED_EDGE('',*,*,#2977,.T.);
#3941=ORIENTED_EDGE('',*,*,#2978,.F.);
#3942=ORIENTED_EDGE('',*,*,#2979,.F.);
#3943=ORIENTED_EDGE('',*,*,#2980,.F.);
#3944=ORIENTED_EDGE('',*,*,#2981,.T.);
#3945=ORIENTED_EDGE('',*,*,#2982,.F.);
#3946=ORIENTED_EDGE('',*,*,#2983,.T.);
#3947=ORIENTED_EDGE('',*,*,#2984,.F.);
#3948=ORIENTED_EDGE('',*,*,#2985,.F.);
#3949=ORIENTED_EDGE('',*,*,#2986,.F.);
#3950=ORIENTED_EDGE('',*,*,#2979,.T.);
#3951=ORIENTED_EDGE('',*,*,#2972,.T.);
#3952=ORIENTED_EDGE('',*,*,#2983,.F.);
#3953=ORIENTED_EDGE('',*,*,#2987,.F.);
#3954=ORIENTED_EDGE('',*,*,#2988,.F.);
#3955=ORIENTED_EDGE('',*,*,#2982,.T.);
#3956=ORIENTED_EDGE('',*,*,#2989,.T.);
#3957=ORIENTED_EDGE('',*,*,#2990,.T.);
#3958=ORIENTED_EDGE('',*,*,#2987,.T.);
#3959=ORIENTED_EDGE('',*,*,#2991,.F.);
#3960=ORIENTED_EDGE('',*,*,#2992,.F.);
#3961=ORIENTED_EDGE('',*,*,#2993,.F.);
#3962=ORIENTED_EDGE('',*,*,#2975,.F.);
#3963=ORIENTED_EDGE('',*,*,#2976,.T.);
#3964=ORIENTED_EDGE('',*,*,#2993,.T.);
#3965=ORIENTED_EDGE('',*,*,#2994,.T.);
#3966=ORIENTED_EDGE('',*,*,#2995,.T.);
#3967=ORIENTED_EDGE('',*,*,#2996,.F.);
#3968=ORIENTED_EDGE('',*,*,#2973,.F.);
#3969=ORIENTED_EDGE('',*,*,#2970,.F.);
#3970=ORIENTED_EDGE('',*,*,#2997,.F.);
#3971=ORIENTED_EDGE('',*,*,#2974,.T.);
#3972=ORIENTED_EDGE('',*,*,#2996,.T.);
#3973=ORIENTED_EDGE('',*,*,#2998,.T.);
#3974=ORIENTED_EDGE('',*,*,#2991,.T.);
#3975=ORIENTED_EDGE('',*,*,#2969,.T.);
#3976=ORIENTED_EDGE('',*,*,#2988,.T.);
#3977=ORIENTED_EDGE('',*,*,#2990,.F.);
#3978=ORIENTED_EDGE('',*,*,#2999,.T.);
#3979=ORIENTED_EDGE('',*,*,#3000,.F.);
#3980=ORIENTED_EDGE('',*,*,#2985,.T.);
#3981=ORIENTED_EDGE('',*,*,#3001,.F.);
#3982=ORIENTED_EDGE('',*,*,#3002,.F.);
#3983=ORIENTED_EDGE('',*,*,#2994,.F.);
#3984=ORIENTED_EDGE('',*,*,#2992,.T.);
#3985=ORIENTED_EDGE('',*,*,#2998,.F.);
#3986=ORIENTED_EDGE('',*,*,#2997,.T.);
#3987=ORIENTED_EDGE('',*,*,#3003,.F.);
#3988=ORIENTED_EDGE('',*,*,#2999,.F.);
#3989=ORIENTED_EDGE('',*,*,#2989,.F.);
#3990=ORIENTED_EDGE('',*,*,#2981,.F.);
#3991=ORIENTED_EDGE('',*,*,#3000,.T.);
#3992=ORIENTED_EDGE('',*,*,#3003,.T.);
#3993=ORIENTED_EDGE('',*,*,#2980,.T.);
#3994=ORIENTED_EDGE('',*,*,#2986,.T.);
#3995=ORIENTED_EDGE('',*,*,#3004,.F.);
#3996=ORIENTED_EDGE('',*,*,#2977,.F.);
#3997=ORIENTED_EDGE('',*,*,#2995,.F.);
#3998=ORIENTED_EDGE('',*,*,#3002,.T.);
#3999=ORIENTED_EDGE('',*,*,#2978,.T.);
#4000=ORIENTED_EDGE('',*,*,#3004,.T.);
#4001=ORIENTED_EDGE('',*,*,#3001,.T.);
#4002=ORIENTED_EDGE('',*,*,#2984,.T.);
#4003=ORIENTED_EDGE('',*,*,#3005,.F.);
#4004=ORIENTED_EDGE('',*,*,#3006,.T.);
#4005=ORIENTED_EDGE('',*,*,#3007,.F.);
#4006=ORIENTED_EDGE('',*,*,#3008,.F.);
#4007=ORIENTED_EDGE('',*,*,#3009,.F.);
#4008=ORIENTED_EDGE('',*,*,#3010,.T.);
#4009=ORIENTED_EDGE('',*,*,#3011,.F.);
#4010=ORIENTED_EDGE('',*,*,#3006,.F.);
#4011=ORIENTED_EDGE('',*,*,#3012,.F.);
#4012=ORIENTED_EDGE('',*,*,#3013,.T.);
#4013=ORIENTED_EDGE('',*,*,#3014,.F.);
#4014=ORIENTED_EDGE('',*,*,#3010,.F.);
#4015=ORIENTED_EDGE('',*,*,#3015,.F.);
#4016=ORIENTED_EDGE('',*,*,#3016,.T.);
#4017=ORIENTED_EDGE('',*,*,#3017,.F.);
#4018=ORIENTED_EDGE('',*,*,#3013,.F.);
#4019=ORIENTED_EDGE('',*,*,#3018,.F.);
#4020=ORIENTED_EDGE('',*,*,#3019,.T.);
#4021=ORIENTED_EDGE('',*,*,#3020,.F.);
#4022=ORIENTED_EDGE('',*,*,#3016,.F.);
#4023=ORIENTED_EDGE('',*,*,#3021,.F.);
#4024=ORIENTED_EDGE('',*,*,#3022,.T.);
#4025=ORIENTED_EDGE('',*,*,#3023,.F.);
#4026=ORIENTED_EDGE('',*,*,#3019,.F.);
#4027=ORIENTED_EDGE('',*,*,#3024,.F.);
#4028=ORIENTED_EDGE('',*,*,#3025,.T.);
#4029=ORIENTED_EDGE('',*,*,#3026,.F.);
#4030=ORIENTED_EDGE('',*,*,#3022,.F.);
#4031=ORIENTED_EDGE('',*,*,#3027,.F.);
#4032=ORIENTED_EDGE('',*,*,#3008,.T.);
#4033=ORIENTED_EDGE('',*,*,#3028,.F.);
#4034=ORIENTED_EDGE('',*,*,#3025,.F.);
#4035=ORIENTED_EDGE('',*,*,#3029,.F.);
#4036=ORIENTED_EDGE('',*,*,#3030,.T.);
#4037=ORIENTED_EDGE('',*,*,#3031,.F.);
#4038=ORIENTED_EDGE('',*,*,#3032,.F.);
#4039=ORIENTED_EDGE('',*,*,#3033,.F.);
#4040=ORIENTED_EDGE('',*,*,#3034,.T.);
#4041=ORIENTED_EDGE('',*,*,#3035,.F.);
#4042=ORIENTED_EDGE('',*,*,#3030,.F.);
#4043=ORIENTED_EDGE('',*,*,#3036,.F.);
#4044=ORIENTED_EDGE('',*,*,#3037,.T.);
#4045=ORIENTED_EDGE('',*,*,#3038,.F.);
#4046=ORIENTED_EDGE('',*,*,#3034,.F.);
#4047=ORIENTED_EDGE('',*,*,#3039,.F.);
#4048=ORIENTED_EDGE('',*,*,#3040,.T.);
#4049=ORIENTED_EDGE('',*,*,#3041,.F.);
#4050=ORIENTED_EDGE('',*,*,#3037,.F.);
#4051=ORIENTED_EDGE('',*,*,#3042,.F.);
#4052=ORIENTED_EDGE('',*,*,#3043,.T.);
#4053=ORIENTED_EDGE('',*,*,#3044,.F.);
#4054=ORIENTED_EDGE('',*,*,#3040,.F.);
#4055=ORIENTED_EDGE('',*,*,#3045,.F.);
#4056=ORIENTED_EDGE('',*,*,#3046,.T.);
#4057=ORIENTED_EDGE('',*,*,#3047,.F.);
#4058=ORIENTED_EDGE('',*,*,#3043,.F.);
#4059=ORIENTED_EDGE('',*,*,#3048,.F.);
#4060=ORIENTED_EDGE('',*,*,#3049,.T.);
#4061=ORIENTED_EDGE('',*,*,#3050,.F.);
#4062=ORIENTED_EDGE('',*,*,#3046,.F.);
#4063=ORIENTED_EDGE('',*,*,#3051,.F.);
#4064=ORIENTED_EDGE('',*,*,#3052,.T.);
#4065=ORIENTED_EDGE('',*,*,#3053,.F.);
#4066=ORIENTED_EDGE('',*,*,#3049,.F.);
#4067=ORIENTED_EDGE('',*,*,#3054,.F.);
#4068=ORIENTED_EDGE('',*,*,#3055,.T.);
#4069=ORIENTED_EDGE('',*,*,#3056,.F.);
#4070=ORIENTED_EDGE('',*,*,#3052,.F.);
#4071=ORIENTED_EDGE('',*,*,#3057,.F.);
#4072=ORIENTED_EDGE('',*,*,#3032,.T.);
#4073=ORIENTED_EDGE('',*,*,#3058,.F.);
#4074=ORIENTED_EDGE('',*,*,#3055,.F.);
#4075=ORIENTED_EDGE('',*,*,#3059,.T.);
#4076=ORIENTED_EDGE('',*,*,#3060,.T.);
#4077=ORIENTED_EDGE('',*,*,#3061,.F.);
#4078=ORIENTED_EDGE('',*,*,#3062,.F.);
#4079=ORIENTED_EDGE('',*,*,#3063,.T.);
#4080=ORIENTED_EDGE('',*,*,#3062,.T.);
#4081=ORIENTED_EDGE('',*,*,#3064,.F.);
#4082=ORIENTED_EDGE('',*,*,#3065,.F.);
#4083=ORIENTED_EDGE('',*,*,#3066,.T.);
#4084=ORIENTED_EDGE('',*,*,#3065,.T.);
#4085=ORIENTED_EDGE('',*,*,#3067,.F.);
#4086=ORIENTED_EDGE('',*,*,#3068,.F.);
#4087=ORIENTED_EDGE('',*,*,#3069,.T.);
#4088=ORIENTED_EDGE('',*,*,#3068,.T.);
#4089=ORIENTED_EDGE('',*,*,#3070,.F.);
#4090=ORIENTED_EDGE('',*,*,#3071,.F.);
#4091=ORIENTED_EDGE('',*,*,#3072,.T.);
#4092=ORIENTED_EDGE('',*,*,#3071,.T.);
#4093=ORIENTED_EDGE('',*,*,#3073,.F.);
#4094=ORIENTED_EDGE('',*,*,#3074,.F.);
#4095=ORIENTED_EDGE('',*,*,#3075,.T.);
#4096=ORIENTED_EDGE('',*,*,#3074,.T.);
#4097=ORIENTED_EDGE('',*,*,#3076,.F.);
#4098=ORIENTED_EDGE('',*,*,#3077,.F.);
#4099=ORIENTED_EDGE('',*,*,#3078,.T.);
#4100=ORIENTED_EDGE('',*,*,#3077,.T.);
#4101=ORIENTED_EDGE('',*,*,#3079,.F.);
#4102=ORIENTED_EDGE('',*,*,#3080,.F.);
#4103=ORIENTED_EDGE('',*,*,#3081,.T.);
#4104=ORIENTED_EDGE('',*,*,#3080,.T.);
#4105=ORIENTED_EDGE('',*,*,#3082,.F.);
#4106=ORIENTED_EDGE('',*,*,#3083,.F.);
#4107=ORIENTED_EDGE('',*,*,#3084,.T.);
#4108=ORIENTED_EDGE('',*,*,#3083,.T.);
#4109=ORIENTED_EDGE('',*,*,#3085,.F.);
#4110=ORIENTED_EDGE('',*,*,#3086,.F.);
#4111=ORIENTED_EDGE('',*,*,#3087,.T.);
#4112=ORIENTED_EDGE('',*,*,#3086,.T.);
#4113=ORIENTED_EDGE('',*,*,#3088,.F.);
#4114=ORIENTED_EDGE('',*,*,#3089,.F.);
#4115=ORIENTED_EDGE('',*,*,#3090,.T.);
#4116=ORIENTED_EDGE('',*,*,#3089,.T.);
#4117=ORIENTED_EDGE('',*,*,#3091,.F.);
#4118=ORIENTED_EDGE('',*,*,#3092,.F.);
#4119=ORIENTED_EDGE('',*,*,#3093,.T.);
#4120=ORIENTED_EDGE('',*,*,#3092,.T.);
#4121=ORIENTED_EDGE('',*,*,#3094,.F.);
#4122=ORIENTED_EDGE('',*,*,#3095,.F.);
#4123=ORIENTED_EDGE('',*,*,#3096,.T.);
#4124=ORIENTED_EDGE('',*,*,#3095,.T.);
#4125=ORIENTED_EDGE('',*,*,#3097,.F.);
#4126=ORIENTED_EDGE('',*,*,#3098,.F.);
#4127=ORIENTED_EDGE('',*,*,#3099,.T.);
#4128=ORIENTED_EDGE('',*,*,#3098,.T.);
#4129=ORIENTED_EDGE('',*,*,#3100,.F.);
#4130=ORIENTED_EDGE('',*,*,#3101,.F.);
#4131=ORIENTED_EDGE('',*,*,#3102,.T.);
#4132=ORIENTED_EDGE('',*,*,#3101,.T.);
#4133=ORIENTED_EDGE('',*,*,#3103,.F.);
#4134=ORIENTED_EDGE('',*,*,#3104,.F.);
#4135=ORIENTED_EDGE('',*,*,#3105,.T.);
#4136=ORIENTED_EDGE('',*,*,#3104,.T.);
#4137=ORIENTED_EDGE('',*,*,#3106,.F.);
#4138=ORIENTED_EDGE('',*,*,#3107,.F.);
#4139=ORIENTED_EDGE('',*,*,#3108,.T.);
#4140=ORIENTED_EDGE('',*,*,#3107,.T.);
#4141=ORIENTED_EDGE('',*,*,#3109,.F.);
#4142=ORIENTED_EDGE('',*,*,#3110,.F.);
#4143=ORIENTED_EDGE('',*,*,#3111,.T.);
#4144=ORIENTED_EDGE('',*,*,#3110,.T.);
#4145=ORIENTED_EDGE('',*,*,#3112,.F.);
#4146=ORIENTED_EDGE('',*,*,#3113,.F.);
#4147=ORIENTED_EDGE('',*,*,#3114,.T.);
#4148=ORIENTED_EDGE('',*,*,#3113,.T.);
#4149=ORIENTED_EDGE('',*,*,#3115,.F.);
#4150=ORIENTED_EDGE('',*,*,#3116,.F.);
#4151=ORIENTED_EDGE('',*,*,#3117,.T.);
#4152=ORIENTED_EDGE('',*,*,#3116,.T.);
#4153=ORIENTED_EDGE('',*,*,#3118,.F.);
#4154=ORIENTED_EDGE('',*,*,#3119,.F.);
#4155=ORIENTED_EDGE('',*,*,#3120,.T.);
#4156=ORIENTED_EDGE('',*,*,#3119,.T.);
#4157=ORIENTED_EDGE('',*,*,#3121,.F.);
#4158=ORIENTED_EDGE('',*,*,#3122,.F.);
#4159=ORIENTED_EDGE('',*,*,#3123,.T.);
#4160=ORIENTED_EDGE('',*,*,#3122,.T.);
#4161=ORIENTED_EDGE('',*,*,#3124,.F.);
#4162=ORIENTED_EDGE('',*,*,#3125,.F.);
#4163=ORIENTED_EDGE('',*,*,#3126,.T.);
#4164=ORIENTED_EDGE('',*,*,#3125,.T.);
#4165=ORIENTED_EDGE('',*,*,#3127,.F.);
#4166=ORIENTED_EDGE('',*,*,#3128,.F.);
#4167=ORIENTED_EDGE('',*,*,#3129,.T.);
#4168=ORIENTED_EDGE('',*,*,#3128,.T.);
#4169=ORIENTED_EDGE('',*,*,#3130,.F.);
#4170=ORIENTED_EDGE('',*,*,#3060,.F.);
#4171=ORIENTED_EDGE('',*,*,#3130,.T.);
#4172=ORIENTED_EDGE('',*,*,#3127,.T.);
#4173=ORIENTED_EDGE('',*,*,#3124,.T.);
#4174=ORIENTED_EDGE('',*,*,#3121,.T.);
#4175=ORIENTED_EDGE('',*,*,#3118,.T.);
#4176=ORIENTED_EDGE('',*,*,#3115,.T.);
#4177=ORIENTED_EDGE('',*,*,#3112,.T.);
#4178=ORIENTED_EDGE('',*,*,#3109,.T.);
#4179=ORIENTED_EDGE('',*,*,#3106,.T.);
#4180=ORIENTED_EDGE('',*,*,#3103,.T.);
#4181=ORIENTED_EDGE('',*,*,#3100,.T.);
#4182=ORIENTED_EDGE('',*,*,#3097,.T.);
#4183=ORIENTED_EDGE('',*,*,#3094,.T.);
#4184=ORIENTED_EDGE('',*,*,#3091,.T.);
#4185=ORIENTED_EDGE('',*,*,#3088,.T.);
#4186=ORIENTED_EDGE('',*,*,#3085,.T.);
#4187=ORIENTED_EDGE('',*,*,#3082,.T.);
#4188=ORIENTED_EDGE('',*,*,#3079,.T.);
#4189=ORIENTED_EDGE('',*,*,#3076,.T.);
#4190=ORIENTED_EDGE('',*,*,#3073,.T.);
#4191=ORIENTED_EDGE('',*,*,#3070,.T.);
#4192=ORIENTED_EDGE('',*,*,#3067,.T.);
#4193=ORIENTED_EDGE('',*,*,#3064,.T.);
#4194=ORIENTED_EDGE('',*,*,#3061,.T.);
#4195=ORIENTED_EDGE('',*,*,#3007,.T.);
#4196=ORIENTED_EDGE('',*,*,#3011,.T.);
#4197=ORIENTED_EDGE('',*,*,#3014,.T.);
#4198=ORIENTED_EDGE('',*,*,#3017,.T.);
#4199=ORIENTED_EDGE('',*,*,#3020,.T.);
#4200=ORIENTED_EDGE('',*,*,#3023,.T.);
#4201=ORIENTED_EDGE('',*,*,#3026,.T.);
#4202=ORIENTED_EDGE('',*,*,#3028,.T.);
#4203=ORIENTED_EDGE('',*,*,#3031,.T.);
#4204=ORIENTED_EDGE('',*,*,#3035,.T.);
#4205=ORIENTED_EDGE('',*,*,#3038,.T.);
#4206=ORIENTED_EDGE('',*,*,#3041,.T.);
#4207=ORIENTED_EDGE('',*,*,#3044,.T.);
#4208=ORIENTED_EDGE('',*,*,#3047,.T.);
#4209=ORIENTED_EDGE('',*,*,#3050,.T.);
#4210=ORIENTED_EDGE('',*,*,#3053,.T.);
#4211=ORIENTED_EDGE('',*,*,#3056,.T.);
#4212=ORIENTED_EDGE('',*,*,#3058,.T.);
#4213=ORIENTED_EDGE('',*,*,#3129,.F.);
#4214=ORIENTED_EDGE('',*,*,#3059,.F.);
#4215=ORIENTED_EDGE('',*,*,#3063,.F.);
#4216=ORIENTED_EDGE('',*,*,#3066,.F.);
#4217=ORIENTED_EDGE('',*,*,#3069,.F.);
#4218=ORIENTED_EDGE('',*,*,#3072,.F.);
#4219=ORIENTED_EDGE('',*,*,#3075,.F.);
#4220=ORIENTED_EDGE('',*,*,#3078,.F.);
#4221=ORIENTED_EDGE('',*,*,#3081,.F.);
#4222=ORIENTED_EDGE('',*,*,#3084,.F.);
#4223=ORIENTED_EDGE('',*,*,#3087,.F.);
#4224=ORIENTED_EDGE('',*,*,#3090,.F.);
#4225=ORIENTED_EDGE('',*,*,#3093,.F.);
#4226=ORIENTED_EDGE('',*,*,#3096,.F.);
#4227=ORIENTED_EDGE('',*,*,#3099,.F.);
#4228=ORIENTED_EDGE('',*,*,#3102,.F.);
#4229=ORIENTED_EDGE('',*,*,#3105,.F.);
#4230=ORIENTED_EDGE('',*,*,#3108,.F.);
#4231=ORIENTED_EDGE('',*,*,#3111,.F.);
#4232=ORIENTED_EDGE('',*,*,#3114,.F.);
#4233=ORIENTED_EDGE('',*,*,#3117,.F.);
#4234=ORIENTED_EDGE('',*,*,#3120,.F.);
#4235=ORIENTED_EDGE('',*,*,#3123,.F.);
#4236=ORIENTED_EDGE('',*,*,#3126,.F.);
#4237=ORIENTED_EDGE('',*,*,#3005,.T.);
#4238=ORIENTED_EDGE('',*,*,#3027,.T.);
#4239=ORIENTED_EDGE('',*,*,#3024,.T.);
#4240=ORIENTED_EDGE('',*,*,#3021,.T.);
#4241=ORIENTED_EDGE('',*,*,#3018,.T.);
#4242=ORIENTED_EDGE('',*,*,#3015,.T.);
#4243=ORIENTED_EDGE('',*,*,#3012,.T.);
#4244=ORIENTED_EDGE('',*,*,#3009,.T.);
#4245=ORIENTED_EDGE('',*,*,#3029,.T.);
#4246=ORIENTED_EDGE('',*,*,#3057,.T.);
#4247=ORIENTED_EDGE('',*,*,#3054,.T.);
#4248=ORIENTED_EDGE('',*,*,#3051,.T.);
#4249=ORIENTED_EDGE('',*,*,#3048,.T.);
#4250=ORIENTED_EDGE('',*,*,#3045,.T.);
#4251=ORIENTED_EDGE('',*,*,#3042,.T.);
#4252=ORIENTED_EDGE('',*,*,#3039,.T.);
#4253=ORIENTED_EDGE('',*,*,#3036,.T.);
#4254=ORIENTED_EDGE('',*,*,#3033,.T.);
#4255=ORIENTED_EDGE('',*,*,#3131,.F.);
#4256=ORIENTED_EDGE('',*,*,#3132,.T.);
#4257=ORIENTED_EDGE('',*,*,#3133,.F.);
#4258=ORIENTED_EDGE('',*,*,#3134,.F.);
#4259=ORIENTED_EDGE('',*,*,#3135,.F.);
#4260=ORIENTED_EDGE('',*,*,#3136,.T.);
#4261=ORIENTED_EDGE('',*,*,#3137,.F.);
#4262=ORIENTED_EDGE('',*,*,#3132,.F.);
#4263=ORIENTED_EDGE('',*,*,#3138,.F.);
#4264=ORIENTED_EDGE('',*,*,#3139,.T.);
#4265=ORIENTED_EDGE('',*,*,#3140,.F.);
#4266=ORIENTED_EDGE('',*,*,#3136,.F.);
#4267=ORIENTED_EDGE('',*,*,#3141,.F.);
#4268=ORIENTED_EDGE('',*,*,#3142,.T.);
#4269=ORIENTED_EDGE('',*,*,#3143,.F.);
#4270=ORIENTED_EDGE('',*,*,#3139,.F.);
#4271=ORIENTED_EDGE('',*,*,#3144,.F.);
#4272=ORIENTED_EDGE('',*,*,#3145,.T.);
#4273=ORIENTED_EDGE('',*,*,#3146,.F.);
#4274=ORIENTED_EDGE('',*,*,#3142,.F.);
#4275=ORIENTED_EDGE('',*,*,#3147,.F.);
#4276=ORIENTED_EDGE('',*,*,#3148,.T.);
#4277=ORIENTED_EDGE('',*,*,#3149,.F.);
#4278=ORIENTED_EDGE('',*,*,#3145,.F.);
#4279=ORIENTED_EDGE('',*,*,#3150,.F.);
#4280=ORIENTED_EDGE('',*,*,#3134,.T.);
#4281=ORIENTED_EDGE('',*,*,#3151,.F.);
#4282=ORIENTED_EDGE('',*,*,#3148,.F.);
#4283=ORIENTED_EDGE('',*,*,#3152,.T.);
#4284=ORIENTED_EDGE('',*,*,#3153,.T.);
#4285=ORIENTED_EDGE('',*,*,#3154,.F.);
#4286=ORIENTED_EDGE('',*,*,#3155,.F.);
#4287=ORIENTED_EDGE('',*,*,#3156,.T.);
#4288=ORIENTED_EDGE('',*,*,#3155,.T.);
#4289=ORIENTED_EDGE('',*,*,#3157,.F.);
#4290=ORIENTED_EDGE('',*,*,#3158,.F.);
#4291=ORIENTED_EDGE('',*,*,#3159,.T.);
#4292=ORIENTED_EDGE('',*,*,#3158,.T.);
#4293=ORIENTED_EDGE('',*,*,#3160,.F.);
#4294=ORIENTED_EDGE('',*,*,#3161,.F.);
#4295=ORIENTED_EDGE('',*,*,#3162,.T.);
#4296=ORIENTED_EDGE('',*,*,#3161,.T.);
#4297=ORIENTED_EDGE('',*,*,#3163,.F.);
#4298=ORIENTED_EDGE('',*,*,#3164,.F.);
#4299=ORIENTED_EDGE('',*,*,#3165,.T.);
#4300=ORIENTED_EDGE('',*,*,#3164,.T.);
#4301=ORIENTED_EDGE('',*,*,#3166,.F.);
#4302=ORIENTED_EDGE('',*,*,#3167,.F.);
#4303=ORIENTED_EDGE('',*,*,#3168,.T.);
#4304=ORIENTED_EDGE('',*,*,#3167,.T.);
#4305=ORIENTED_EDGE('',*,*,#3169,.F.);
#4306=ORIENTED_EDGE('',*,*,#3170,.F.);
#4307=ORIENTED_EDGE('',*,*,#3171,.T.);
#4308=ORIENTED_EDGE('',*,*,#3170,.T.);
#4309=ORIENTED_EDGE('',*,*,#3172,.F.);
#4310=ORIENTED_EDGE('',*,*,#3173,.F.);
#4311=ORIENTED_EDGE('',*,*,#3174,.T.);
#4312=ORIENTED_EDGE('',*,*,#3173,.T.);
#4313=ORIENTED_EDGE('',*,*,#3175,.F.);
#4314=ORIENTED_EDGE('',*,*,#3176,.F.);
#4315=ORIENTED_EDGE('',*,*,#3177,.T.);
#4316=ORIENTED_EDGE('',*,*,#3176,.T.);
#4317=ORIENTED_EDGE('',*,*,#3178,.F.);
#4318=ORIENTED_EDGE('',*,*,#3179,.F.);
#4319=ORIENTED_EDGE('',*,*,#3180,.T.);
#4320=ORIENTED_EDGE('',*,*,#3179,.T.);
#4321=ORIENTED_EDGE('',*,*,#3181,.F.);
#4322=ORIENTED_EDGE('',*,*,#3182,.F.);
#4323=ORIENTED_EDGE('',*,*,#3183,.T.);
#4324=ORIENTED_EDGE('',*,*,#3182,.T.);
#4325=ORIENTED_EDGE('',*,*,#3184,.F.);
#4326=ORIENTED_EDGE('',*,*,#3185,.F.);
#4327=ORIENTED_EDGE('',*,*,#3186,.T.);
#4328=ORIENTED_EDGE('',*,*,#3185,.T.);
#4329=ORIENTED_EDGE('',*,*,#3187,.F.);
#4330=ORIENTED_EDGE('',*,*,#3188,.F.);
#4331=ORIENTED_EDGE('',*,*,#3189,.T.);
#4332=ORIENTED_EDGE('',*,*,#3188,.T.);
#4333=ORIENTED_EDGE('',*,*,#3190,.F.);
#4334=ORIENTED_EDGE('',*,*,#3191,.F.);
#4335=ORIENTED_EDGE('',*,*,#3192,.T.);
#4336=ORIENTED_EDGE('',*,*,#3191,.T.);
#4337=ORIENTED_EDGE('',*,*,#3193,.F.);
#4338=ORIENTED_EDGE('',*,*,#3194,.F.);
#4339=ORIENTED_EDGE('',*,*,#3195,.T.);
#4340=ORIENTED_EDGE('',*,*,#3194,.T.);
#4341=ORIENTED_EDGE('',*,*,#3196,.F.);
#4342=ORIENTED_EDGE('',*,*,#3197,.F.);
#4343=ORIENTED_EDGE('',*,*,#3198,.T.);
#4344=ORIENTED_EDGE('',*,*,#3197,.T.);
#4345=ORIENTED_EDGE('',*,*,#3199,.F.);
#4346=ORIENTED_EDGE('',*,*,#3200,.F.);
#4347=ORIENTED_EDGE('',*,*,#3201,.T.);
#4348=ORIENTED_EDGE('',*,*,#3200,.T.);
#4349=ORIENTED_EDGE('',*,*,#3202,.F.);
#4350=ORIENTED_EDGE('',*,*,#3203,.F.);
#4351=ORIENTED_EDGE('',*,*,#3204,.T.);
#4352=ORIENTED_EDGE('',*,*,#3203,.T.);
#4353=ORIENTED_EDGE('',*,*,#3205,.F.);
#4354=ORIENTED_EDGE('',*,*,#3206,.F.);
#4355=ORIENTED_EDGE('',*,*,#3207,.T.);
#4356=ORIENTED_EDGE('',*,*,#3206,.T.);
#4357=ORIENTED_EDGE('',*,*,#3208,.F.);
#4358=ORIENTED_EDGE('',*,*,#3209,.F.);
#4359=ORIENTED_EDGE('',*,*,#3210,.T.);
#4360=ORIENTED_EDGE('',*,*,#3209,.T.);
#4361=ORIENTED_EDGE('',*,*,#3211,.F.);
#4362=ORIENTED_EDGE('',*,*,#3212,.F.);
#4363=ORIENTED_EDGE('',*,*,#3213,.T.);
#4364=ORIENTED_EDGE('',*,*,#3212,.T.);
#4365=ORIENTED_EDGE('',*,*,#3214,.F.);
#4366=ORIENTED_EDGE('',*,*,#3215,.F.);
#4367=ORIENTED_EDGE('',*,*,#3216,.T.);
#4368=ORIENTED_EDGE('',*,*,#3215,.T.);
#4369=ORIENTED_EDGE('',*,*,#3217,.F.);
#4370=ORIENTED_EDGE('',*,*,#3218,.F.);
#4371=ORIENTED_EDGE('',*,*,#3219,.T.);
#4372=ORIENTED_EDGE('',*,*,#3218,.T.);
#4373=ORIENTED_EDGE('',*,*,#3220,.F.);
#4374=ORIENTED_EDGE('',*,*,#3221,.F.);
#4375=ORIENTED_EDGE('',*,*,#3222,.T.);
#4376=ORIENTED_EDGE('',*,*,#3221,.T.);
#4377=ORIENTED_EDGE('',*,*,#3223,.F.);
#4378=ORIENTED_EDGE('',*,*,#3224,.F.);
#4379=ORIENTED_EDGE('',*,*,#3225,.T.);
#4380=ORIENTED_EDGE('',*,*,#3224,.T.);
#4381=ORIENTED_EDGE('',*,*,#3226,.F.);
#4382=ORIENTED_EDGE('',*,*,#3227,.F.);
#4383=ORIENTED_EDGE('',*,*,#3228,.T.);
#4384=ORIENTED_EDGE('',*,*,#3227,.T.);
#4385=ORIENTED_EDGE('',*,*,#3229,.F.);
#4386=ORIENTED_EDGE('',*,*,#3230,.F.);
#4387=ORIENTED_EDGE('',*,*,#3231,.T.);
#4388=ORIENTED_EDGE('',*,*,#3230,.T.);
#4389=ORIENTED_EDGE('',*,*,#3232,.F.);
#4390=ORIENTED_EDGE('',*,*,#3233,.F.);
#4391=ORIENTED_EDGE('',*,*,#3234,.T.);
#4392=ORIENTED_EDGE('',*,*,#3233,.T.);
#4393=ORIENTED_EDGE('',*,*,#3235,.F.);
#4394=ORIENTED_EDGE('',*,*,#3236,.F.);
#4395=ORIENTED_EDGE('',*,*,#3237,.T.);
#4396=ORIENTED_EDGE('',*,*,#3236,.T.);
#4397=ORIENTED_EDGE('',*,*,#3238,.F.);
#4398=ORIENTED_EDGE('',*,*,#3239,.F.);
#4399=ORIENTED_EDGE('',*,*,#3240,.T.);
#4400=ORIENTED_EDGE('',*,*,#3239,.T.);
#4401=ORIENTED_EDGE('',*,*,#3241,.F.);
#4402=ORIENTED_EDGE('',*,*,#3242,.F.);
#4403=ORIENTED_EDGE('',*,*,#3243,.T.);
#4404=ORIENTED_EDGE('',*,*,#3242,.T.);
#4405=ORIENTED_EDGE('',*,*,#3244,.F.);
#4406=ORIENTED_EDGE('',*,*,#3245,.F.);
#4407=ORIENTED_EDGE('',*,*,#3246,.T.);
#4408=ORIENTED_EDGE('',*,*,#3245,.T.);
#4409=ORIENTED_EDGE('',*,*,#3247,.F.);
#4410=ORIENTED_EDGE('',*,*,#3248,.F.);
#4411=ORIENTED_EDGE('',*,*,#3249,.T.);
#4412=ORIENTED_EDGE('',*,*,#3248,.T.);
#4413=ORIENTED_EDGE('',*,*,#3250,.F.);
#4414=ORIENTED_EDGE('',*,*,#3251,.F.);
#4415=ORIENTED_EDGE('',*,*,#3252,.T.);
#4416=ORIENTED_EDGE('',*,*,#3251,.T.);
#4417=ORIENTED_EDGE('',*,*,#3253,.F.);
#4418=ORIENTED_EDGE('',*,*,#3153,.F.);
#4419=ORIENTED_EDGE('',*,*,#3253,.T.);
#4420=ORIENTED_EDGE('',*,*,#3250,.T.);
#4421=ORIENTED_EDGE('',*,*,#3247,.T.);
#4422=ORIENTED_EDGE('',*,*,#3244,.T.);
#4423=ORIENTED_EDGE('',*,*,#3241,.T.);
#4424=ORIENTED_EDGE('',*,*,#3238,.T.);
#4425=ORIENTED_EDGE('',*,*,#3235,.T.);
#4426=ORIENTED_EDGE('',*,*,#3232,.T.);
#4427=ORIENTED_EDGE('',*,*,#3229,.T.);
#4428=ORIENTED_EDGE('',*,*,#3226,.T.);
#4429=ORIENTED_EDGE('',*,*,#3223,.T.);
#4430=ORIENTED_EDGE('',*,*,#3220,.T.);
#4431=ORIENTED_EDGE('',*,*,#3217,.T.);
#4432=ORIENTED_EDGE('',*,*,#3214,.T.);
#4433=ORIENTED_EDGE('',*,*,#3211,.T.);
#4434=ORIENTED_EDGE('',*,*,#3208,.T.);
#4435=ORIENTED_EDGE('',*,*,#3205,.T.);
#4436=ORIENTED_EDGE('',*,*,#3202,.T.);
#4437=ORIENTED_EDGE('',*,*,#3199,.T.);
#4438=ORIENTED_EDGE('',*,*,#3196,.T.);
#4439=ORIENTED_EDGE('',*,*,#3193,.T.);
#4440=ORIENTED_EDGE('',*,*,#3190,.T.);
#4441=ORIENTED_EDGE('',*,*,#3187,.T.);
#4442=ORIENTED_EDGE('',*,*,#3184,.T.);
#4443=ORIENTED_EDGE('',*,*,#3181,.T.);
#4444=ORIENTED_EDGE('',*,*,#3178,.T.);
#4445=ORIENTED_EDGE('',*,*,#3175,.T.);
#4446=ORIENTED_EDGE('',*,*,#3172,.T.);
#4447=ORIENTED_EDGE('',*,*,#3169,.T.);
#4448=ORIENTED_EDGE('',*,*,#3166,.T.);
#4449=ORIENTED_EDGE('',*,*,#3163,.T.);
#4450=ORIENTED_EDGE('',*,*,#3160,.T.);
#4451=ORIENTED_EDGE('',*,*,#3157,.T.);
#4452=ORIENTED_EDGE('',*,*,#3154,.T.);
#4453=ORIENTED_EDGE('',*,*,#3133,.T.);
#4454=ORIENTED_EDGE('',*,*,#3137,.T.);
#4455=ORIENTED_EDGE('',*,*,#3140,.T.);
#4456=ORIENTED_EDGE('',*,*,#3143,.T.);
#4457=ORIENTED_EDGE('',*,*,#3146,.T.);
#4458=ORIENTED_EDGE('',*,*,#3149,.T.);
#4459=ORIENTED_EDGE('',*,*,#3151,.T.);
#4460=ORIENTED_EDGE('',*,*,#3252,.F.);
#4461=ORIENTED_EDGE('',*,*,#3152,.F.);
#4462=ORIENTED_EDGE('',*,*,#3156,.F.);
#4463=ORIENTED_EDGE('',*,*,#3159,.F.);
#4464=ORIENTED_EDGE('',*,*,#3162,.F.);
#4465=ORIENTED_EDGE('',*,*,#3165,.F.);
#4466=ORIENTED_EDGE('',*,*,#3168,.F.);
#4467=ORIENTED_EDGE('',*,*,#3171,.F.);
#4468=ORIENTED_EDGE('',*,*,#3174,.F.);
#4469=ORIENTED_EDGE('',*,*,#3177,.F.);
#4470=ORIENTED_EDGE('',*,*,#3180,.F.);
#4471=ORIENTED_EDGE('',*,*,#3183,.F.);
#4472=ORIENTED_EDGE('',*,*,#3186,.F.);
#4473=ORIENTED_EDGE('',*,*,#3189,.F.);
#4474=ORIENTED_EDGE('',*,*,#3192,.F.);
#4475=ORIENTED_EDGE('',*,*,#3195,.F.);
#4476=ORIENTED_EDGE('',*,*,#3198,.F.);
#4477=ORIENTED_EDGE('',*,*,#3201,.F.);
#4478=ORIENTED_EDGE('',*,*,#3204,.F.);
#4479=ORIENTED_EDGE('',*,*,#3207,.F.);
#4480=ORIENTED_EDGE('',*,*,#3210,.F.);
#4481=ORIENTED_EDGE('',*,*,#3213,.F.);
#4482=ORIENTED_EDGE('',*,*,#3216,.F.);
#4483=ORIENTED_EDGE('',*,*,#3219,.F.);
#4484=ORIENTED_EDGE('',*,*,#3222,.F.);
#4485=ORIENTED_EDGE('',*,*,#3225,.F.);
#4486=ORIENTED_EDGE('',*,*,#3228,.F.);
#4487=ORIENTED_EDGE('',*,*,#3231,.F.);
#4488=ORIENTED_EDGE('',*,*,#3234,.F.);
#4489=ORIENTED_EDGE('',*,*,#3237,.F.);
#4490=ORIENTED_EDGE('',*,*,#3240,.F.);
#4491=ORIENTED_EDGE('',*,*,#3243,.F.);
#4492=ORIENTED_EDGE('',*,*,#3246,.F.);
#4493=ORIENTED_EDGE('',*,*,#3249,.F.);
#4494=ORIENTED_EDGE('',*,*,#3131,.T.);
#4495=ORIENTED_EDGE('',*,*,#3150,.T.);
#4496=ORIENTED_EDGE('',*,*,#3147,.T.);
#4497=ORIENTED_EDGE('',*,*,#3144,.T.);
#4498=ORIENTED_EDGE('',*,*,#3141,.T.);
#4499=ORIENTED_EDGE('',*,*,#3138,.T.);
#4500=ORIENTED_EDGE('',*,*,#3135,.T.);
#4501=ORIENTED_EDGE('',*,*,#3254,.T.);
#4502=ORIENTED_EDGE('',*,*,#3255,.T.);
#4503=ORIENTED_EDGE('',*,*,#3256,.F.);
#4504=ORIENTED_EDGE('',*,*,#3257,.F.);
#4505=ORIENTED_EDGE('',*,*,#3258,.T.);
#4506=ORIENTED_EDGE('',*,*,#3257,.T.);
#4507=ORIENTED_EDGE('',*,*,#3259,.F.);
#4508=ORIENTED_EDGE('',*,*,#3260,.F.);
#4509=ORIENTED_EDGE('',*,*,#3261,.T.);
#4510=ORIENTED_EDGE('',*,*,#3260,.T.);
#4511=ORIENTED_EDGE('',*,*,#3262,.F.);
#4512=ORIENTED_EDGE('',*,*,#3263,.F.);
#4513=ORIENTED_EDGE('',*,*,#3264,.T.);
#4514=ORIENTED_EDGE('',*,*,#3263,.T.);
#4515=ORIENTED_EDGE('',*,*,#3265,.F.);
#4516=ORIENTED_EDGE('',*,*,#3266,.F.);
#4517=ORIENTED_EDGE('',*,*,#3267,.T.);
#4518=ORIENTED_EDGE('',*,*,#3266,.T.);
#4519=ORIENTED_EDGE('',*,*,#3268,.F.);
#4520=ORIENTED_EDGE('',*,*,#3269,.F.);
#4521=ORIENTED_EDGE('',*,*,#3270,.T.);
#4522=ORIENTED_EDGE('',*,*,#3269,.T.);
#4523=ORIENTED_EDGE('',*,*,#3271,.F.);
#4524=ORIENTED_EDGE('',*,*,#3272,.F.);
#4525=ORIENTED_EDGE('',*,*,#3273,.T.);
#4526=ORIENTED_EDGE('',*,*,#3272,.T.);
#4527=ORIENTED_EDGE('',*,*,#3274,.F.);
#4528=ORIENTED_EDGE('',*,*,#3275,.F.);
#4529=ORIENTED_EDGE('',*,*,#3276,.T.);
#4530=ORIENTED_EDGE('',*,*,#3275,.T.);
#4531=ORIENTED_EDGE('',*,*,#3277,.F.);
#4532=ORIENTED_EDGE('',*,*,#3278,.F.);
#4533=ORIENTED_EDGE('',*,*,#3279,.T.);
#4534=ORIENTED_EDGE('',*,*,#3278,.T.);
#4535=ORIENTED_EDGE('',*,*,#3280,.F.);
#4536=ORIENTED_EDGE('',*,*,#3281,.F.);
#4537=ORIENTED_EDGE('',*,*,#3282,.T.);
#4538=ORIENTED_EDGE('',*,*,#3281,.T.);
#4539=ORIENTED_EDGE('',*,*,#3283,.F.);
#4540=ORIENTED_EDGE('',*,*,#3284,.F.);
#4541=ORIENTED_EDGE('',*,*,#3285,.T.);
#4542=ORIENTED_EDGE('',*,*,#3284,.T.);
#4543=ORIENTED_EDGE('',*,*,#3286,.F.);
#4544=ORIENTED_EDGE('',*,*,#3287,.F.);
#4545=ORIENTED_EDGE('',*,*,#3288,.T.);
#4546=ORIENTED_EDGE('',*,*,#3287,.T.);
#4547=ORIENTED_EDGE('',*,*,#3289,.F.);
#4548=ORIENTED_EDGE('',*,*,#3290,.F.);
#4549=ORIENTED_EDGE('',*,*,#3291,.T.);
#4550=ORIENTED_EDGE('',*,*,#3290,.T.);
#4551=ORIENTED_EDGE('',*,*,#3292,.F.);
#4552=ORIENTED_EDGE('',*,*,#3293,.F.);
#4553=ORIENTED_EDGE('',*,*,#3294,.T.);
#4554=ORIENTED_EDGE('',*,*,#3293,.T.);
#4555=ORIENTED_EDGE('',*,*,#3295,.F.);
#4556=ORIENTED_EDGE('',*,*,#3296,.F.);
#4557=ORIENTED_EDGE('',*,*,#3297,.T.);
#4558=ORIENTED_EDGE('',*,*,#3296,.T.);
#4559=ORIENTED_EDGE('',*,*,#3298,.F.);
#4560=ORIENTED_EDGE('',*,*,#3299,.F.);
#4561=ORIENTED_EDGE('',*,*,#3300,.T.);
#4562=ORIENTED_EDGE('',*,*,#3299,.T.);
#4563=ORIENTED_EDGE('',*,*,#3301,.F.);
#4564=ORIENTED_EDGE('',*,*,#3302,.F.);
#4565=ORIENTED_EDGE('',*,*,#3303,.T.);
#4566=ORIENTED_EDGE('',*,*,#3302,.T.);
#4567=ORIENTED_EDGE('',*,*,#3304,.F.);
#4568=ORIENTED_EDGE('',*,*,#3305,.F.);
#4569=ORIENTED_EDGE('',*,*,#3306,.T.);
#4570=ORIENTED_EDGE('',*,*,#3305,.T.);
#4571=ORIENTED_EDGE('',*,*,#3307,.F.);
#4572=ORIENTED_EDGE('',*,*,#3308,.F.);
#4573=ORIENTED_EDGE('',*,*,#3309,.T.);
#4574=ORIENTED_EDGE('',*,*,#3308,.T.);
#4575=ORIENTED_EDGE('',*,*,#3310,.F.);
#4576=ORIENTED_EDGE('',*,*,#3311,.F.);
#4577=ORIENTED_EDGE('',*,*,#3312,.T.);
#4578=ORIENTED_EDGE('',*,*,#3311,.T.);
#4579=ORIENTED_EDGE('',*,*,#3313,.F.);
#4580=ORIENTED_EDGE('',*,*,#3314,.F.);
#4581=ORIENTED_EDGE('',*,*,#3315,.T.);
#4582=ORIENTED_EDGE('',*,*,#3314,.T.);
#4583=ORIENTED_EDGE('',*,*,#3316,.F.);
#4584=ORIENTED_EDGE('',*,*,#3317,.F.);
#4585=ORIENTED_EDGE('',*,*,#3318,.T.);
#4586=ORIENTED_EDGE('',*,*,#3317,.T.);
#4587=ORIENTED_EDGE('',*,*,#3319,.F.);
#4588=ORIENTED_EDGE('',*,*,#3320,.F.);
#4589=ORIENTED_EDGE('',*,*,#3321,.T.);
#4590=ORIENTED_EDGE('',*,*,#3320,.T.);
#4591=ORIENTED_EDGE('',*,*,#3322,.F.);
#4592=ORIENTED_EDGE('',*,*,#3323,.F.);
#4593=ORIENTED_EDGE('',*,*,#3324,.T.);
#4594=ORIENTED_EDGE('',*,*,#3323,.T.);
#4595=ORIENTED_EDGE('',*,*,#3325,.F.);
#4596=ORIENTED_EDGE('',*,*,#3326,.F.);
#4597=ORIENTED_EDGE('',*,*,#3327,.T.);
#4598=ORIENTED_EDGE('',*,*,#3326,.T.);
#4599=ORIENTED_EDGE('',*,*,#3328,.F.);
#4600=ORIENTED_EDGE('',*,*,#3329,.F.);
#4601=ORIENTED_EDGE('',*,*,#3330,.T.);
#4602=ORIENTED_EDGE('',*,*,#3329,.T.);
#4603=ORIENTED_EDGE('',*,*,#3331,.F.);
#4604=ORIENTED_EDGE('',*,*,#3332,.F.);
#4605=ORIENTED_EDGE('',*,*,#3333,.T.);
#4606=ORIENTED_EDGE('',*,*,#3332,.T.);
#4607=ORIENTED_EDGE('',*,*,#3334,.F.);
#4608=ORIENTED_EDGE('',*,*,#3335,.F.);
#4609=ORIENTED_EDGE('',*,*,#3336,.T.);
#4610=ORIENTED_EDGE('',*,*,#3335,.T.);
#4611=ORIENTED_EDGE('',*,*,#3337,.F.);
#4612=ORIENTED_EDGE('',*,*,#3338,.F.);
#4613=ORIENTED_EDGE('',*,*,#3339,.T.);
#4614=ORIENTED_EDGE('',*,*,#3338,.T.);
#4615=ORIENTED_EDGE('',*,*,#3340,.F.);
#4616=ORIENTED_EDGE('',*,*,#3341,.F.);
#4617=ORIENTED_EDGE('',*,*,#3342,.T.);
#4618=ORIENTED_EDGE('',*,*,#3341,.T.);
#4619=ORIENTED_EDGE('',*,*,#3343,.F.);
#4620=ORIENTED_EDGE('',*,*,#3344,.F.);
#4621=ORIENTED_EDGE('',*,*,#3345,.T.);
#4622=ORIENTED_EDGE('',*,*,#3344,.T.);
#4623=ORIENTED_EDGE('',*,*,#3346,.F.);
#4624=ORIENTED_EDGE('',*,*,#3347,.F.);
#4625=ORIENTED_EDGE('',*,*,#3348,.T.);
#4626=ORIENTED_EDGE('',*,*,#3347,.T.);
#4627=ORIENTED_EDGE('',*,*,#3349,.F.);
#4628=ORIENTED_EDGE('',*,*,#3350,.F.);
#4629=ORIENTED_EDGE('',*,*,#3351,.T.);
#4630=ORIENTED_EDGE('',*,*,#3350,.T.);
#4631=ORIENTED_EDGE('',*,*,#3352,.F.);
#4632=ORIENTED_EDGE('',*,*,#3353,.F.);
#4633=ORIENTED_EDGE('',*,*,#3354,.T.);
#4634=ORIENTED_EDGE('',*,*,#3353,.T.);
#4635=ORIENTED_EDGE('',*,*,#3355,.F.);
#4636=ORIENTED_EDGE('',*,*,#3356,.F.);
#4637=ORIENTED_EDGE('',*,*,#3357,.T.);
#4638=ORIENTED_EDGE('',*,*,#3356,.T.);
#4639=ORIENTED_EDGE('',*,*,#3358,.F.);
#4640=ORIENTED_EDGE('',*,*,#3359,.F.);
#4641=ORIENTED_EDGE('',*,*,#3360,.T.);
#4642=ORIENTED_EDGE('',*,*,#3359,.T.);
#4643=ORIENTED_EDGE('',*,*,#3361,.F.);
#4644=ORIENTED_EDGE('',*,*,#3362,.F.);
#4645=ORIENTED_EDGE('',*,*,#3363,.T.);
#4646=ORIENTED_EDGE('',*,*,#3362,.T.);
#4647=ORIENTED_EDGE('',*,*,#3364,.F.);
#4648=ORIENTED_EDGE('',*,*,#3365,.F.);
#4649=ORIENTED_EDGE('',*,*,#3366,.T.);
#4650=ORIENTED_EDGE('',*,*,#3365,.T.);
#4651=ORIENTED_EDGE('',*,*,#3367,.F.);
#4652=ORIENTED_EDGE('',*,*,#3368,.F.);
#4653=ORIENTED_EDGE('',*,*,#3369,.T.);
#4654=ORIENTED_EDGE('',*,*,#3368,.T.);
#4655=ORIENTED_EDGE('',*,*,#3370,.F.);
#4656=ORIENTED_EDGE('',*,*,#3371,.F.);
#4657=ORIENTED_EDGE('',*,*,#3372,.T.);
#4658=ORIENTED_EDGE('',*,*,#3371,.T.);
#4659=ORIENTED_EDGE('',*,*,#3373,.F.);
#4660=ORIENTED_EDGE('',*,*,#3374,.F.);
#4661=ORIENTED_EDGE('',*,*,#3375,.T.);
#4662=ORIENTED_EDGE('',*,*,#3374,.T.);
#4663=ORIENTED_EDGE('',*,*,#3376,.F.);
#4664=ORIENTED_EDGE('',*,*,#3377,.F.);
#4665=ORIENTED_EDGE('',*,*,#3378,.T.);
#4666=ORIENTED_EDGE('',*,*,#3377,.T.);
#4667=ORIENTED_EDGE('',*,*,#3379,.F.);
#4668=ORIENTED_EDGE('',*,*,#3255,.F.);
#4669=ORIENTED_EDGE('',*,*,#3379,.T.);
#4670=ORIENTED_EDGE('',*,*,#3376,.T.);
#4671=ORIENTED_EDGE('',*,*,#3373,.T.);
#4672=ORIENTED_EDGE('',*,*,#3370,.T.);
#4673=ORIENTED_EDGE('',*,*,#3367,.T.);
#4674=ORIENTED_EDGE('',*,*,#3364,.T.);
#4675=ORIENTED_EDGE('',*,*,#3361,.T.);
#4676=ORIENTED_EDGE('',*,*,#3358,.T.);
#4677=ORIENTED_EDGE('',*,*,#3355,.T.);
#4678=ORIENTED_EDGE('',*,*,#3352,.T.);
#4679=ORIENTED_EDGE('',*,*,#3349,.T.);
#4680=ORIENTED_EDGE('',*,*,#3346,.T.);
#4681=ORIENTED_EDGE('',*,*,#3343,.T.);
#4682=ORIENTED_EDGE('',*,*,#3340,.T.);
#4683=ORIENTED_EDGE('',*,*,#3337,.T.);
#4684=ORIENTED_EDGE('',*,*,#3334,.T.);
#4685=ORIENTED_EDGE('',*,*,#3331,.T.);
#4686=ORIENTED_EDGE('',*,*,#3328,.T.);
#4687=ORIENTED_EDGE('',*,*,#3325,.T.);
#4688=ORIENTED_EDGE('',*,*,#3322,.T.);
#4689=ORIENTED_EDGE('',*,*,#3319,.T.);
#4690=ORIENTED_EDGE('',*,*,#3316,.T.);
#4691=ORIENTED_EDGE('',*,*,#3313,.T.);
#4692=ORIENTED_EDGE('',*,*,#3310,.T.);
#4693=ORIENTED_EDGE('',*,*,#3307,.T.);
#4694=ORIENTED_EDGE('',*,*,#3304,.T.);
#4695=ORIENTED_EDGE('',*,*,#3301,.T.);
#4696=ORIENTED_EDGE('',*,*,#3298,.T.);
#4697=ORIENTED_EDGE('',*,*,#3295,.T.);
#4698=ORIENTED_EDGE('',*,*,#3292,.T.);
#4699=ORIENTED_EDGE('',*,*,#3289,.T.);
#4700=ORIENTED_EDGE('',*,*,#3286,.T.);
#4701=ORIENTED_EDGE('',*,*,#3283,.T.);
#4702=ORIENTED_EDGE('',*,*,#3280,.T.);
#4703=ORIENTED_EDGE('',*,*,#3277,.T.);
#4704=ORIENTED_EDGE('',*,*,#3274,.T.);
#4705=ORIENTED_EDGE('',*,*,#3271,.T.);
#4706=ORIENTED_EDGE('',*,*,#3268,.T.);
#4707=ORIENTED_EDGE('',*,*,#3265,.T.);
#4708=ORIENTED_EDGE('',*,*,#3262,.T.);
#4709=ORIENTED_EDGE('',*,*,#3259,.T.);
#4710=ORIENTED_EDGE('',*,*,#3256,.T.);
#4711=ORIENTED_EDGE('',*,*,#3378,.F.);
#4712=ORIENTED_EDGE('',*,*,#3254,.F.);
#4713=ORIENTED_EDGE('',*,*,#3258,.F.);
#4714=ORIENTED_EDGE('',*,*,#3261,.F.);
#4715=ORIENTED_EDGE('',*,*,#3264,.F.);
#4716=ORIENTED_EDGE('',*,*,#3267,.F.);
#4717=ORIENTED_EDGE('',*,*,#3270,.F.);
#4718=ORIENTED_EDGE('',*,*,#3273,.F.);
#4719=ORIENTED_EDGE('',*,*,#3276,.F.);
#4720=ORIENTED_EDGE('',*,*,#3279,.F.);
#4721=ORIENTED_EDGE('',*,*,#3282,.F.);
#4722=ORIENTED_EDGE('',*,*,#3285,.F.);
#4723=ORIENTED_EDGE('',*,*,#3288,.F.);
#4724=ORIENTED_EDGE('',*,*,#3291,.F.);
#4725=ORIENTED_EDGE('',*,*,#3294,.F.);
#4726=ORIENTED_EDGE('',*,*,#3297,.F.);
#4727=ORIENTED_EDGE('',*,*,#3300,.F.);
#4728=ORIENTED_EDGE('',*,*,#3303,.F.);
#4729=ORIENTED_EDGE('',*,*,#3306,.F.);
#4730=ORIENTED_EDGE('',*,*,#3309,.F.);
#4731=ORIENTED_EDGE('',*,*,#3312,.F.);
#4732=ORIENTED_EDGE('',*,*,#3315,.F.);
#4733=ORIENTED_EDGE('',*,*,#3318,.F.);
#4734=ORIENTED_EDGE('',*,*,#3321,.F.);
#4735=ORIENTED_EDGE('',*,*,#3324,.F.);
#4736=ORIENTED_EDGE('',*,*,#3327,.F.);
#4737=ORIENTED_EDGE('',*,*,#3330,.F.);
#4738=ORIENTED_EDGE('',*,*,#3333,.F.);
#4739=ORIENTED_EDGE('',*,*,#3336,.F.);
#4740=ORIENTED_EDGE('',*,*,#3339,.F.);
#4741=ORIENTED_EDGE('',*,*,#3342,.F.);
#4742=ORIENTED_EDGE('',*,*,#3345,.F.);
#4743=ORIENTED_EDGE('',*,*,#3348,.F.);
#4744=ORIENTED_EDGE('',*,*,#3351,.F.);
#4745=ORIENTED_EDGE('',*,*,#3354,.F.);
#4746=ORIENTED_EDGE('',*,*,#3357,.F.);
#4747=ORIENTED_EDGE('',*,*,#3360,.F.);
#4748=ORIENTED_EDGE('',*,*,#3363,.F.);
#4749=ORIENTED_EDGE('',*,*,#3366,.F.);
#4750=ORIENTED_EDGE('',*,*,#3369,.F.);
#4751=ORIENTED_EDGE('',*,*,#3372,.F.);
#4752=ORIENTED_EDGE('',*,*,#3375,.F.);
#4753=ORIENTED_EDGE('',*,*,#3380,.F.);
#4754=ORIENTED_EDGE('',*,*,#3381,.T.);
#4755=ORIENTED_EDGE('',*,*,#3382,.F.);
#4756=ORIENTED_EDGE('',*,*,#3383,.F.);
#4757=ORIENTED_EDGE('',*,*,#3384,.F.);
#4758=ORIENTED_EDGE('',*,*,#3383,.T.);
#4759=ORIENTED_EDGE('',*,*,#3385,.F.);
#4760=ORIENTED_EDGE('',*,*,#3386,.F.);
#4761=ORIENTED_EDGE('',*,*,#3387,.F.);
#4762=ORIENTED_EDGE('',*,*,#3386,.T.);
#4763=ORIENTED_EDGE('',*,*,#3388,.F.);
#4764=ORIENTED_EDGE('',*,*,#3389,.F.);
#4765=ORIENTED_EDGE('',*,*,#3390,.F.);
#4766=ORIENTED_EDGE('',*,*,#3389,.T.);
#4767=ORIENTED_EDGE('',*,*,#3391,.F.);
#4768=ORIENTED_EDGE('',*,*,#3392,.F.);
#4769=ORIENTED_EDGE('',*,*,#3393,.F.);
#4770=ORIENTED_EDGE('',*,*,#3392,.T.);
#4771=ORIENTED_EDGE('',*,*,#3394,.F.);
#4772=ORIENTED_EDGE('',*,*,#3395,.F.);
#4773=ORIENTED_EDGE('',*,*,#3396,.F.);
#4774=ORIENTED_EDGE('',*,*,#3395,.T.);
#4775=ORIENTED_EDGE('',*,*,#3397,.F.);
#4776=ORIENTED_EDGE('',*,*,#3398,.F.);
#4777=ORIENTED_EDGE('',*,*,#3399,.F.);
#4778=ORIENTED_EDGE('',*,*,#3398,.T.);
#4779=ORIENTED_EDGE('',*,*,#3400,.F.);
#4780=ORIENTED_EDGE('',*,*,#3401,.F.);
#4781=ORIENTED_EDGE('',*,*,#3402,.F.);
#4782=ORIENTED_EDGE('',*,*,#3401,.T.);
#4783=ORIENTED_EDGE('',*,*,#3403,.F.);
#4784=ORIENTED_EDGE('',*,*,#3404,.F.);
#4785=ORIENTED_EDGE('',*,*,#3405,.F.);
#4786=ORIENTED_EDGE('',*,*,#3404,.T.);
#4787=ORIENTED_EDGE('',*,*,#3406,.F.);
#4788=ORIENTED_EDGE('',*,*,#3407,.F.);
#4789=ORIENTED_EDGE('',*,*,#3408,.F.);
#4790=ORIENTED_EDGE('',*,*,#3407,.T.);
#4791=ORIENTED_EDGE('',*,*,#3409,.F.);
#4792=ORIENTED_EDGE('',*,*,#3410,.F.);
#4793=ORIENTED_EDGE('',*,*,#3411,.F.);
#4794=ORIENTED_EDGE('',*,*,#3410,.T.);
#4795=ORIENTED_EDGE('',*,*,#3412,.F.);
#4796=ORIENTED_EDGE('',*,*,#3413,.F.);
#4797=ORIENTED_EDGE('',*,*,#3414,.F.);
#4798=ORIENTED_EDGE('',*,*,#3413,.T.);
#4799=ORIENTED_EDGE('',*,*,#3415,.F.);
#4800=ORIENTED_EDGE('',*,*,#3416,.F.);
#4801=ORIENTED_EDGE('',*,*,#3417,.F.);
#4802=ORIENTED_EDGE('',*,*,#3416,.T.);
#4803=ORIENTED_EDGE('',*,*,#3418,.F.);
#4804=ORIENTED_EDGE('',*,*,#3419,.F.);
#4805=ORIENTED_EDGE('',*,*,#3420,.F.);
#4806=ORIENTED_EDGE('',*,*,#3419,.T.);
#4807=ORIENTED_EDGE('',*,*,#3421,.F.);
#4808=ORIENTED_EDGE('',*,*,#3422,.F.);
#4809=ORIENTED_EDGE('',*,*,#3423,.F.);
#4810=ORIENTED_EDGE('',*,*,#3422,.T.);
#4811=ORIENTED_EDGE('',*,*,#3424,.F.);
#4812=ORIENTED_EDGE('',*,*,#3425,.F.);
#4813=ORIENTED_EDGE('',*,*,#3426,.F.);
#4814=ORIENTED_EDGE('',*,*,#3425,.T.);
#4815=ORIENTED_EDGE('',*,*,#3427,.F.);
#4816=ORIENTED_EDGE('',*,*,#3428,.F.);
#4817=ORIENTED_EDGE('',*,*,#3429,.F.);
#4818=ORIENTED_EDGE('',*,*,#3428,.T.);
#4819=ORIENTED_EDGE('',*,*,#3430,.F.);
#4820=ORIENTED_EDGE('',*,*,#3431,.F.);
#4821=ORIENTED_EDGE('',*,*,#3432,.F.);
#4822=ORIENTED_EDGE('',*,*,#3431,.T.);
#4823=ORIENTED_EDGE('',*,*,#3433,.F.);
#4824=ORIENTED_EDGE('',*,*,#3434,.F.);
#4825=ORIENTED_EDGE('',*,*,#3435,.F.);
#4826=ORIENTED_EDGE('',*,*,#3434,.T.);
#4827=ORIENTED_EDGE('',*,*,#3436,.F.);
#4828=ORIENTED_EDGE('',*,*,#3437,.F.);
#4829=ORIENTED_EDGE('',*,*,#3438,.F.);
#4830=ORIENTED_EDGE('',*,*,#3437,.T.);
#4831=ORIENTED_EDGE('',*,*,#3439,.F.);
#4832=ORIENTED_EDGE('',*,*,#3440,.F.);
#4833=ORIENTED_EDGE('',*,*,#3441,.F.);
#4834=ORIENTED_EDGE('',*,*,#3440,.T.);
#4835=ORIENTED_EDGE('',*,*,#3442,.F.);
#4836=ORIENTED_EDGE('',*,*,#3443,.F.);
#4837=ORIENTED_EDGE('',*,*,#3444,.F.);
#4838=ORIENTED_EDGE('',*,*,#3443,.T.);
#4839=ORIENTED_EDGE('',*,*,#3445,.F.);
#4840=ORIENTED_EDGE('',*,*,#3446,.F.);
#4841=ORIENTED_EDGE('',*,*,#3447,.F.);
#4842=ORIENTED_EDGE('',*,*,#3446,.T.);
#4843=ORIENTED_EDGE('',*,*,#3448,.F.);
#4844=ORIENTED_EDGE('',*,*,#3449,.F.);
#4845=ORIENTED_EDGE('',*,*,#3450,.F.);
#4846=ORIENTED_EDGE('',*,*,#3449,.T.);
#4847=ORIENTED_EDGE('',*,*,#3451,.F.);
#4848=ORIENTED_EDGE('',*,*,#3452,.F.);
#4849=ORIENTED_EDGE('',*,*,#3453,.F.);
#4850=ORIENTED_EDGE('',*,*,#3452,.T.);
#4851=ORIENTED_EDGE('',*,*,#3454,.F.);
#4852=ORIENTED_EDGE('',*,*,#3455,.F.);
#4853=ORIENTED_EDGE('',*,*,#3456,.F.);
#4854=ORIENTED_EDGE('',*,*,#3455,.T.);
#4855=ORIENTED_EDGE('',*,*,#3457,.F.);
#4856=ORIENTED_EDGE('',*,*,#3381,.F.);
#4857=ORIENTED_EDGE('',*,*,#3456,.T.);
#4858=ORIENTED_EDGE('',*,*,#3380,.T.);
#4859=ORIENTED_EDGE('',*,*,#3384,.T.);
#4860=ORIENTED_EDGE('',*,*,#3387,.T.);
#4861=ORIENTED_EDGE('',*,*,#3390,.T.);
#4862=ORIENTED_EDGE('',*,*,#3393,.T.);
#4863=ORIENTED_EDGE('',*,*,#3396,.T.);
#4864=ORIENTED_EDGE('',*,*,#3399,.T.);
#4865=ORIENTED_EDGE('',*,*,#3402,.T.);
#4866=ORIENTED_EDGE('',*,*,#3405,.T.);
#4867=ORIENTED_EDGE('',*,*,#3408,.T.);
#4868=ORIENTED_EDGE('',*,*,#3411,.T.);
#4869=ORIENTED_EDGE('',*,*,#3414,.T.);
#4870=ORIENTED_EDGE('',*,*,#3417,.T.);
#4871=ORIENTED_EDGE('',*,*,#3420,.T.);
#4872=ORIENTED_EDGE('',*,*,#3423,.T.);
#4873=ORIENTED_EDGE('',*,*,#3426,.T.);
#4874=ORIENTED_EDGE('',*,*,#3429,.T.);
#4875=ORIENTED_EDGE('',*,*,#3432,.T.);
#4876=ORIENTED_EDGE('',*,*,#3435,.T.);
#4877=ORIENTED_EDGE('',*,*,#3438,.T.);
#4878=ORIENTED_EDGE('',*,*,#3441,.T.);
#4879=ORIENTED_EDGE('',*,*,#3444,.T.);
#4880=ORIENTED_EDGE('',*,*,#3447,.T.);
#4881=ORIENTED_EDGE('',*,*,#3450,.T.);
#4882=ORIENTED_EDGE('',*,*,#3453,.T.);
#4883=ORIENTED_EDGE('',*,*,#3457,.T.);
#4884=ORIENTED_EDGE('',*,*,#3454,.T.);
#4885=ORIENTED_EDGE('',*,*,#3451,.T.);
#4886=ORIENTED_EDGE('',*,*,#3448,.T.);
#4887=ORIENTED_EDGE('',*,*,#3445,.T.);
#4888=ORIENTED_EDGE('',*,*,#3442,.T.);
#4889=ORIENTED_EDGE('',*,*,#3439,.T.);
#4890=ORIENTED_EDGE('',*,*,#3436,.T.);
#4891=ORIENTED_EDGE('',*,*,#3433,.T.);
#4892=ORIENTED_EDGE('',*,*,#3430,.T.);
#4893=ORIENTED_EDGE('',*,*,#3427,.T.);
#4894=ORIENTED_EDGE('',*,*,#3424,.T.);
#4895=ORIENTED_EDGE('',*,*,#3421,.T.);
#4896=ORIENTED_EDGE('',*,*,#3418,.T.);
#4897=ORIENTED_EDGE('',*,*,#3415,.T.);
#4898=ORIENTED_EDGE('',*,*,#3412,.T.);
#4899=ORIENTED_EDGE('',*,*,#3409,.T.);
#4900=ORIENTED_EDGE('',*,*,#3406,.T.);
#4901=ORIENTED_EDGE('',*,*,#3403,.T.);
#4902=ORIENTED_EDGE('',*,*,#3400,.T.);
#4903=ORIENTED_EDGE('',*,*,#3397,.T.);
#4904=ORIENTED_EDGE('',*,*,#3394,.T.);
#4905=ORIENTED_EDGE('',*,*,#3391,.T.);
#4906=ORIENTED_EDGE('',*,*,#3388,.T.);
#4907=ORIENTED_EDGE('',*,*,#3385,.T.);
#4908=ORIENTED_EDGE('',*,*,#3382,.T.);
#4909=ORIENTED_EDGE('',*,*,#3458,.T.);
#4910=ORIENTED_EDGE('',*,*,#3459,.T.);
#4911=ORIENTED_EDGE('',*,*,#3460,.F.);
#4912=ORIENTED_EDGE('',*,*,#3461,.F.);
#4913=ORIENTED_EDGE('',*,*,#3462,.T.);
#4914=ORIENTED_EDGE('',*,*,#3461,.T.);
#4915=ORIENTED_EDGE('',*,*,#3463,.F.);
#4916=ORIENTED_EDGE('',*,*,#3464,.F.);
#4917=ORIENTED_EDGE('',*,*,#3465,.T.);
#4918=ORIENTED_EDGE('',*,*,#3464,.T.);
#4919=ORIENTED_EDGE('',*,*,#3466,.F.);
#4920=ORIENTED_EDGE('',*,*,#3467,.F.);
#4921=ORIENTED_EDGE('',*,*,#3468,.T.);
#4922=ORIENTED_EDGE('',*,*,#3467,.T.);
#4923=ORIENTED_EDGE('',*,*,#3469,.F.);
#4924=ORIENTED_EDGE('',*,*,#3470,.F.);
#4925=ORIENTED_EDGE('',*,*,#3471,.T.);
#4926=ORIENTED_EDGE('',*,*,#3470,.T.);
#4927=ORIENTED_EDGE('',*,*,#3472,.F.);
#4928=ORIENTED_EDGE('',*,*,#3473,.F.);
#4929=ORIENTED_EDGE('',*,*,#3474,.T.);
#4930=ORIENTED_EDGE('',*,*,#3473,.T.);
#4931=ORIENTED_EDGE('',*,*,#3475,.F.);
#4932=ORIENTED_EDGE('',*,*,#3476,.F.);
#4933=ORIENTED_EDGE('',*,*,#3477,.T.);
#4934=ORIENTED_EDGE('',*,*,#3476,.T.);
#4935=ORIENTED_EDGE('',*,*,#3478,.F.);
#4936=ORIENTED_EDGE('',*,*,#3479,.F.);
#4937=ORIENTED_EDGE('',*,*,#3480,.T.);
#4938=ORIENTED_EDGE('',*,*,#3479,.T.);
#4939=ORIENTED_EDGE('',*,*,#3481,.F.);
#4940=ORIENTED_EDGE('',*,*,#3482,.F.);
#4941=ORIENTED_EDGE('',*,*,#3483,.T.);
#4942=ORIENTED_EDGE('',*,*,#3482,.T.);
#4943=ORIENTED_EDGE('',*,*,#3484,.F.);
#4944=ORIENTED_EDGE('',*,*,#3485,.F.);
#4945=ORIENTED_EDGE('',*,*,#3486,.T.);
#4946=ORIENTED_EDGE('',*,*,#3485,.T.);
#4947=ORIENTED_EDGE('',*,*,#3487,.F.);
#4948=ORIENTED_EDGE('',*,*,#3488,.F.);
#4949=ORIENTED_EDGE('',*,*,#3489,.T.);
#4950=ORIENTED_EDGE('',*,*,#3488,.T.);
#4951=ORIENTED_EDGE('',*,*,#3490,.F.);
#4952=ORIENTED_EDGE('',*,*,#3491,.F.);
#4953=ORIENTED_EDGE('',*,*,#3492,.T.);
#4954=ORIENTED_EDGE('',*,*,#3491,.T.);
#4955=ORIENTED_EDGE('',*,*,#3493,.F.);
#4956=ORIENTED_EDGE('',*,*,#3494,.F.);
#4957=ORIENTED_EDGE('',*,*,#3495,.T.);
#4958=ORIENTED_EDGE('',*,*,#3494,.T.);
#4959=ORIENTED_EDGE('',*,*,#3496,.F.);
#4960=ORIENTED_EDGE('',*,*,#3497,.F.);
#4961=ORIENTED_EDGE('',*,*,#3498,.T.);
#4962=ORIENTED_EDGE('',*,*,#3497,.T.);
#4963=ORIENTED_EDGE('',*,*,#3499,.F.);
#4964=ORIENTED_EDGE('',*,*,#3500,.F.);
#4965=ORIENTED_EDGE('',*,*,#3501,.T.);
#4966=ORIENTED_EDGE('',*,*,#3500,.T.);
#4967=ORIENTED_EDGE('',*,*,#3502,.F.);
#4968=ORIENTED_EDGE('',*,*,#3503,.F.);
#4969=ORIENTED_EDGE('',*,*,#3504,.T.);
#4970=ORIENTED_EDGE('',*,*,#3503,.T.);
#4971=ORIENTED_EDGE('',*,*,#3505,.F.);
#4972=ORIENTED_EDGE('',*,*,#3506,.F.);
#4973=ORIENTED_EDGE('',*,*,#3507,.T.);
#4974=ORIENTED_EDGE('',*,*,#3506,.T.);
#4975=ORIENTED_EDGE('',*,*,#3508,.F.);
#4976=ORIENTED_EDGE('',*,*,#3509,.F.);
#4977=ORIENTED_EDGE('',*,*,#3510,.T.);
#4978=ORIENTED_EDGE('',*,*,#3509,.T.);
#4979=ORIENTED_EDGE('',*,*,#3511,.F.);
#4980=ORIENTED_EDGE('',*,*,#3512,.F.);
#4981=ORIENTED_EDGE('',*,*,#3513,.T.);
#4982=ORIENTED_EDGE('',*,*,#3512,.T.);
#4983=ORIENTED_EDGE('',*,*,#3514,.F.);
#4984=ORIENTED_EDGE('',*,*,#3515,.F.);
#4985=ORIENTED_EDGE('',*,*,#3516,.T.);
#4986=ORIENTED_EDGE('',*,*,#3515,.T.);
#4987=ORIENTED_EDGE('',*,*,#3517,.F.);
#4988=ORIENTED_EDGE('',*,*,#3518,.F.);
#4989=ORIENTED_EDGE('',*,*,#3519,.T.);
#4990=ORIENTED_EDGE('',*,*,#3518,.T.);
#4991=ORIENTED_EDGE('',*,*,#3520,.F.);
#4992=ORIENTED_EDGE('',*,*,#3521,.F.);
#4993=ORIENTED_EDGE('',*,*,#3522,.T.);
#4994=ORIENTED_EDGE('',*,*,#3521,.T.);
#4995=ORIENTED_EDGE('',*,*,#3523,.F.);
#4996=ORIENTED_EDGE('',*,*,#3524,.F.);
#4997=ORIENTED_EDGE('',*,*,#3525,.T.);
#4998=ORIENTED_EDGE('',*,*,#3524,.T.);
#4999=ORIENTED_EDGE('',*,*,#3526,.F.);
#5000=ORIENTED_EDGE('',*,*,#3527,.F.);
#5001=ORIENTED_EDGE('',*,*,#3528,.T.);
#5002=ORIENTED_EDGE('',*,*,#3527,.T.);
#5003=ORIENTED_EDGE('',*,*,#3529,.F.);
#5004=ORIENTED_EDGE('',*,*,#3530,.F.);
#5005=ORIENTED_EDGE('',*,*,#3531,.T.);
#5006=ORIENTED_EDGE('',*,*,#3530,.T.);
#5007=ORIENTED_EDGE('',*,*,#3532,.F.);
#5008=ORIENTED_EDGE('',*,*,#3533,.F.);
#5009=ORIENTED_EDGE('',*,*,#3534,.T.);
#5010=ORIENTED_EDGE('',*,*,#3533,.T.);
#5011=ORIENTED_EDGE('',*,*,#3535,.F.);
#5012=ORIENTED_EDGE('',*,*,#3536,.F.);
#5013=ORIENTED_EDGE('',*,*,#3537,.T.);
#5014=ORIENTED_EDGE('',*,*,#3536,.T.);
#5015=ORIENTED_EDGE('',*,*,#3538,.F.);
#5016=ORIENTED_EDGE('',*,*,#3539,.F.);
#5017=ORIENTED_EDGE('',*,*,#3540,.T.);
#5018=ORIENTED_EDGE('',*,*,#3539,.T.);
#5019=ORIENTED_EDGE('',*,*,#3541,.F.);
#5020=ORIENTED_EDGE('',*,*,#3542,.F.);
#5021=ORIENTED_EDGE('',*,*,#3543,.T.);
#5022=ORIENTED_EDGE('',*,*,#3542,.T.);
#5023=ORIENTED_EDGE('',*,*,#3544,.F.);
#5024=ORIENTED_EDGE('',*,*,#3545,.F.);
#5025=ORIENTED_EDGE('',*,*,#3546,.T.);
#5026=ORIENTED_EDGE('',*,*,#3545,.T.);
#5027=ORIENTED_EDGE('',*,*,#3547,.F.);
#5028=ORIENTED_EDGE('',*,*,#3548,.F.);
#5029=ORIENTED_EDGE('',*,*,#3549,.T.);
#5030=ORIENTED_EDGE('',*,*,#3548,.T.);
#5031=ORIENTED_EDGE('',*,*,#3550,.F.);
#5032=ORIENTED_EDGE('',*,*,#3551,.F.);
#5033=ORIENTED_EDGE('',*,*,#3552,.T.);
#5034=ORIENTED_EDGE('',*,*,#3551,.T.);
#5035=ORIENTED_EDGE('',*,*,#3553,.F.);
#5036=ORIENTED_EDGE('',*,*,#3554,.F.);
#5037=ORIENTED_EDGE('',*,*,#3555,.T.);
#5038=ORIENTED_EDGE('',*,*,#3554,.T.);
#5039=ORIENTED_EDGE('',*,*,#3556,.F.);
#5040=ORIENTED_EDGE('',*,*,#3557,.F.);
#5041=ORIENTED_EDGE('',*,*,#3558,.T.);
#5042=ORIENTED_EDGE('',*,*,#3557,.T.);
#5043=ORIENTED_EDGE('',*,*,#3559,.F.);
#5044=ORIENTED_EDGE('',*,*,#3560,.F.);
#5045=ORIENTED_EDGE('',*,*,#3561,.T.);
#5046=ORIENTED_EDGE('',*,*,#3560,.T.);
#5047=ORIENTED_EDGE('',*,*,#3562,.F.);
#5048=ORIENTED_EDGE('',*,*,#3459,.F.);
#5049=ORIENTED_EDGE('',*,*,#3562,.T.);
#5050=ORIENTED_EDGE('',*,*,#3559,.T.);
#5051=ORIENTED_EDGE('',*,*,#3556,.T.);
#5052=ORIENTED_EDGE('',*,*,#3553,.T.);
#5053=ORIENTED_EDGE('',*,*,#3550,.T.);
#5054=ORIENTED_EDGE('',*,*,#3547,.T.);
#5055=ORIENTED_EDGE('',*,*,#3544,.T.);
#5056=ORIENTED_EDGE('',*,*,#3541,.T.);
#5057=ORIENTED_EDGE('',*,*,#3538,.T.);
#5058=ORIENTED_EDGE('',*,*,#3535,.T.);
#5059=ORIENTED_EDGE('',*,*,#3532,.T.);
#5060=ORIENTED_EDGE('',*,*,#3529,.T.);
#5061=ORIENTED_EDGE('',*,*,#3526,.T.);
#5062=ORIENTED_EDGE('',*,*,#3523,.T.);
#5063=ORIENTED_EDGE('',*,*,#3520,.T.);
#5064=ORIENTED_EDGE('',*,*,#3517,.T.);
#5065=ORIENTED_EDGE('',*,*,#3514,.T.);
#5066=ORIENTED_EDGE('',*,*,#3511,.T.);
#5067=ORIENTED_EDGE('',*,*,#3508,.T.);
#5068=ORIENTED_EDGE('',*,*,#3505,.T.);
#5069=ORIENTED_EDGE('',*,*,#3502,.T.);
#5070=ORIENTED_EDGE('',*,*,#3499,.T.);
#5071=ORIENTED_EDGE('',*,*,#3496,.T.);
#5072=ORIENTED_EDGE('',*,*,#3493,.T.);
#5073=ORIENTED_EDGE('',*,*,#3490,.T.);
#5074=ORIENTED_EDGE('',*,*,#3487,.T.);
#5075=ORIENTED_EDGE('',*,*,#3484,.T.);
#5076=ORIENTED_EDGE('',*,*,#3481,.T.);
#5077=ORIENTED_EDGE('',*,*,#3478,.T.);
#5078=ORIENTED_EDGE('',*,*,#3475,.T.);
#5079=ORIENTED_EDGE('',*,*,#3472,.T.);
#5080=ORIENTED_EDGE('',*,*,#3469,.T.);
#5081=ORIENTED_EDGE('',*,*,#3466,.T.);
#5082=ORIENTED_EDGE('',*,*,#3463,.T.);
#5083=ORIENTED_EDGE('',*,*,#3460,.T.);
#5084=ORIENTED_EDGE('',*,*,#3561,.F.);
#5085=ORIENTED_EDGE('',*,*,#3458,.F.);
#5086=ORIENTED_EDGE('',*,*,#3462,.F.);
#5087=ORIENTED_EDGE('',*,*,#3465,.F.);
#5088=ORIENTED_EDGE('',*,*,#3468,.F.);
#5089=ORIENTED_EDGE('',*,*,#3471,.F.);
#5090=ORIENTED_EDGE('',*,*,#3474,.F.);
#5091=ORIENTED_EDGE('',*,*,#3477,.F.);
#5092=ORIENTED_EDGE('',*,*,#3480,.F.);
#5093=ORIENTED_EDGE('',*,*,#3483,.F.);
#5094=ORIENTED_EDGE('',*,*,#3486,.F.);
#5095=ORIENTED_EDGE('',*,*,#3489,.F.);
#5096=ORIENTED_EDGE('',*,*,#3492,.F.);
#5097=ORIENTED_EDGE('',*,*,#3495,.F.);
#5098=ORIENTED_EDGE('',*,*,#3498,.F.);
#5099=ORIENTED_EDGE('',*,*,#3501,.F.);
#5100=ORIENTED_EDGE('',*,*,#3504,.F.);
#5101=ORIENTED_EDGE('',*,*,#3507,.F.);
#5102=ORIENTED_EDGE('',*,*,#3510,.F.);
#5103=ORIENTED_EDGE('',*,*,#3513,.F.);
#5104=ORIENTED_EDGE('',*,*,#3516,.F.);
#5105=ORIENTED_EDGE('',*,*,#3519,.F.);
#5106=ORIENTED_EDGE('',*,*,#3522,.F.);
#5107=ORIENTED_EDGE('',*,*,#3525,.F.);
#5108=ORIENTED_EDGE('',*,*,#3528,.F.);
#5109=ORIENTED_EDGE('',*,*,#3531,.F.);
#5110=ORIENTED_EDGE('',*,*,#3534,.F.);
#5111=ORIENTED_EDGE('',*,*,#3537,.F.);
#5112=ORIENTED_EDGE('',*,*,#3540,.F.);
#5113=ORIENTED_EDGE('',*,*,#3543,.F.);
#5114=ORIENTED_EDGE('',*,*,#3546,.F.);
#5115=ORIENTED_EDGE('',*,*,#3549,.F.);
#5116=ORIENTED_EDGE('',*,*,#3552,.F.);
#5117=ORIENTED_EDGE('',*,*,#3555,.F.);
#5118=ORIENTED_EDGE('',*,*,#3558,.F.);
#5119=ORIENTED_EDGE('',*,*,#3563,.F.);
#5120=ORIENTED_EDGE('',*,*,#3564,.T.);
#5121=ORIENTED_EDGE('',*,*,#3565,.F.);
#5122=ORIENTED_EDGE('',*,*,#3566,.F.);
#5123=ORIENTED_EDGE('',*,*,#3567,.F.);
#5124=ORIENTED_EDGE('',*,*,#3568,.T.);
#5125=ORIENTED_EDGE('',*,*,#3569,.F.);
#5126=ORIENTED_EDGE('',*,*,#3564,.F.);
#5127=ORIENTED_EDGE('',*,*,#3570,.F.);
#5128=ORIENTED_EDGE('',*,*,#3571,.T.);
#5129=ORIENTED_EDGE('',*,*,#3572,.F.);
#5130=ORIENTED_EDGE('',*,*,#3568,.F.);
#5131=ORIENTED_EDGE('',*,*,#3573,.F.);
#5132=ORIENTED_EDGE('',*,*,#3574,.T.);
#5133=ORIENTED_EDGE('',*,*,#3575,.F.);
#5134=ORIENTED_EDGE('',*,*,#3571,.F.);
#5135=ORIENTED_EDGE('',*,*,#3576,.F.);
#5136=ORIENTED_EDGE('',*,*,#3577,.T.);
#5137=ORIENTED_EDGE('',*,*,#3578,.F.);
#5138=ORIENTED_EDGE('',*,*,#3574,.F.);
#5139=ORIENTED_EDGE('',*,*,#3579,.F.);
#5140=ORIENTED_EDGE('',*,*,#3580,.T.);
#5141=ORIENTED_EDGE('',*,*,#3581,.F.);
#5142=ORIENTED_EDGE('',*,*,#3577,.F.);
#5143=ORIENTED_EDGE('',*,*,#3582,.F.);
#5144=ORIENTED_EDGE('',*,*,#3583,.T.);
#5145=ORIENTED_EDGE('',*,*,#3584,.F.);
#5146=ORIENTED_EDGE('',*,*,#3580,.F.);
#5147=ORIENTED_EDGE('',*,*,#3585,.F.);
#5148=ORIENTED_EDGE('',*,*,#3586,.T.);
#5149=ORIENTED_EDGE('',*,*,#3587,.F.);
#5150=ORIENTED_EDGE('',*,*,#3583,.F.);
#5151=ORIENTED_EDGE('',*,*,#3588,.F.);
#5152=ORIENTED_EDGE('',*,*,#3566,.T.);
#5153=ORIENTED_EDGE('',*,*,#3589,.F.);
#5154=ORIENTED_EDGE('',*,*,#3586,.F.);
#5155=ORIENTED_EDGE('',*,*,#3590,.F.);
#5156=ORIENTED_EDGE('',*,*,#3591,.T.);
#5157=ORIENTED_EDGE('',*,*,#3592,.F.);
#5158=ORIENTED_EDGE('',*,*,#3593,.F.);
#5159=ORIENTED_EDGE('',*,*,#3594,.F.);
#5160=ORIENTED_EDGE('',*,*,#3593,.T.);
#5161=ORIENTED_EDGE('',*,*,#3595,.F.);
#5162=ORIENTED_EDGE('',*,*,#3596,.F.);
#5163=ORIENTED_EDGE('',*,*,#3597,.F.);
#5164=ORIENTED_EDGE('',*,*,#3596,.T.);
#5165=ORIENTED_EDGE('',*,*,#3598,.F.);
#5166=ORIENTED_EDGE('',*,*,#3599,.F.);
#5167=ORIENTED_EDGE('',*,*,#3600,.F.);
#5168=ORIENTED_EDGE('',*,*,#3599,.T.);
#5169=ORIENTED_EDGE('',*,*,#3601,.F.);
#5170=ORIENTED_EDGE('',*,*,#3602,.F.);
#5171=ORIENTED_EDGE('',*,*,#3603,.F.);
#5172=ORIENTED_EDGE('',*,*,#3602,.T.);
#5173=ORIENTED_EDGE('',*,*,#3604,.F.);
#5174=ORIENTED_EDGE('',*,*,#3605,.F.);
#5175=ORIENTED_EDGE('',*,*,#3606,.F.);
#5176=ORIENTED_EDGE('',*,*,#3605,.T.);
#5177=ORIENTED_EDGE('',*,*,#3607,.F.);
#5178=ORIENTED_EDGE('',*,*,#3608,.F.);
#5179=ORIENTED_EDGE('',*,*,#3609,.F.);
#5180=ORIENTED_EDGE('',*,*,#3608,.T.);
#5181=ORIENTED_EDGE('',*,*,#3610,.F.);
#5182=ORIENTED_EDGE('',*,*,#3611,.F.);
#5183=ORIENTED_EDGE('',*,*,#3612,.F.);
#5184=ORIENTED_EDGE('',*,*,#3611,.T.);
#5185=ORIENTED_EDGE('',*,*,#3613,.F.);
#5186=ORIENTED_EDGE('',*,*,#3614,.F.);
#5187=ORIENTED_EDGE('',*,*,#3615,.F.);
#5188=ORIENTED_EDGE('',*,*,#3614,.T.);
#5189=ORIENTED_EDGE('',*,*,#3616,.F.);
#5190=ORIENTED_EDGE('',*,*,#3617,.F.);
#5191=ORIENTED_EDGE('',*,*,#3618,.F.);
#5192=ORIENTED_EDGE('',*,*,#3617,.T.);
#5193=ORIENTED_EDGE('',*,*,#3619,.F.);
#5194=ORIENTED_EDGE('',*,*,#3620,.F.);
#5195=ORIENTED_EDGE('',*,*,#3621,.F.);
#5196=ORIENTED_EDGE('',*,*,#3620,.T.);
#5197=ORIENTED_EDGE('',*,*,#3622,.F.);
#5198=ORIENTED_EDGE('',*,*,#3623,.F.);
#5199=ORIENTED_EDGE('',*,*,#3624,.F.);
#5200=ORIENTED_EDGE('',*,*,#3623,.T.);
#5201=ORIENTED_EDGE('',*,*,#3625,.F.);
#5202=ORIENTED_EDGE('',*,*,#3626,.F.);
#5203=ORIENTED_EDGE('',*,*,#3627,.F.);
#5204=ORIENTED_EDGE('',*,*,#3626,.T.);
#5205=ORIENTED_EDGE('',*,*,#3628,.F.);
#5206=ORIENTED_EDGE('',*,*,#3629,.F.);
#5207=ORIENTED_EDGE('',*,*,#3630,.F.);
#5208=ORIENTED_EDGE('',*,*,#3629,.T.);
#5209=ORIENTED_EDGE('',*,*,#3631,.F.);
#5210=ORIENTED_EDGE('',*,*,#3632,.F.);
#5211=ORIENTED_EDGE('',*,*,#3633,.F.);
#5212=ORIENTED_EDGE('',*,*,#3632,.T.);
#5213=ORIENTED_EDGE('',*,*,#3634,.F.);
#5214=ORIENTED_EDGE('',*,*,#3591,.F.);
#5215=ORIENTED_EDGE('',*,*,#3633,.T.);
#5216=ORIENTED_EDGE('',*,*,#3590,.T.);
#5217=ORIENTED_EDGE('',*,*,#3594,.T.);
#5218=ORIENTED_EDGE('',*,*,#3597,.T.);
#5219=ORIENTED_EDGE('',*,*,#3600,.T.);
#5220=ORIENTED_EDGE('',*,*,#3603,.T.);
#5221=ORIENTED_EDGE('',*,*,#3606,.T.);
#5222=ORIENTED_EDGE('',*,*,#3609,.T.);
#5223=ORIENTED_EDGE('',*,*,#3612,.T.);
#5224=ORIENTED_EDGE('',*,*,#3615,.T.);
#5225=ORIENTED_EDGE('',*,*,#3618,.T.);
#5226=ORIENTED_EDGE('',*,*,#3621,.T.);
#5227=ORIENTED_EDGE('',*,*,#3624,.T.);
#5228=ORIENTED_EDGE('',*,*,#3627,.T.);
#5229=ORIENTED_EDGE('',*,*,#3630,.T.);
#5230=ORIENTED_EDGE('',*,*,#3563,.T.);
#5231=ORIENTED_EDGE('',*,*,#3588,.T.);
#5232=ORIENTED_EDGE('',*,*,#3585,.T.);
#5233=ORIENTED_EDGE('',*,*,#3582,.T.);
#5234=ORIENTED_EDGE('',*,*,#3579,.T.);
#5235=ORIENTED_EDGE('',*,*,#3576,.T.);
#5236=ORIENTED_EDGE('',*,*,#3573,.T.);
#5237=ORIENTED_EDGE('',*,*,#3570,.T.);
#5238=ORIENTED_EDGE('',*,*,#3567,.T.);
#5239=ORIENTED_EDGE('',*,*,#3634,.T.);
#5240=ORIENTED_EDGE('',*,*,#3631,.T.);
#5241=ORIENTED_EDGE('',*,*,#3628,.T.);
#5242=ORIENTED_EDGE('',*,*,#3625,.T.);
#5243=ORIENTED_EDGE('',*,*,#3622,.T.);
#5244=ORIENTED_EDGE('',*,*,#3619,.T.);
#5245=ORIENTED_EDGE('',*,*,#3616,.T.);
#5246=ORIENTED_EDGE('',*,*,#3613,.T.);
#5247=ORIENTED_EDGE('',*,*,#3610,.T.);
#5248=ORIENTED_EDGE('',*,*,#3607,.T.);
#5249=ORIENTED_EDGE('',*,*,#3604,.T.);
#5250=ORIENTED_EDGE('',*,*,#3601,.T.);
#5251=ORIENTED_EDGE('',*,*,#3598,.T.);
#5252=ORIENTED_EDGE('',*,*,#3595,.T.);
#5253=ORIENTED_EDGE('',*,*,#3592,.T.);
#5254=ORIENTED_EDGE('',*,*,#3565,.T.);
#5255=ORIENTED_EDGE('',*,*,#3569,.T.);
#5256=ORIENTED_EDGE('',*,*,#3572,.T.);
#5257=ORIENTED_EDGE('',*,*,#3575,.T.);
#5258=ORIENTED_EDGE('',*,*,#3578,.T.);
#5259=ORIENTED_EDGE('',*,*,#3581,.T.);
#5260=ORIENTED_EDGE('',*,*,#3584,.T.);
#5261=ORIENTED_EDGE('',*,*,#3587,.T.);
#5262=ORIENTED_EDGE('',*,*,#3589,.T.);
#5263=ORIENTED_EDGE('',*,*,#3635,.T.);
#5264=ORIENTED_EDGE('',*,*,#3636,.T.);
#5265=ORIENTED_EDGE('',*,*,#3637,.T.);
#5266=ORIENTED_EDGE('',*,*,#3638,.T.);
#5267=ORIENTED_EDGE('',*,*,#3638,.F.);
#5268=ORIENTED_EDGE('',*,*,#3639,.T.);
#5269=ORIENTED_EDGE('',*,*,#3640,.F.);
#5270=ORIENTED_EDGE('',*,*,#3641,.F.);
#5271=ORIENTED_EDGE('',*,*,#3637,.F.);
#5272=ORIENTED_EDGE('',*,*,#3642,.F.);
#5273=ORIENTED_EDGE('',*,*,#3643,.F.);
#5274=ORIENTED_EDGE('',*,*,#3644,.F.);
#5275=ORIENTED_EDGE('',*,*,#3645,.F.);
#5276=ORIENTED_EDGE('',*,*,#3646,.F.);
#5277=ORIENTED_EDGE('',*,*,#3647,.F.);
#5278=ORIENTED_EDGE('',*,*,#3639,.F.);
#5279=ORIENTED_EDGE('',*,*,#3648,.T.);
#5280=ORIENTED_EDGE('',*,*,#3640,.T.);
#5281=ORIENTED_EDGE('',*,*,#3647,.T.);
#5282=ORIENTED_EDGE('',*,*,#3649,.T.);
#5283=ORIENTED_EDGE('',*,*,#3649,.F.);
#5284=ORIENTED_EDGE('',*,*,#3646,.T.);
#5285=ORIENTED_EDGE('',*,*,#3650,.F.);
#5286=ORIENTED_EDGE('',*,*,#3651,.F.);
#5287=ORIENTED_EDGE('',*,*,#3652,.T.);
#5288=ORIENTED_EDGE('',*,*,#3653,.T.);
#5289=ORIENTED_EDGE('',*,*,#3643,.T.);
#5290=ORIENTED_EDGE('',*,*,#3654,.T.);
#5291=ORIENTED_EDGE('',*,*,#3636,.F.);
#5292=ORIENTED_EDGE('',*,*,#3655,.F.);
#5293=ORIENTED_EDGE('',*,*,#3654,.F.);
#5294=ORIENTED_EDGE('',*,*,#3642,.T.);
#5295=ORIENTED_EDGE('',*,*,#3656,.T.);
#5296=ORIENTED_EDGE('',*,*,#3650,.T.);
#5297=ORIENTED_EDGE('',*,*,#3645,.T.);
#5298=ORIENTED_EDGE('',*,*,#3657,.T.);
#5299=ORIENTED_EDGE('',*,*,#3653,.F.);
#5300=ORIENTED_EDGE('',*,*,#3658,.F.);
#5301=ORIENTED_EDGE('',*,*,#3657,.F.);
#5302=ORIENTED_EDGE('',*,*,#3644,.T.);
#5303=ORIENTED_EDGE('',*,*,#3635,.F.);
#5304=ORIENTED_EDGE('',*,*,#3641,.T.);
#5305=ORIENTED_EDGE('',*,*,#3648,.F.);
#5306=ORIENTED_EDGE('',*,*,#3651,.T.);
#5307=ORIENTED_EDGE('',*,*,#3656,.F.);
#5308=ORIENTED_EDGE('',*,*,#3658,.T.);
#5309=ORIENTED_EDGE('',*,*,#3652,.F.);
#5310=ORIENTED_EDGE('',*,*,#3655,.T.);
#5311=CYLINDRICAL_SURFACE('',#5663,0.1);
#5312=CYLINDRICAL_SURFACE('',#5666,0.1);
#5313=CYLINDRICAL_SURFACE('',#5671,0.1);
#5314=CYLINDRICAL_SURFACE('',#5676,0.1);
#5315=CYLINDRICAL_SURFACE('',#5683,0.1);
#5316=CYLINDRICAL_SURFACE('',#5686,0.1);
#5317=CYLINDRICAL_SURFACE('',#5690,0.1);
#5318=CYLINDRICAL_SURFACE('',#5693,0.1);
#5319=CYLINDRICAL_SURFACE('',#5698,0.1);
#5320=CYLINDRICAL_SURFACE('',#5703,0.1);
#5321=CYLINDRICAL_SURFACE('',#5710,0.1);
#5322=CYLINDRICAL_SURFACE('',#5713,0.1);
#5323=CYLINDRICAL_SURFACE('',#5716,0.1);
#5324=CYLINDRICAL_SURFACE('',#5719,0.1);
#5325=CYLINDRICAL_SURFACE('',#5721,0.1);
#5326=CYLINDRICAL_SURFACE('',#5724,0.1);
#5327=CYLINDRICAL_SURFACE('',#5739,0.12);
#5328=CYLINDRICAL_SURFACE('',#5741,0.12);
#5329=CYLINDRICAL_SURFACE('',#5743,0.07);
#5330=CYLINDRICAL_SURFACE('',#5745,0.07);
#5331=CYLINDRICAL_SURFACE('',#5750,0.07);
#5332=CYLINDRICAL_SURFACE('',#5754,0.07);
#5333=CYLINDRICAL_SURFACE('',#5758,0.12);
#5334=CYLINDRICAL_SURFACE('',#5762,0.12);
#5335=CYLINDRICAL_SURFACE('',#5778,0.07);
#5336=CYLINDRICAL_SURFACE('',#5781,0.07);
#5337=CYLINDRICAL_SURFACE('',#5784,0.12);
#5338=CYLINDRICAL_SURFACE('',#5789,0.12);
#5339=CYLINDRICAL_SURFACE('',#5891,0.05);
#5340=CYLINDRICAL_SURFACE('',#5899,0.05);
#5341=CYLINDRICAL_SURFACE('',#5902,0.05);
#5342=CYLINDRICAL_SURFACE('',#5905,0.05);
#5343=ADVANCED_FACE('',(#597),#5311,.T.);
#5344=ADVANCED_FACE('',(#598),#5312,.T.);
#5345=ADVANCED_FACE('',(#599),#589,.T.);
#5346=ADVANCED_FACE('',(#600),#5313,.T.);
#5347=ADVANCED_FACE('',(#601),#590,.T.);
#5348=ADVANCED_FACE('',(#602),#5314,.T.);
#5349=ADVANCED_FACE('',(#603),#591,.T.);
#5350=ADVANCED_FACE('',(#604),#592,.T.);
#5351=ADVANCED_FACE('',(#605),#5315,.T.);
#5352=ADVANCED_FACE('',(#606),#441,.T.);
#5353=ADVANCED_FACE('',(#607),#5316,.T.);
#5354=ADVANCED_FACE('',(#608),#442,.T.);
#5355=ADVANCED_FACE('',(#609),#443,.T.);
#5356=ADVANCED_FACE('',(#610),#5317,.T.);
#5357=ADVANCED_FACE('',(#611),#5318,.T.);
#5358=ADVANCED_FACE('',(#612),#593,.T.);
#5359=ADVANCED_FACE('',(#613),#5319,.T.);
#5360=ADVANCED_FACE('',(#614),#594,.T.);
#5361=ADVANCED_FACE('',(#615),#5320,.T.);
#5362=ADVANCED_FACE('',(#616),#595,.T.);
#5363=ADVANCED_FACE('',(#617),#596,.T.);
#5364=ADVANCED_FACE('',(#618),#5321,.T.);
#5365=ADVANCED_FACE('',(#619),#444,.T.);
#5366=ADVANCED_FACE('',(#620),#5322,.T.);
#5367=ADVANCED_FACE('',(#621),#445,.T.);
#5368=ADVANCED_FACE('',(#622),#446,.F.);
#5369=ADVANCED_FACE('',(#623),#5323,.T.);
#5370=ADVANCED_FACE('',(#624),#447,.T.);
#5371=ADVANCED_FACE('',(#625),#448,.T.);
#5372=ADVANCED_FACE('',(#626),#5324,.T.);
#5373=ADVANCED_FACE('',(#627),#5325,.T.);
#5374=ADVANCED_FACE('',(#628),#449,.T.);
#5375=ADVANCED_FACE('',(#629),#450,.T.);
#5376=ADVANCED_FACE('',(#630),#5326,.T.);
#5377=ADVANCED_FACE('',(#631),#451,.F.);
#5378=ADVANCED_FACE('',(#632),#452,.T.);
#5379=ADVANCED_FACE('',(#633),#453,.T.);
#5380=ADVANCED_FACE('',(#634),#454,.T.);
#5381=ADVANCED_FACE('',(#635),#455,.T.);
#5382=ADVANCED_FACE('',(#636),#5327,.T.);
#5383=ADVANCED_FACE('',(#637),#456,.F.);
#5384=ADVANCED_FACE('',(#638),#5328,.T.);
#5385=ADVANCED_FACE('',(#639),#457,.F.);
#5386=ADVANCED_FACE('',(#640),#5329,.F.);
#5387=ADVANCED_FACE('',(#641),#458,.F.);
#5388=ADVANCED_FACE('',(#642),#5330,.F.);
#5389=ADVANCED_FACE('',(#643),#459,.F.);
#5390=ADVANCED_FACE('',(#644),#460,.T.);
#5391=ADVANCED_FACE('',(#645),#461,.T.);
#5392=ADVANCED_FACE('',(#646),#462,.F.);
#5393=ADVANCED_FACE('',(#647),#5331,.F.);
#5394=ADVANCED_FACE('',(#648),#463,.F.);
#5395=ADVANCED_FACE('',(#649),#5332,.F.);
#5396=ADVANCED_FACE('',(#650),#464,.F.);
#5397=ADVANCED_FACE('',(#651),#5333,.T.);
#5398=ADVANCED_FACE('',(#652),#465,.F.);
#5399=ADVANCED_FACE('',(#653),#5334,.T.);
#5400=ADVANCED_FACE('',(#654),#466,.T.);
#5401=ADVANCED_FACE('',(#655),#467,.T.);
#5402=ADVANCED_FACE('',(#656),#468,.T.);
#5403=ADVANCED_FACE('',(#657),#469,.T.);
#5404=ADVANCED_FACE('',(#658),#470,.F.);
#5405=ADVANCED_FACE('',(#659),#471,.F.);
#5406=ADVANCED_FACE('',(#660),#472,.T.);
#5407=ADVANCED_FACE('',(#661),#473,.T.);
#5408=ADVANCED_FACE('',(#662),#474,.T.);
#5409=ADVANCED_FACE('',(#663),#5335,.F.);
#5410=ADVANCED_FACE('',(#664),#475,.T.);
#5411=ADVANCED_FACE('',(#665),#5336,.F.);
#5412=ADVANCED_FACE('',(#666),#476,.T.);
#5413=ADVANCED_FACE('',(#667),#5337,.T.);
#5414=ADVANCED_FACE('',(#668),#477,.T.);
#5415=ADVANCED_FACE('',(#669),#478,.T.);
#5416=ADVANCED_FACE('',(#670),#5338,.T.);
#5417=ADVANCED_FACE('',(#671),#479,.T.);
#5418=ADVANCED_FACE('',(#672),#480,.T.);
#5419=ADVANCED_FACE('',(#673),#289,.F.);
#5420=ADVANCED_FACE('',(#674),#290,.F.);
#5421=ADVANCED_FACE('',(#675),#291,.F.);
#5422=ADVANCED_FACE('',(#676),#292,.F.);
#5423=ADVANCED_FACE('',(#677),#481,.F.);
#5424=ADVANCED_FACE('',(#678),#482,.F.);
#5425=ADVANCED_FACE('',(#679),#293,.F.);
#5426=ADVANCED_FACE('',(#680),#294,.F.);
#5427=ADVANCED_FACE('',(#681),#483,.F.);
#5428=ADVANCED_FACE('',(#682),#295,.F.);
#5429=ADVANCED_FACE('',(#683),#296,.F.);
#5430=ADVANCED_FACE('',(#684),#297,.F.);
#5431=ADVANCED_FACE('',(#685),#484,.F.);
#5432=ADVANCED_FACE('',(#686),#485,.F.);
#5433=ADVANCED_FACE('',(#687),#298,.F.);
#5434=ADVANCED_FACE('',(#688),#299,.F.);
#5435=ADVANCED_FACE('',(#689),#300,.F.);
#5436=ADVANCED_FACE('',(#690),#486,.F.);
#5437=ADVANCED_FACE('',(#691),#301,.T.);
#5438=ADVANCED_FACE('',(#692),#302,.T.);
#5439=ADVANCED_FACE('',(#693),#303,.T.);
#5440=ADVANCED_FACE('',(#694),#304,.T.);
#5441=ADVANCED_FACE('',(#695),#305,.T.);
#5442=ADVANCED_FACE('',(#696),#306,.T.);
#5443=ADVANCED_FACE('',(#697),#307,.T.);
#5444=ADVANCED_FACE('',(#698),#308,.T.);
#5445=ADVANCED_FACE('',(#699),#309,.T.);
#5446=ADVANCED_FACE('',(#700),#310,.T.);
#5447=ADVANCED_FACE('',(#701),#487,.T.);
#5448=ADVANCED_FACE('',(#702),#488,.T.);
#5449=ADVANCED_FACE('',(#703),#311,.T.);
#5450=ADVANCED_FACE('',(#704),#312,.T.);
#5451=ADVANCED_FACE('',(#705),#313,.T.);
#5452=ADVANCED_FACE('',(#706),#314,.T.);
#5453=ADVANCED_FACE('',(#707),#315,.T.);
#5454=ADVANCED_FACE('',(#708),#316,.T.);
#5455=ADVANCED_FACE('',(#709),#317,.T.);
#5456=ADVANCED_FACE('',(#710),#318,.T.);
#5457=ADVANCED_FACE('',(#711),#319,.T.);
#5458=ADVANCED_FACE('',(#712),#489,.T.);
#5459=ADVANCED_FACE('',(#713),#490,.T.);
#5460=ADVANCED_FACE('',(#714),#491,.T.);
#5461=ADVANCED_FACE('',(#715,#23,#24),#492,.T.);
#5462=ADVANCED_FACE('',(#716,#25,#26),#493,.F.);
#5463=ADVANCED_FACE('',(#717),#320,.F.);
#5464=ADVANCED_FACE('',(#718),#321,.F.);
#5465=ADVANCED_FACE('',(#719),#322,.F.);
#5466=ADVANCED_FACE('',(#720),#323,.F.);
#5467=ADVANCED_FACE('',(#721),#494,.F.);
#5468=ADVANCED_FACE('',(#722),#495,.F.);
#5469=ADVANCED_FACE('',(#723),#324,.F.);
#5470=ADVANCED_FACE('',(#724),#496,.T.);
#5471=ADVANCED_FACE('',(#725),#497,.T.);
#5472=ADVANCED_FACE('',(#726),#498,.T.);
#5473=ADVANCED_FACE('',(#727),#499,.T.);
#5474=ADVANCED_FACE('',(#728),#500,.T.);
#5475=ADVANCED_FACE('',(#729),#501,.T.);
#5476=ADVANCED_FACE('',(#730),#325,.T.);
#5477=ADVANCED_FACE('',(#731),#326,.T.);
#5478=ADVANCED_FACE('',(#732),#327,.T.);
#5479=ADVANCED_FACE('',(#733),#328,.T.);
#5480=ADVANCED_FACE('',(#734),#329,.T.);
#5481=ADVANCED_FACE('',(#735),#330,.T.);
#5482=ADVANCED_FACE('',(#736),#331,.T.);
#5483=ADVANCED_FACE('',(#737),#332,.T.);
#5484=ADVANCED_FACE('',(#738),#333,.T.);
#5485=ADVANCED_FACE('',(#739),#334,.T.);
#5486=ADVANCED_FACE('',(#740),#502,.T.);
#5487=ADVANCED_FACE('',(#741),#503,.T.);
#5488=ADVANCED_FACE('',(#742),#504,.T.);
#5489=ADVANCED_FACE('',(#743),#335,.T.);
#5490=ADVANCED_FACE('',(#744),#336,.T.);
#5491=ADVANCED_FACE('',(#745),#337,.T.);
#5492=ADVANCED_FACE('',(#746),#338,.T.);
#5493=ADVANCED_FACE('',(#747),#339,.T.);
#5494=ADVANCED_FACE('',(#748),#340,.T.);
#5495=ADVANCED_FACE('',(#749),#341,.T.);
#5496=ADVANCED_FACE('',(#750),#342,.T.);
#5497=ADVANCED_FACE('',(#751),#505,.T.);
#5498=ADVANCED_FACE('',(#752),#506,.T.);
#5499=ADVANCED_FACE('',(#753),#507,.T.);
#5500=ADVANCED_FACE('',(#754),#508,.T.);
#5501=ADVANCED_FACE('',(#755),#509,.T.);
#5502=ADVANCED_FACE('',(#756),#510,.T.);
#5503=ADVANCED_FACE('',(#757),#511,.T.);
#5504=ADVANCED_FACE('',(#758,#27),#512,.T.);
#5505=ADVANCED_FACE('',(#759,#28),#513,.F.);
#5506=ADVANCED_FACE('',(#760),#514,.T.);
#5507=ADVANCED_FACE('',(#761),#515,.T.);
#5508=ADVANCED_FACE('',(#762),#343,.T.);
#5509=ADVANCED_FACE('',(#763),#344,.T.);
#5510=ADVANCED_FACE('',(#764),#345,.T.);
#5511=ADVANCED_FACE('',(#765),#346,.T.);
#5512=ADVANCED_FACE('',(#766),#347,.T.);
#5513=ADVANCED_FACE('',(#767),#348,.T.);
#5514=ADVANCED_FACE('',(#768),#349,.T.);
#5515=ADVANCED_FACE('',(#769),#350,.T.);
#5516=ADVANCED_FACE('',(#770),#351,.T.);
#5517=ADVANCED_FACE('',(#771),#352,.T.);
#5518=ADVANCED_FACE('',(#772),#353,.T.);
#5519=ADVANCED_FACE('',(#773),#354,.T.);
#5520=ADVANCED_FACE('',(#774),#355,.T.);
#5521=ADVANCED_FACE('',(#775),#356,.T.);
#5522=ADVANCED_FACE('',(#776),#357,.T.);
#5523=ADVANCED_FACE('',(#777),#516,.T.);
#5524=ADVANCED_FACE('',(#778),#517,.T.);
#5525=ADVANCED_FACE('',(#779),#518,.T.);
#5526=ADVANCED_FACE('',(#780),#519,.T.);
#5527=ADVANCED_FACE('',(#781),#520,.T.);
#5528=ADVANCED_FACE('',(#782),#521,.T.);
#5529=ADVANCED_FACE('',(#783),#358,.T.);
#5530=ADVANCED_FACE('',(#784),#359,.T.);
#5531=ADVANCED_FACE('',(#785),#360,.T.);
#5532=ADVANCED_FACE('',(#786),#361,.T.);
#5533=ADVANCED_FACE('',(#787),#362,.T.);
#5534=ADVANCED_FACE('',(#788),#363,.T.);
#5535=ADVANCED_FACE('',(#789),#364,.T.);
#5536=ADVANCED_FACE('',(#790),#365,.T.);
#5537=ADVANCED_FACE('',(#791),#366,.T.);
#5538=ADVANCED_FACE('',(#792),#367,.T.);
#5539=ADVANCED_FACE('',(#793),#368,.T.);
#5540=ADVANCED_FACE('',(#794),#522,.T.);
#5541=ADVANCED_FACE('',(#795),#369,.T.);
#5542=ADVANCED_FACE('',(#796),#370,.T.);
#5543=ADVANCED_FACE('',(#797),#523,.T.);
#5544=ADVANCED_FACE('',(#798),#524,.T.);
#5545=ADVANCED_FACE('',(#799),#525,.T.);
#5546=ADVANCED_FACE('',(#800),#526,.T.);
#5547=ADVANCED_FACE('',(#801),#527,.T.);
#5548=ADVANCED_FACE('',(#802),#528,.T.);
#5549=ADVANCED_FACE('',(#803),#529,.F.);
#5550=ADVANCED_FACE('',(#804),#371,.T.);
#5551=ADVANCED_FACE('',(#805),#372,.T.);
#5552=ADVANCED_FACE('',(#806),#530,.T.);
#5553=ADVANCED_FACE('',(#807),#531,.T.);
#5554=ADVANCED_FACE('',(#808),#532,.T.);
#5555=ADVANCED_FACE('',(#809),#533,.T.);
#5556=ADVANCED_FACE('',(#810),#534,.T.);
#5557=ADVANCED_FACE('',(#811),#535,.T.);
#5558=ADVANCED_FACE('',(#812),#536,.T.);
#5559=ADVANCED_FACE('',(#813),#537,.T.);
#5560=ADVANCED_FACE('',(#814),#373,.T.);
#5561=ADVANCED_FACE('',(#815),#374,.T.);
#5562=ADVANCED_FACE('',(#816),#375,.T.);
#5563=ADVANCED_FACE('',(#817),#376,.T.);
#5564=ADVANCED_FACE('',(#818),#538,.T.);
#5565=ADVANCED_FACE('',(#819),#539,.T.);
#5566=ADVANCED_FACE('',(#820),#540,.T.);
#5567=ADVANCED_FACE('',(#821),#541,.T.);
#5568=ADVANCED_FACE('',(#822),#542,.T.);
#5569=ADVANCED_FACE('',(#823),#543,.T.);
#5570=ADVANCED_FACE('',(#824),#544,.T.);
#5571=ADVANCED_FACE('',(#825),#545,.T.);
#5572=ADVANCED_FACE('',(#826),#377,.T.);
#5573=ADVANCED_FACE('',(#827),#378,.T.);
#5574=ADVANCED_FACE('',(#828),#379,.T.);
#5575=ADVANCED_FACE('',(#829),#380,.T.);
#5576=ADVANCED_FACE('',(#830),#546,.F.);
#5577=ADVANCED_FACE('',(#831),#547,.T.);
#5578=ADVANCED_FACE('',(#832),#548,.T.);
#5579=ADVANCED_FACE('',(#833),#549,.T.);
#5580=ADVANCED_FACE('',(#834),#550,.T.);
#5581=ADVANCED_FACE('',(#835),#551,.T.);
#5582=ADVANCED_FACE('',(#836),#552,.T.);
#5583=ADVANCED_FACE('',(#837),#553,.T.);
#5584=ADVANCED_FACE('',(#838),#381,.T.);
#5585=ADVANCED_FACE('',(#839),#382,.T.);
#5586=ADVANCED_FACE('',(#840),#554,.T.);
#5587=ADVANCED_FACE('',(#841),#383,.T.);
#5588=ADVANCED_FACE('',(#842),#384,.T.);
#5589=ADVANCED_FACE('',(#843),#555,.T.);
#5590=ADVANCED_FACE('',(#844),#556,.T.);
#5591=ADVANCED_FACE('',(#845),#557,.T.);
#5592=ADVANCED_FACE('',(#846),#385,.T.);
#5593=ADVANCED_FACE('',(#847),#386,.T.);
#5594=ADVANCED_FACE('',(#848),#558,.T.);
#5595=ADVANCED_FACE('',(#849),#559,.T.);
#5596=ADVANCED_FACE('',(#850),#560,.T.);
#5597=ADVANCED_FACE('',(#851),#561,.T.);
#5598=ADVANCED_FACE('',(#852),#562,.T.);
#5599=ADVANCED_FACE('',(#853),#563,.T.);
#5600=ADVANCED_FACE('',(#854),#564,.T.);
#5601=ADVANCED_FACE('',(#855),#387,.T.);
#5602=ADVANCED_FACE('',(#856),#388,.T.);
#5603=ADVANCED_FACE('',(#857),#565,.T.);
#5604=ADVANCED_FACE('',(#858),#566,.T.);
#5605=ADVANCED_FACE('',(#859),#389,.T.);
#5606=ADVANCED_FACE('',(#860),#390,.T.);
#5607=ADVANCED_FACE('',(#861),#567,.T.);
#5608=ADVANCED_FACE('',(#862),#568,.T.);
#5609=ADVANCED_FACE('',(#863),#569,.T.);
#5610=ADVANCED_FACE('',(#864),#570,.T.);
#5611=ADVANCED_FACE('',(#865),#571,.T.);
#5612=ADVANCED_FACE('',(#866),#572,.T.);
#5613=ADVANCED_FACE('',(#867),#573,.T.);
#5614=ADVANCED_FACE('',(#868),#574,.F.);
#5615=ADVANCED_FACE('',(#869),#391,.F.);
#5616=ADVANCED_FACE('',(#870),#392,.F.);
#5617=ADVANCED_FACE('',(#871),#393,.F.);
#5618=ADVANCED_FACE('',(#872),#394,.F.);
#5619=ADVANCED_FACE('',(#873),#395,.F.);
#5620=ADVANCED_FACE('',(#874),#396,.F.);
#5621=ADVANCED_FACE('',(#875),#397,.F.);
#5622=ADVANCED_FACE('',(#876),#398,.F.);
#5623=ADVANCED_FACE('',(#877),#399,.F.);
#5624=ADVANCED_FACE('',(#878),#400,.T.);
#5625=ADVANCED_FACE('',(#879),#401,.T.);
#5626=ADVANCED_FACE('',(#880),#402,.T.);
#5627=ADVANCED_FACE('',(#881),#403,.T.);
#5628=ADVANCED_FACE('',(#882),#404,.T.);
#5629=ADVANCED_FACE('',(#883),#405,.T.);
#5630=ADVANCED_FACE('',(#884),#406,.T.);
#5631=ADVANCED_FACE('',(#885),#407,.T.);
#5632=ADVANCED_FACE('',(#886),#408,.T.);
#5633=ADVANCED_FACE('',(#887),#575,.T.);
#5634=ADVANCED_FACE('',(#888),#576,.T.);
#5635=ADVANCED_FACE('',(#889),#409,.T.);
#5636=ADVANCED_FACE('',(#890),#410,.T.);
#5637=ADVANCED_FACE('',(#891),#411,.T.);
#5638=ADVANCED_FACE('',(#892),#412,.T.);
#5639=ADVANCED_FACE('',(#893,#29),#577,.F.);
#5640=ADVANCED_FACE('',(#894,#30),#578,.T.);
#5641=ADVANCED_FACE('',(#895),#5339,.T.);
#5642=ADVANCED_FACE('',(#896),#579,.T.);
#5643=ADVANCED_FACE('',(#897),#580,.T.);
#5644=ADVANCED_FACE('',(#898),#5340,.T.);
#5645=ADVANCED_FACE('',(#899),#581,.T.);
#5646=ADVANCED_FACE('',(#900),#5341,.T.);
#5647=ADVANCED_FACE('',(#901),#582,.T.);
#5648=ADVANCED_FACE('',(#902),#5342,.T.);
#5649=ADVANCED_FACE('',(#903),#583,.T.);
#5650=ADVANCED_FACE('',(#904),#584,.T.);
#5651=CLOSED_SHELL('',(#5343,#5344,#5345,#5346,#5347,#5348,#5349,#5350,
#5351,#5352,#5353,#5354,#5355,#5356,#5357,#5358,#5359,#5360,#5361,#5362,
#5363,#5364,#5365,#5366,#5367,#5368,#5369,#5370,#5371,#5372,#5373,#5374,
#5375,#5376));
#5652=CLOSED_SHELL('',(#5377,#5378,#5379,#5380,#5381,#5382,#5383,#5384,
#5385,#5386,#5387,#5388,#5389,#5390));
#5653=CLOSED_SHELL('',(#5391,#5392,#5393,#5394,#5395,#5396,#5397,#5398,
#5399,#5400,#5401,#5402,#5403,#5404));
#5654=CLOSED_SHELL('',(#5405,#5406,#5407,#5408,#5409,#5410,#5411,#5412,
#5413,#5414,#5415,#5416,#5417,#5418));
#5655=CLOSED_SHELL('',(#5419,#5420,#5421,#5422,#5423,#5424,#5425,#5426,
#5427,#5428,#5429,#5430,#5431,#5432,#5433,#5434,#5435,#5436,#5437,#5438,
#5439,#5440,#5441,#5442,#5443,#5444,#5445,#5446,#5447,#5448,#5449,#5450,
#5451,#5452,#5453,#5454,#5455,#5456,#5457,#5458,#5459,#5460,#5461,#5462));
#5656=CLOSED_SHELL('',(#5463,#5464,#5465,#5466,#5467,#5468,#5469,#5470,
#5471,#5472,#5473,#5474,#5475,#5476,#5477,#5478,#5479,#5480,#5481,#5482,
#5483,#5484,#5485,#5486,#5487,#5488,#5489,#5490,#5491,#5492,#5493,#5494,
#5495,#5496,#5497,#5498,#5499,#5500,#5501,#5502,#5503,#5504,#5505));
#5657=CLOSED_SHELL('',(#5506,#5507,#5508,#5509,#5510,#5511,#5512,#5513,
#5514,#5515,#5516,#5517,#5518,#5519,#5520,#5521,#5522,#5523,#5524,#5525,
#5526,#5527,#5528,#5529,#5530,#5531,#5532,#5533,#5534,#5535,#5536,#5537,
#5538,#5539,#5540,#5541,#5542,#5543,#5544,#5545,#5546,#5547,#5548,#5549));
#5658=CLOSED_SHELL('',(#5550,#5551,#5552,#5553,#5554,#5555,#5556,#5557,
#5558,#5559,#5560,#5561,#5562,#5563,#5564,#5565,#5566,#5567,#5568,#5569,
#5570,#5571,#5572,#5573,#5574,#5575,#5576,#5577));
#5659=CLOSED_SHELL('',(#5578,#5579,#5580,#5581,#5582,#5583,#5584,#5585,
#5586,#5587,#5588,#5589,#5590,#5591,#5592,#5593,#5594,#5595,#5596,#5597,
#5598,#5599,#5600,#5601,#5602,#5603,#5604,#5605,#5606,#5607,#5608,#5609,
#5610,#5611,#5612,#5613,#5614));
#5660=CLOSED_SHELL('',(#5615,#5616,#5617,#5618,#5619,#5620,#5621,#5622,
#5623,#5624,#5625,#5626,#5627,#5628,#5629,#5630,#5631,#5632,#5633,#5634,
#5635,#5636,#5637,#5638,#5639,#5640));
#5661=CLOSED_SHELL('',(#5641,#5642,#5643,#5644,#5645,#5646,#5647,#5648,
#5649,#5650));
#5662=AXIS2_PLACEMENT_3D('placement',#6923,#5913,#5914);
#5663=AXIS2_PLACEMENT_3D('',#6924,#5915,#5916);
#5664=AXIS2_PLACEMENT_3D('',#6927,#5917,#5918);
#5665=AXIS2_PLACEMENT_3D('',#6931,#5920,#5921);
#5666=AXIS2_PLACEMENT_3D('',#6933,#5923,#5924);
#5667=AXIS2_PLACEMENT_3D('',#6935,#5925,#5926);
#5668=AXIS2_PLACEMENT_3D('',#6939,#5928,#5929);
#5669=AXIS2_PLACEMENT_3D('',#6941,#5931,#5932);
#5670=AXIS2_PLACEMENT_3D('',#6942,#5933,#5934);
#5671=AXIS2_PLACEMENT_3D('',#6943,#5935,#5936);
#5672=AXIS2_PLACEMENT_3D('',#6945,#5937,#5938);
#5673=AXIS2_PLACEMENT_3D('',#6949,#5940,#5941);
#5674=AXIS2_PLACEMENT_3D('',#6951,#5943,#5944);
#5675=AXIS2_PLACEMENT_3D('',#6952,#5945,#5946);
#5676=AXIS2_PLACEMENT_3D('',#6953,#5947,#5948);
#5677=AXIS2_PLACEMENT_3D('',#6955,#5949,#5950);
#5678=AXIS2_PLACEMENT_3D('',#6958,#5952,#5953);
#5679=AXIS2_PLACEMENT_3D('',#6960,#5955,#5956);
#5680=AXIS2_PLACEMENT_3D('',#6961,#5957,#5958);
#5681=AXIS2_PLACEMENT_3D('',#6962,#5959,#5960);
#5682=AXIS2_PLACEMENT_3D('',#6963,#5961,#5962);
#5683=AXIS2_PLACEMENT_3D('',#6964,#5963,#5964);
#5684=AXIS2_PLACEMENT_3D('',#6968,#5966,#5967);
#5685=AXIS2_PLACEMENT_3D('',#6970,#5969,#5970);
#5686=AXIS2_PLACEMENT_3D('',#6974,#5973,#5974);
#5687=AXIS2_PLACEMENT_3D('',#6977,#5976,#5977);
#5688=AXIS2_PLACEMENT_3D('',#6978,#5978,#5979);
#5689=AXIS2_PLACEMENT_3D('',#6982,#5982,#5983);
#5690=AXIS2_PLACEMENT_3D('',#6983,#5984,#5985);
#5691=AXIS2_PLACEMENT_3D('',#6986,#5986,#5987);
#5692=AXIS2_PLACEMENT_3D('',#6990,#5989,#5990);
#5693=AXIS2_PLACEMENT_3D('',#6992,#5992,#5993);
#5694=AXIS2_PLACEMENT_3D('',#6994,#5994,#5995);
#5695=AXIS2_PLACEMENT_3D('',#6998,#5997,#5998);
#5696=AXIS2_PLACEMENT_3D('',#7000,#6000,#6001);
#5697=AXIS2_PLACEMENT_3D('',#7001,#6002,#6003);
#5698=AXIS2_PLACEMENT_3D('',#7002,#6004,#6005);
#5699=AXIS2_PLACEMENT_3D('',#7004,#6006,#6007);
#5700=AXIS2_PLACEMENT_3D('',#7008,#6009,#6010);
#5701=AXIS2_PLACEMENT_3D('',#7010,#6012,#6013);
#5702=AXIS2_PLACEMENT_3D('',#7011,#6014,#6015);
#5703=AXIS2_PLACEMENT_3D('',#7012,#6016,#6017);
#5704=AXIS2_PLACEMENT_3D('',#7014,#6018,#6019);
#5705=AXIS2_PLACEMENT_3D('',#7017,#6021,#6022);
#5706=AXIS2_PLACEMENT_3D('',#7019,#6024,#6025);
#5707=AXIS2_PLACEMENT_3D('',#7020,#6026,#6027);
#5708=AXIS2_PLACEMENT_3D('',#7021,#6028,#6029);
#5709=AXIS2_PLACEMENT_3D('',#7022,#6030,#6031);
#5710=AXIS2_PLACEMENT_3D('',#7023,#6032,#6033);
#5711=AXIS2_PLACEMENT_3D('',#7026,#6035,#6036);
#5712=AXIS2_PLACEMENT_3D('',#7028,#6038,#6039);
#5713=AXIS2_PLACEMENT_3D('',#7030,#6041,#6042);
#5714=AXIS2_PLACEMENT_3D('',#7032,#6044,#6045);
#5715=AXIS2_PLACEMENT_3D('',#7034,#6047,#6048);
#5716=AXIS2_PLACEMENT_3D('',#7035,#6049,#6050);
#5717=AXIS2_PLACEMENT_3D('',#7037,#6052,#6053);
#5718=AXIS2_PLACEMENT_3D('',#7041,#6056,#6057);
#5719=AXIS2_PLACEMENT_3D('',#7043,#6059,#6060);
#5720=AXIS2_PLACEMENT_3D('',#7045,#6061,#6062);
#5721=AXIS2_PLACEMENT_3D('',#7047,#6064,#6065);
#5722=AXIS2_PLACEMENT_3D('',#7049,#6067,#6068);
#5723=AXIS2_PLACEMENT_3D('',#7052,#6071,#6072);
#5724=AXIS2_PLACEMENT_3D('',#7053,#6073,#6074);
#5725=AXIS2_PLACEMENT_3D('placement',#7054,#6075,#6076);
#5726=AXIS2_PLACEMENT_3D('',#7055,#6077,#6078);
#5727=AXIS2_PLACEMENT_3D('',#7064,#6083,#6084);
#5728=AXIS2_PLACEMENT_3D('',#7068,#6086,#6087);
#5729=AXIS2_PLACEMENT_3D('',#7072,#6089,#6090);
#5730=AXIS2_PLACEMENT_3D('',#7080,#6094,#6095);
#5731=AXIS2_PLACEMENT_3D('',#7084,#6097,#6098);
#5732=AXIS2_PLACEMENT_3D('',#7086,#6100,#6101);
#5733=AXIS2_PLACEMENT_3D('',#7092,#6105,#6106);
#5734=AXIS2_PLACEMENT_3D('',#7096,#6109,#6110);
#5735=AXIS2_PLACEMENT_3D('',#7100,#6112,#6113);
#5736=AXIS2_PLACEMENT_3D('',#7103,#6115,#6116);
#5737=AXIS2_PLACEMENT_3D('',#7107,#6118,#6119);
#5738=AXIS2_PLACEMENT_3D('',#7111,#6121,#6122);
#5739=AXIS2_PLACEMENT_3D('',#7113,#6124,#6125);
#5740=AXIS2_PLACEMENT_3D('',#7115,#6127,#6128);
#5741=AXIS2_PLACEMENT_3D('',#7117,#6130,#6131);
#5742=AXIS2_PLACEMENT_3D('',#7120,#6134,#6135);
#5743=AXIS2_PLACEMENT_3D('',#7121,#6136,#6137);
#5744=AXIS2_PLACEMENT_3D('',#7124,#6140,#6141);
#5745=AXIS2_PLACEMENT_3D('',#7125,#6142,#6143);
#5746=AXIS2_PLACEMENT_3D('',#7127,#6145,#6146);
#5747=AXIS2_PLACEMENT_3D('',#7128,#6147,#6148);
#5748=AXIS2_PLACEMENT_3D('',#7129,#6149,#6150);
#5749=AXIS2_PLACEMENT_3D('',#7138,#6155,#6156);
#5750=AXIS2_PLACEMENT_3D('',#7147,#6161,#6162);
#5751=AXIS2_PLACEMENT_3D('',#7149,#6163,#6164);
#5752=AXIS2_PLACEMENT_3D('',#7151,#6165,#6166);
#5753=AXIS2_PLACEMENT_3D('',#7153,#6168,#6169);
#5754=AXIS2_PLACEMENT_3D('',#7162,#6174,#6175);
#5755=AXIS2_PLACEMENT_3D('',#7163,#6176,#6177);
#5756=AXIS2_PLACEMENT_3D('',#7164,#6178,#6179);
#5757=AXIS2_PLACEMENT_3D('',#7165,#6180,#6181);
#5758=AXIS2_PLACEMENT_3D('',#7174,#6186,#6187);
#5759=AXIS2_PLACEMENT_3D('',#7175,#6188,#6189);
#5760=AXIS2_PLACEMENT_3D('',#7176,#6190,#6191);
#5761=AXIS2_PLACEMENT_3D('',#7177,#6192,#6193);
#5762=AXIS2_PLACEMENT_3D('',#7183,#6197,#6198);
#5763=AXIS2_PLACEMENT_3D('',#7185,#6199,#6200);
#5764=AXIS2_PLACEMENT_3D('',#7188,#6202,#6203);
#5765=AXIS2_PLACEMENT_3D('',#7189,#6204,#6205);
#5766=AXIS2_PLACEMENT_3D('',#7194,#6209,#6210);
#5767=AXIS2_PLACEMENT_3D('',#7198,#6213,#6214);
#5768=AXIS2_PLACEMENT_3D('',#7200,#6216,#6217);
#5769=AXIS2_PLACEMENT_3D('',#7202,#6219,#6220);
#5770=AXIS2_PLACEMENT_3D('',#7203,#6221,#6222);
#5771=AXIS2_PLACEMENT_3D('',#7212,#6227,#6228);
#5772=AXIS2_PLACEMENT_3D('',#7216,#6230,#6231);
#5773=AXIS2_PLACEMENT_3D('',#7220,#6233,#6234);
#5774=AXIS2_PLACEMENT_3D('',#7228,#6238,#6239);
#5775=AXIS2_PLACEMENT_3D('',#7232,#6241,#6242);
#5776=AXIS2_PLACEMENT_3D('',#7234,#6244,#6245);
#5777=AXIS2_PLACEMENT_3D('',#7240,#6249,#6250);
#5778=AXIS2_PLACEMENT_3D('',#7244,#6253,#6254);
#5779=AXIS2_PLACEMENT_3D('',#7247,#6256,#6257);
#5780=AXIS2_PLACEMENT_3D('',#7248,#6258,#6259);
#5781=AXIS2_PLACEMENT_3D('',#7254,#6263,#6264);
#5782=AXIS2_PLACEMENT_3D('',#7256,#6265,#6266);
#5783=AXIS2_PLACEMENT_3D('',#7258,#6268,#6269);
#5784=AXIS2_PLACEMENT_3D('',#7262,#6272,#6273);
#5785=AXIS2_PLACEMENT_3D('',#7263,#6274,#6275);
#5786=AXIS2_PLACEMENT_3D('',#7264,#6276,#6277);
#5787=AXIS2_PLACEMENT_3D('',#7267,#6279,#6280);
#5788=AXIS2_PLACEMENT_3D('',#7271,#6283,#6284);
#5789=AXIS2_PLACEMENT_3D('',#7273,#6286,#6287);
#5790=AXIS2_PLACEMENT_3D('',#7274,#6288,#6289);
#5791=AXIS2_PLACEMENT_3D('',#7276,#6291,#6292);
#5792=AXIS2_PLACEMENT_3D('placement',#7277,#6293,#6294);
#5793=AXIS2_PLACEMENT_3D('',#7357,#6300,#6301);
#5794=AXIS2_PLACEMENT_3D('',#7363,#6305,#6306);
#5795=AXIS2_PLACEMENT_3D('',#7404,#6311,#6312);
#5796=AXIS2_PLACEMENT_3D('',#7470,#6320,#6321);
#5797=AXIS2_PLACEMENT_3D('',#7476,#6325,#6326);
#5798=AXIS2_PLACEMENT_3D('',#7539,#6333,#6334);
#5799=AXIS2_PLACEMENT_3D('',#7735,#6348,#6349);
#5800=AXIS2_PLACEMENT_3D('',#7741,#6353,#6354);
#5801=AXIS2_PLACEMENT_3D('',#7918,#6367,#6368);
#5802=AXIS2_PLACEMENT_3D('',#7924,#6372,#6373);
#5803=AXIS2_PLACEMENT_3D('',#7930,#6377,#6378);
#5804=AXIS2_PLACEMENT_3D('',#7933,#6381,#6382);
#5805=AXIS2_PLACEMENT_3D('',#7934,#6383,#6384);
#5806=AXIS2_PLACEMENT_3D('',#8014,#6390,#6391);
#5807=AXIS2_PLACEMENT_3D('',#8020,#6395,#6396);
#5808=AXIS2_PLACEMENT_3D('',#8042,#6400,#6401);
#5809=AXIS2_PLACEMENT_3D('',#8051,#6406,#6407);
#5810=AXIS2_PLACEMENT_3D('',#8057,#6411,#6412);
#5811=AXIS2_PLACEMENT_3D('',#8063,#6416,#6417);
#5812=AXIS2_PLACEMENT_3D('',#8069,#6421,#6422);
#5813=AXIS2_PLACEMENT_3D('',#8075,#6426,#6427);
#5814=AXIS2_PLACEMENT_3D('',#8271,#6441,#6442);
#5815=AXIS2_PLACEMENT_3D('',#8277,#6446,#6447);
#5816=AXIS2_PLACEMENT_3D('',#8283,#6451,#6452);
#5817=AXIS2_PLACEMENT_3D('',#8441,#6464,#6465);
#5818=AXIS2_PLACEMENT_3D('',#8447,#6469,#6470);
#5819=AXIS2_PLACEMENT_3D('',#8453,#6474,#6475);
#5820=AXIS2_PLACEMENT_3D('',#8459,#6479,#6480);
#5821=AXIS2_PLACEMENT_3D('',#8465,#6484,#6485);
#5822=AXIS2_PLACEMENT_3D('',#8471,#6489,#6490);
#5823=AXIS2_PLACEMENT_3D('',#8477,#6494,#6495);
#5824=AXIS2_PLACEMENT_3D('',#8480,#6498,#6499);
#5825=AXIS2_PLACEMENT_3D('',#8481,#6500,#6501);
#5826=AXIS2_PLACEMENT_3D('',#8482,#6502,#6503);
#5827=AXIS2_PLACEMENT_3D('',#8491,#6508,#6509);
#5828=AXIS2_PLACEMENT_3D('',#8782,#6528,#6529);
#5829=AXIS2_PLACEMENT_3D('',#8788,#6533,#6534);
#5830=AXIS2_PLACEMENT_3D('',#8794,#6538,#6539);
#5831=AXIS2_PLACEMENT_3D('',#8800,#6543,#6544);
#5832=AXIS2_PLACEMENT_3D('',#8806,#6548,#6549);
#5833=AXIS2_PLACEMENT_3D('',#8812,#6553,#6554);
#5834=AXIS2_PLACEMENT_3D('',#9033,#6567,#6568);
#5835=AXIS2_PLACEMENT_3D('',#9083,#6572,#6573);
#5836=AXIS2_PLACEMENT_3D('',#9089,#6577,#6578);
#5837=AXIS2_PLACEMENT_3D('',#9095,#6582,#6583);
#5838=AXIS2_PLACEMENT_3D('',#9101,#6587,#6588);
#5839=AXIS2_PLACEMENT_3D('',#9107,#6592,#6593);
#5840=AXIS2_PLACEMENT_3D('',#9110,#6596,#6597);
#5841=AXIS2_PLACEMENT_3D('',#9111,#6598,#6599);
#5842=AXIS2_PLACEMENT_3D('',#9153,#6603,#6604);
#5843=AXIS2_PLACEMENT_3D('',#9159,#6608,#6609);
#5844=AXIS2_PLACEMENT_3D('',#9165,#6613,#6614);
#5845=AXIS2_PLACEMENT_3D('',#9171,#6618,#6619);
#5846=AXIS2_PLACEMENT_3D('',#9177,#6623,#6624);
#5847=AXIS2_PLACEMENT_3D('',#9183,#6628,#6629);
#5848=AXIS2_PLACEMENT_3D('',#9189,#6633,#6634);
#5849=AXIS2_PLACEMENT_3D('',#9195,#6638,#6639);
#5850=AXIS2_PLACEMENT_3D('',#9277,#6647,#6648);
#5851=AXIS2_PLACEMENT_3D('',#9283,#6652,#6653);
#5852=AXIS2_PLACEMENT_3D('',#9289,#6657,#6658);
#5853=AXIS2_PLACEMENT_3D('',#9295,#6662,#6663);
#5854=AXIS2_PLACEMENT_3D('',#9301,#6667,#6668);
#5855=AXIS2_PLACEMENT_3D('',#9307,#6672,#6673);
#5856=AXIS2_PLACEMENT_3D('',#9313,#6677,#6678);
#5857=AXIS2_PLACEMENT_3D('',#9319,#6682,#6683);
#5858=AXIS2_PLACEMENT_3D('',#9398,#6690,#6691);
#5859=AXIS2_PLACEMENT_3D('',#9399,#6692,#6693);
#5860=AXIS2_PLACEMENT_3D('',#9400,#6694,#6695);
#5861=AXIS2_PLACEMENT_3D('',#9409,#6700,#6701);
#5862=AXIS2_PLACEMENT_3D('',#9415,#6705,#6706);
#5863=AXIS2_PLACEMENT_3D('',#9421,#6710,#6711);
#5864=AXIS2_PLACEMENT_3D('',#9427,#6715,#6716);
#5865=AXIS2_PLACEMENT_3D('',#9433,#6720,#6721);
#5866=AXIS2_PLACEMENT_3D('',#9477,#6727,#6728);
#5867=AXIS2_PLACEMENT_3D('',#9527,#6732,#6733);
#5868=AXIS2_PLACEMENT_3D('',#9533,#6737,#6738);
#5869=AXIS2_PLACEMENT_3D('',#9539,#6742,#6743);
#5870=AXIS2_PLACEMENT_3D('',#9583,#6749,#6750);
#5871=AXIS2_PLACEMENT_3D('',#9589,#6754,#6755);
#5872=AXIS2_PLACEMENT_3D('',#9595,#6759,#6760);
#5873=AXIS2_PLACEMENT_3D('',#9601,#6764,#6765);
#5874=AXIS2_PLACEMENT_3D('',#9607,#6769,#6770);
#5875=AXIS2_PLACEMENT_3D('',#9613,#6774,#6775);
#5876=AXIS2_PLACEMENT_3D('',#9619,#6779,#6780);
#5877=AXIS2_PLACEMENT_3D('',#9663,#6786,#6787);
#5878=AXIS2_PLACEMENT_3D('',#9675,#6789,#6790);
#5879=AXIS2_PLACEMENT_3D('',#9725,#6794,#6795);
#5880=AXIS2_PLACEMENT_3D('',#9731,#6799,#6800);
#5881=AXIS2_PLACEMENT_3D('',#9737,#6804,#6805);
#5882=AXIS2_PLACEMENT_3D('',#9743,#6809,#6810);
#5883=AXIS2_PLACEMENT_3D('',#9749,#6814,#6815);
#5884=AXIS2_PLACEMENT_3D('',#9755,#6819,#6820);
#5885=AXIS2_PLACEMENT_3D('',#9758,#6823,#6824);
#5886=AXIS2_PLACEMENT_3D('',#9759,#6825,#6826);
#5887=AXIS2_PLACEMENT_3D('',#10105,#6846,#6847);
#5888=AXIS2_PLACEMENT_3D('',#10111,#6851,#6852);
#5889=AXIS2_PLACEMENT_3D('',#10190,#6859,#6860);
#5890=AXIS2_PLACEMENT_3D('',#10191,#6861,#6862);
#5891=AXIS2_PLACEMENT_3D('',#10192,#6863,#6864);
#5892=AXIS2_PLACEMENT_3D('',#10195,#6865,#6866);
#5893=AXIS2_PLACEMENT_3D('',#10199,#6868,#6869);
#5894=AXIS2_PLACEMENT_3D('',#10201,#6871,#6872);
#5895=AXIS2_PLACEMENT_3D('',#10207,#6876,#6877);
#5896=AXIS2_PLACEMENT_3D('',#10211,#6879,#6880);
#5897=AXIS2_PLACEMENT_3D('',#10215,#6882,#6883);
#5898=AXIS2_PLACEMENT_3D('',#10218,#6885,#6886);
#5899=AXIS2_PLACEMENT_3D('',#10219,#6887,#6888);
#5900=AXIS2_PLACEMENT_3D('',#10221,#6889,#6890);
#5901=AXIS2_PLACEMENT_3D('',#10223,#6892,#6893);
#5902=AXIS2_PLACEMENT_3D('',#10227,#6896,#6897);
#5903=AXIS2_PLACEMENT_3D('',#10230,#6898,#6899);
#5904=AXIS2_PLACEMENT_3D('',#10233,#6902,#6903);
#5905=AXIS2_PLACEMENT_3D('',#10235,#6905,#6906);
#5906=AXIS2_PLACEMENT_3D('',#10237,#6907,#6908);
#5907=AXIS2_PLACEMENT_3D('',#10239,#6910,#6911);
#5908=AXIS2_PLACEMENT_3D('',#10241,#6913,#6914);
#5909=AXIS2_PLACEMENT_3D('placement',#10242,#6915,#6916);
#5910=AXIS2_PLACEMENT_3D('',#10243,#6917,#6918);
#5911=AXIS2_PLACEMENT_3D('',#10244,#6919,#6920);
#5912=AXIS2_PLACEMENT_3D('',#10245,#6921,#6922);
#5913=DIRECTION('axis',(0.,0.,1.));
#5914=DIRECTION('refdir',(1.,0.,0.));
#5915=DIRECTION('center_axis',(0.,1.,0.));
#5916=DIRECTION('ref_axis',(-0.656059028990508,0.,0.754709580222772));
#5917=DIRECTION('center_axis',(0.,1.,0.));
#5918=DIRECTION('ref_axis',(-0.99026806874157,0.,0.139173100960066));
#5919=DIRECTION('',(0.,1.,0.));
#5920=DIRECTION('center_axis',(0.,-1.,0.));
#5921=DIRECTION('ref_axis',(0.,0.,1.));
#5922=DIRECTION('',(0.,-1.,0.));
#5923=DIRECTION('center_axis',(1.,0.,0.));
#5924=DIRECTION('ref_axis',(0.,0.656059028990507,0.754709580222772));
#5925=DIRECTION('center_axis',(1.,0.,0.));
#5926=DIRECTION('ref_axis',(0.,0.99026806874157,0.139173100960066));
#5927=DIRECTION('',(1.,0.,0.));
#5928=DIRECTION('center_axis',(-1.,0.,0.));
#5929=DIRECTION('ref_axis',(0.,0.,1.));
#5930=DIRECTION('',(-1.,0.,0.));
#5931=DIRECTION('center_axis',(-0.319823861567041,-0.852793270944462,0.412863578684524));
#5932=DIRECTION('ref_axis',(-0.522248635260873,0.522248635260874,0.674175589840147));
#5933=DIRECTION('center_axis',(0.137844537491629,-0.137844537491629,0.980814848463989));
#5934=DIRECTION('ref_axis',(-0.693540830437342,0.693540830437344,0.194941614419708));
#5935=DIRECTION('center_axis',(0.,-1.,0.));
#5936=DIRECTION('ref_axis',(0.656059028990508,0.,0.754709580222772));
#5937=DIRECTION('center_axis',(0.,-1.,0.));
#5938=DIRECTION('ref_axis',(0.99026806874157,0.,0.139173100960066));
#5939=DIRECTION('',(0.,-1.,0.));
#5940=DIRECTION('center_axis',(0.,1.,0.));
#5941=DIRECTION('ref_axis',(0.,0.,1.));
#5942=DIRECTION('',(0.,1.,0.));
#5943=DIRECTION('center_axis',(0.319823861567041,-0.852793270944461,0.412863578684526));
#5944=DIRECTION('ref_axis',(0.522248635260873,0.522248635260875,0.674175589840146));
#5945=DIRECTION('center_axis',(-0.137844537491629,-0.137844537491629,0.980814848463989));
#5946=DIRECTION('ref_axis',(0.693540830437342,0.693540830437344,0.194941614419708));
#5947=DIRECTION('center_axis',(-1.,0.,0.));
#5948=DIRECTION('ref_axis',(0.,-0.656059028990507,0.754709580222772));
#5949=DIRECTION('center_axis',(-1.,0.,0.));
#5950=DIRECTION('ref_axis',(0.,-0.99026806874157,0.139173100960066));
#5951=DIRECTION('',(-1.,0.,0.));
#5952=DIRECTION('center_axis',(1.,0.,0.));
#5953=DIRECTION('ref_axis',(0.,0.,1.));
#5954=DIRECTION('',(1.,0.,0.));
#5955=DIRECTION('center_axis',(-0.319823861567041,-0.852793270944462,-0.412863578684523));
#5956=DIRECTION('ref_axis',(0.522248635260875,-0.522248635260873,0.674175589840146));
#5957=DIRECTION('center_axis',(-0.137844537491629,0.137844537491629,0.980814848463989));
#5958=DIRECTION('ref_axis',(0.693540830437342,-0.693540830437344,0.194941614419708));
#5959=DIRECTION('center_axis',(0.319823861567041,-0.852793270944461,-0.412863578684525));
#5960=DIRECTION('ref_axis',(-0.522248635260873,-0.522248635260875,0.674175589840146));
#5961=DIRECTION('center_axis',(0.137844537491629,0.137844537491629,0.980814848463989));
#5962=DIRECTION('ref_axis',(-0.693540830437342,-0.693540830437344,0.194941614419708));
#5963=DIRECTION('center_axis',(-0.137844537491629,-0.137844537491629,0.980814848463989));
#5964=DIRECTION('ref_axis',(0.693540830437342,0.693540830437344,0.194941614419707));
#5965=DIRECTION('',(0.137844537491629,0.137844537491629,-0.980814848463989));
#5966=DIRECTION('center_axis',(0.,0.,1.));
#5967=DIRECTION('ref_axis',(0.707106781186547,0.707106781186547,0.));
#5968=DIRECTION('',(-0.137844537491629,-0.137844537491629,0.980814848463989));
#5969=DIRECTION('center_axis',(0.99026806874157,0.,0.139173100960065));
#5970=DIRECTION('ref_axis',(0.139173100960065,0.,-0.99026806874157));
#5971=DIRECTION('',(-0.137844537491629,0.137844537491629,0.980814848463989));
#5972=DIRECTION('',(0.,1.,0.));
#5973=DIRECTION('center_axis',(-0.137844537491629,0.137844537491629,0.980814848463989));
#5974=DIRECTION('ref_axis',(0.693540830437341,-0.693540830437344,0.194941614419709));
#5975=DIRECTION('',(0.137844537491629,-0.137844537491629,-0.980814848463989));
#5976=DIRECTION('center_axis',(-6.74080145719081E-16,6.74080145719084E-16,
1.));
#5977=DIRECTION('ref_axis',(0.707106781186547,-0.707106781186547,9.53293284202359E-16));
#5978=DIRECTION('center_axis',(0.,-0.99026806874157,0.139173100960065));
#5979=DIRECTION('ref_axis',(0.,-0.139173100960065,-0.99026806874157));
#5980=DIRECTION('',(0.137844537491629,0.137844537491629,0.980814848463989));
#5981=DIRECTION('',(1.,0.,0.));
#5982=DIRECTION('center_axis',(0.,0.,1.));
#5983=DIRECTION('ref_axis',(1.,0.,0.));
#5984=DIRECTION('center_axis',(-1.,0.,0.));
#5985=DIRECTION('ref_axis',(0.,0.656059028990507,-0.754709580222772));
#5986=DIRECTION('center_axis',(-1.,0.,0.));
#5987=DIRECTION('ref_axis',(0.,0.99026806874157,-0.139173100960065));
#5988=DIRECTION('',(-1.,0.,0.));
#5989=DIRECTION('center_axis',(1.,0.,0.));
#5990=DIRECTION('ref_axis',(0.,0.,-1.));
#5991=DIRECTION('',(1.,0.,0.));
#5992=DIRECTION('center_axis',(0.,-1.,0.));
#5993=DIRECTION('ref_axis',(-0.656059028990508,0.,-0.754709580222771));
#5994=DIRECTION('center_axis',(0.,-1.,0.));
#5995=DIRECTION('ref_axis',(-0.99026806874157,0.,-0.139173100960065));
#5996=DIRECTION('',(0.,-1.,0.));
#5997=DIRECTION('center_axis',(0.,1.,0.));
#5998=DIRECTION('ref_axis',(0.,0.,-1.));
#5999=DIRECTION('',(0.,1.,0.));
#6000=DIRECTION('center_axis',(-0.319823861567041,-0.852793270944461,-0.412863578684525));
#6001=DIRECTION('ref_axis',(-0.522248635260873,0.522248635260875,-0.674175589840146));
#6002=DIRECTION('center_axis',(0.137844537491629,-0.137844537491629,-0.980814848463989));
#6003=DIRECTION('ref_axis',(-0.693540830437342,0.693540830437344,-0.194941614419708));
#6004=DIRECTION('center_axis',(1.,0.,0.));
#6005=DIRECTION('ref_axis',(0.,-0.656059028990507,-0.754709580222772));
#6006=DIRECTION('center_axis',(1.,0.,0.));
#6007=DIRECTION('ref_axis',(0.,-0.99026806874157,-0.139173100960065));
#6008=DIRECTION('',(1.,0.,0.));
#6009=DIRECTION('center_axis',(-1.,0.,0.));
#6010=DIRECTION('ref_axis',(0.,0.,-1.));
#6011=DIRECTION('',(-1.,0.,0.));
#6012=DIRECTION('center_axis',(0.319823861567041,-0.852793270944462,0.412863578684523));
#6013=DIRECTION('ref_axis',(-0.522248635260874,-0.522248635260875,-0.674175589840146));
#6014=DIRECTION('center_axis',(0.137844537491629,0.137844537491629,-0.980814848463989));
#6015=DIRECTION('ref_axis',(-0.693540830437344,-0.693540830437341,-0.194941614419708));
#6016=DIRECTION('center_axis',(0.,1.,0.));
#6017=DIRECTION('ref_axis',(0.656059028990508,0.,-0.754709580222771));
#6018=DIRECTION('center_axis',(0.,1.,0.));
#6019=DIRECTION('ref_axis',(0.99026806874157,0.,-0.139173100960065));
#6020=DIRECTION('',(0.,1.,0.));
#6021=DIRECTION('center_axis',(0.,-1.,0.));
#6022=DIRECTION('ref_axis',(0.,0.,-1.));
#6023=DIRECTION('',(0.,-1.,0.));
#6024=DIRECTION('center_axis',(-0.319823861567041,-0.852793270944462,0.412863578684524));
#6025=DIRECTION('ref_axis',(0.522248635260874,-0.522248635260875,-0.674175589840146));
#6026=DIRECTION('center_axis',(-0.137844537491629,0.137844537491629,-0.980814848463989));
#6027=DIRECTION('ref_axis',(0.693540830437342,-0.693540830437344,-0.194941614419708));
#6028=DIRECTION('center_axis',(0.319823861567041,-0.852793270944461,-0.412863578684526));
#6029=DIRECTION('ref_axis',(0.522248635260873,0.522248635260876,-0.674175589840146));
#6030=DIRECTION('center_axis',(-0.137844537491629,-0.137844537491629,-0.980814848463989));
#6031=DIRECTION('ref_axis',(0.693540830437342,0.693540830437344,-0.194941614419708));
#6032=DIRECTION('center_axis',(0.137844537491629,0.137844537491629,-0.980814848463989));
#6033=DIRECTION('ref_axis',(-0.693540830437344,-0.693540830437342,-0.194941614419707));
#6034=DIRECTION('',(-0.137844537491629,-0.137844537491629,0.980814848463989));
#6035=DIRECTION('center_axis',(5.39264116575266E-15,5.39264116575266E-15,
1.));
#6036=DIRECTION('ref_axis',(-0.707106781186547,-0.707106781186547,7.62634627361887E-15));
#6037=DIRECTION('',(0.137844537491629,0.137844537491629,-0.980814848463989));
#6038=DIRECTION('center_axis',(0.,-0.99026806874157,-0.139173100960065));
#6039=DIRECTION('ref_axis',(0.,0.139173100960065,-0.99026806874157));
#6040=DIRECTION('',(-0.137844537491629,0.137844537491629,-0.980814848463989));
#6041=DIRECTION('center_axis',(0.137844537491629,-0.137844537491629,0.980814848463989));
#6042=DIRECTION('ref_axis',(0.693540830437342,-0.693540830437344,-0.194941614419708));
#6043=DIRECTION('',(0.137844537491629,-0.137844537491629,0.980814848463989));
#6044=DIRECTION('center_axis',(0.99026806874157,0.,-0.139173100960065));
#6045=DIRECTION('ref_axis',(-0.139173100960065,0.,-0.99026806874157));
#6046=DIRECTION('',(-0.137844537491629,-0.137844537491629,-0.980814848463989));
#6047=DIRECTION('center_axis',(0.,0.,1.));
#6048=DIRECTION('ref_axis',(1.,0.,0.));
#6049=DIRECTION('center_axis',(0.137844537491629,0.137844537491629,0.980814848463989));
#6050=DIRECTION('ref_axis',(0.693540830437342,0.693540830437344,-0.194941614419708));
#6051=DIRECTION('',(0.137844537491629,0.137844537491629,0.980814848463989));
#6052=DIRECTION('center_axis',(0.,0.99026806874157,0.139173100960065));
#6053=DIRECTION('ref_axis',(0.,-0.139173100960065,0.99026806874157));
#6054=DIRECTION('',(-1.,0.,0.));
#6055=DIRECTION('',(-0.137844537491629,0.137844537491629,-0.980814848463989));
#6056=DIRECTION('center_axis',(0.,0.99026806874157,-0.139173100960065));
#6057=DIRECTION('ref_axis',(0.,0.139173100960065,0.99026806874157));
#6058=DIRECTION('',(0.137844537491629,-0.137844537491629,-0.980814848463989));
#6059=DIRECTION('center_axis',(-0.137844537491629,0.137844537491629,-0.980814848463989));
#6060=DIRECTION('ref_axis',(-0.693540830437342,0.693540830437343,0.194941614419709));
#6061=DIRECTION('center_axis',(0.,0.,1.));
#6062=DIRECTION('ref_axis',(0.707106781186547,-0.707106781186547,0.));
#6063=DIRECTION('',(0.137844537491629,-0.137844537491629,0.980814848463989));
#6064=DIRECTION('center_axis',(0.137844537491629,-0.137844537491629,-0.980814848463989));
#6065=DIRECTION('ref_axis',(-0.693540830437342,0.693540830437344,-0.194941614419708));
#6066=DIRECTION('',(-0.137844537491629,0.137844537491629,0.980814848463989));
#6067=DIRECTION('center_axis',(-0.99026806874157,0.,0.139173100960065));
#6068=DIRECTION('ref_axis',(0.139173100960065,0.,0.99026806874157));
#6069=DIRECTION('',(0.,-1.,0.));
#6070=DIRECTION('',(-0.137844537491629,-0.137844537491629,-0.980814848463989));
#6071=DIRECTION('center_axis',(-0.99026806874157,0.,-0.139173100960065));
#6072=DIRECTION('ref_axis',(-0.139173100960065,0.,0.99026806874157));
#6073=DIRECTION('center_axis',(0.137844537491629,0.137844537491629,0.980814848463989));
#6074=DIRECTION('ref_axis',(-0.693540830437342,-0.693540830437344,0.194941614419707));
#6075=DIRECTION('axis',(0.,0.,1.));
#6076=DIRECTION('refdir',(1.,0.,0.));
#6077=DIRECTION('center_axis',(1.,0.,0.));
#6078=DIRECTION('ref_axis',(0.,1.,0.));
#6079=DIRECTION('',(0.,-1.,0.));
#6080=DIRECTION('',(0.,0.,1.));
#6081=DIRECTION('',(0.,1.,0.));
#6082=DIRECTION('',(0.,0.,-1.));
#6083=DIRECTION('center_axis',(0.,0.,1.));
#6084=DIRECTION('ref_axis',(1.,0.,0.));
#6085=DIRECTION('',(-0.997564050259824,-0.0697564737441255,0.));
#6086=DIRECTION('center_axis',(0.,0.,1.));
#6087=DIRECTION('ref_axis',(0.628103583769624,-0.778129737290483,0.));
#6088=DIRECTION('',(-0.27864426519226,-0.960394384341904,0.));
#6089=DIRECTION('center_axis',(0.,0.,-1.));
#6090=DIRECTION('ref_axis',(-0.600564623836495,0.799576220629484,0.));
#6091=DIRECTION('',(-1.,0.,0.));
#6092=DIRECTION('',(0.,-1.,0.));
#6093=DIRECTION('',(-1.,0.,0.));
#6094=DIRECTION('center_axis',(0.,0.,1.));
#6095=DIRECTION('ref_axis',(-0.600564623836494,0.799576220629484,0.));
#6096=DIRECTION('',(0.27864426519226,0.960394384341904,0.));
#6097=DIRECTION('center_axis',(0.,0.,-1.));
#6098=DIRECTION('ref_axis',(0.628103583769623,-0.778129737290483,0.));
#6099=DIRECTION('',(0.997564050259824,0.0697564737441256,0.));
#6100=DIRECTION('center_axis',(1.,0.,0.));
#6101=DIRECTION('ref_axis',(0.,0.,-1.));
#6102=DIRECTION('',(0.,1.,0.));
#6103=DIRECTION('',(0.,0.,1.));
#6104=DIRECTION('',(0.,0.,-1.));
#6105=DIRECTION('center_axis',(0.,1.,0.));
#6106=DIRECTION('ref_axis',(-1.,0.,0.));
#6107=DIRECTION('',(-1.,0.,0.));
#6108=DIRECTION('',(0.,0.,1.));
#6109=DIRECTION('center_axis',(0.,0.,-1.));
#6110=DIRECTION('ref_axis',(-1.,0.,0.));
#6111=DIRECTION('',(-0.997564050259824,-0.0697564737441256,0.));
#6112=DIRECTION('center_axis',(0.,0.,1.));
#6113=DIRECTION('ref_axis',(0.628103583769623,-0.778129737290483,0.));
#6114=DIRECTION('',(-0.27864426519226,-0.960394384341904,0.));
#6115=DIRECTION('center_axis',(0.,0.,-1.));
#6116=DIRECTION('ref_axis',(-0.600564623836494,0.799576220629484,0.));
#6117=DIRECTION('',(-1.,0.,0.));
#6118=DIRECTION('center_axis',(0.,0.,1.));
#6119=DIRECTION('ref_axis',(-0.600564623836495,0.799576220629484,0.));
#6120=DIRECTION('',(0.27864426519226,0.960394384341904,0.));
#6121=DIRECTION('center_axis',(0.,0.,-1.));
#6122=DIRECTION('ref_axis',(0.628103583769624,-0.778129737290483,0.));
#6123=DIRECTION('',(0.997564050259824,0.0697564737441255,0.));
#6124=DIRECTION('center_axis',(0.,0.,-1.));
#6125=DIRECTION('ref_axis',(-0.600564623836494,0.799576220629484,0.));
#6126=DIRECTION('',(0.,0.,-1.));
#6127=DIRECTION('center_axis',(0.960394384341904,-0.27864426519226,0.));
#6128=DIRECTION('ref_axis',(0.27864426519226,0.960394384341904,0.));
#6129=DIRECTION('',(0.,0.,1.));
#6130=DIRECTION('center_axis',(0.,0.,1.));
#6131=DIRECTION('ref_axis',(0.628103583769624,-0.778129737290483,0.));
#6132=DIRECTION('',(0.,0.,-1.));
#6133=DIRECTION('',(0.,0.,1.));
#6134=DIRECTION('center_axis',(-0.0697564737441255,0.997564050259824,0.));
#6135=DIRECTION('ref_axis',(-0.997564050259824,-0.0697564737441255,0.));
#6136=DIRECTION('center_axis',(0.,0.,-1.));
#6137=DIRECTION('ref_axis',(-0.600564623836495,0.799576220629484,0.));
#6138=DIRECTION('',(0.,0.,-1.));
#6139=DIRECTION('',(0.,0.,1.));
#6140=DIRECTION('center_axis',(-0.960394384341904,0.27864426519226,0.));
#6141=DIRECTION('ref_axis',(-0.27864426519226,-0.960394384341904,0.));
#6142=DIRECTION('center_axis',(0.,0.,-1.));
#6143=DIRECTION('ref_axis',(0.628103583769623,-0.778129737290483,0.));
#6144=DIRECTION('',(0.,0.,-1.));
#6145=DIRECTION('center_axis',(0.0697564737441256,-0.997564050259824,0.));
#6146=DIRECTION('ref_axis',(0.997564050259824,0.0697564737441256,0.));
#6147=DIRECTION('center_axis',(0.,-1.,0.));
#6148=DIRECTION('ref_axis',(1.,0.,0.));
#6149=DIRECTION('center_axis',(0.,-1.,0.));
#6150=DIRECTION('ref_axis',(1.,0.,0.));
#6151=DIRECTION('',(0.,0.,-1.));
#6152=DIRECTION('',(-1.,0.,0.));
#6153=DIRECTION('',(0.,0.,-1.));
#6154=DIRECTION('',(-1.,0.,0.));
#6155=DIRECTION('center_axis',(0.0697564737441256,-0.997564050259824,0.));
#6156=DIRECTION('ref_axis',(0.997564050259824,0.0697564737441256,0.));
#6157=DIRECTION('',(0.,0.,1.));
#6158=DIRECTION('',(0.997564050259824,0.0697564737441256,0.));
#6159=DIRECTION('',(0.,0.,-1.));
#6160=DIRECTION('',(-0.997564050259824,-0.0697564737441256,0.));
#6161=DIRECTION('center_axis',(0.,0.,-1.));
#6162=DIRECTION('ref_axis',(0.628103583769623,-0.778129737290483,0.));
#6163=DIRECTION('center_axis',(0.,0.,1.));
#6164=DIRECTION('ref_axis',(0.628103583769623,-0.778129737290483,0.));
#6165=DIRECTION('center_axis',(0.,0.,-1.));
#6166=DIRECTION('ref_axis',(0.628103583769623,-0.778129737290483,0.));
#6167=DIRECTION('',(0.,0.,1.));
#6168=DIRECTION('center_axis',(-0.960394384341904,0.27864426519226,0.));
#6169=DIRECTION('ref_axis',(-0.27864426519226,-0.960394384341904,0.));
#6170=DIRECTION('',(0.,0.,-1.));
#6171=DIRECTION('',(0.27864426519226,0.960394384341904,0.));
#6172=DIRECTION('',(0.,0.,1.));
#6173=DIRECTION('',(-0.27864426519226,-0.960394384341904,0.));
#6174=DIRECTION('center_axis',(0.,0.,-1.));
#6175=DIRECTION('ref_axis',(-0.600564623836495,0.799576220629484,0.));
#6176=DIRECTION('center_axis',(0.,0.,1.));
#6177=DIRECTION('ref_axis',(-0.600564623836495,0.799576220629484,0.));
#6178=DIRECTION('center_axis',(0.,0.,-1.));
#6179=DIRECTION('ref_axis',(-0.600564623836495,0.799576220629484,0.));
#6180=DIRECTION('center_axis',(-0.0697564737441255,0.997564050259824,0.));
#6181=DIRECTION('ref_axis',(-0.997564050259824,-0.0697564737441255,0.));
#6182=DIRECTION('',(0.,0.,1.));
#6183=DIRECTION('',(-0.997564050259824,-0.0697564737441255,0.));
#6184=DIRECTION('',(0.,0.,-1.));
#6185=DIRECTION('',(0.997564050259824,0.0697564737441255,0.));
#6186=DIRECTION('center_axis',(0.,0.,1.));
#6187=DIRECTION('ref_axis',(0.628103583769624,-0.778129737290483,0.));
#6188=DIRECTION('center_axis',(0.,0.,-1.));
#6189=DIRECTION('ref_axis',(0.628103583769624,-0.778129737290483,0.));
#6190=DIRECTION('center_axis',(0.,0.,1.));
#6191=DIRECTION('ref_axis',(0.628103583769624,-0.778129737290483,0.));
#6192=DIRECTION('center_axis',(0.960394384341904,-0.27864426519226,0.));
#6193=DIRECTION('ref_axis',(0.27864426519226,0.960394384341904,0.));
#6194=DIRECTION('',(0.,0.,-1.));
#6195=DIRECTION('',(-0.27864426519226,-0.960394384341904,0.));
#6196=DIRECTION('',(0.27864426519226,0.960394384341904,0.));
#6197=DIRECTION('center_axis',(0.,0.,-1.));
#6198=DIRECTION('ref_axis',(-0.600564623836494,0.799576220629484,0.));
#6199=DIRECTION('center_axis',(0.,0.,1.));
#6200=DIRECTION('ref_axis',(-0.600564623836494,0.799576220629484,0.));
#6201=DIRECTION('',(0.,0.,1.));
#6202=DIRECTION('center_axis',(0.,0.,-1.));
#6203=DIRECTION('ref_axis',(-0.600564623836494,0.799576220629484,0.));
#6204=DIRECTION('center_axis',(0.,0.,-1.));
#6205=DIRECTION('ref_axis',(-1.,0.,0.));
#6206=DIRECTION('',(0.,1.,0.));
#6207=DIRECTION('',(-1.,0.,0.));
#6208=DIRECTION('',(0.,1.,0.));
#6209=DIRECTION('center_axis',(0.,1.,0.));
#6210=DIRECTION('ref_axis',(-1.,0.,0.));
#6211=DIRECTION('',(0.,0.,1.));
#6212=DIRECTION('',(-1.,0.,0.));
#6213=DIRECTION('center_axis',(1.,0.,0.));
#6214=DIRECTION('ref_axis',(0.,0.,-1.));
#6215=DIRECTION('',(0.,-1.,0.));
#6216=DIRECTION('center_axis',(0.,0.,1.));
#6217=DIRECTION('ref_axis',(1.,0.,0.));
#6218=DIRECTION('',(0.,-1.,0.));
#6219=DIRECTION('center_axis',(1.,0.,0.));
#6220=DIRECTION('ref_axis',(0.,1.,0.));
#6221=DIRECTION('center_axis',(-1.,0.,0.));
#6222=DIRECTION('ref_axis',(0.,-1.,0.));
#6223=DIRECTION('',(0.,1.,0.));
#6224=DIRECTION('',(0.,0.,-1.));
#6225=DIRECTION('',(0.,-1.,0.));
#6226=DIRECTION('',(0.,0.,-1.));
#6227=DIRECTION('center_axis',(0.,0.,-1.));
#6228=DIRECTION('ref_axis',(-1.,0.,0.));
#6229=DIRECTION('',(-0.997564050259824,0.0697564737441255,0.));
#6230=DIRECTION('center_axis',(0.,0.,1.));
#6231=DIRECTION('ref_axis',(-0.628103583769624,-0.778129737290483,0.));
#6232=DIRECTION('',(-0.27864426519226,0.960394384341904,0.));
#6233=DIRECTION('center_axis',(0.,0.,-1.));
#6234=DIRECTION('ref_axis',(0.600564623836495,0.799576220629484,0.));
#6235=DIRECTION('',(-1.,0.,0.));
#6236=DIRECTION('',(0.,-1.,0.));
#6237=DIRECTION('',(-1.,0.,0.));
#6238=DIRECTION('center_axis',(0.,0.,1.));
#6239=DIRECTION('ref_axis',(0.600564623836494,0.799576220629484,0.));
#6240=DIRECTION('',(0.27864426519226,-0.960394384341904,0.));
#6241=DIRECTION('center_axis',(0.,0.,-1.));
#6242=DIRECTION('ref_axis',(-0.628103583769623,-0.778129737290483,0.));
#6243=DIRECTION('',(0.997564050259824,-0.0697564737441256,0.));
#6244=DIRECTION('center_axis',(0.,1.,0.));
#6245=DIRECTION('ref_axis',(-1.,0.,0.));
#6246=DIRECTION('',(0.,0.,-1.));
#6247=DIRECTION('',(-1.,0.,0.));
#6248=DIRECTION('',(0.,0.,1.));
#6249=DIRECTION('center_axis',(0.0697564737441256,0.997564050259824,0.));
#6250=DIRECTION('ref_axis',(-0.997564050259824,0.0697564737441256,0.));
#6251=DIRECTION('',(0.,0.,-1.));
#6252=DIRECTION('',(-0.997564050259824,0.0697564737441256,0.));
#6253=DIRECTION('center_axis',(0.,0.,1.));
#6254=DIRECTION('ref_axis',(-0.628103583769623,-0.778129737290483,0.));
#6255=DIRECTION('',(0.,0.,1.));
#6256=DIRECTION('center_axis',(0.,0.,1.));
#6257=DIRECTION('ref_axis',(-0.628103583769623,-0.778129737290483,0.));
#6258=DIRECTION('center_axis',(-0.960394384341904,-0.27864426519226,0.));
#6259=DIRECTION('ref_axis',(0.27864426519226,-0.960394384341904,0.));
#6260=DIRECTION('',(0.,0.,-1.));
#6261=DIRECTION('',(0.27864426519226,-0.960394384341904,0.));
#6262=DIRECTION('',(0.,0.,1.));
#6263=DIRECTION('center_axis',(0.,0.,1.));
#6264=DIRECTION('ref_axis',(0.600564623836495,0.799576220629484,0.));
#6265=DIRECTION('center_axis',(0.,0.,1.));
#6266=DIRECTION('ref_axis',(0.600564623836495,0.799576220629484,0.));
#6267=DIRECTION('',(0.,0.,-1.));
#6268=DIRECTION('center_axis',(-0.0697564737441255,-0.997564050259824,0.));
#6269=DIRECTION('ref_axis',(0.997564050259824,-0.0697564737441255,0.));
#6270=DIRECTION('',(0.,0.,1.));
#6271=DIRECTION('',(0.997564050259824,-0.0697564737441255,0.));
#6272=DIRECTION('center_axis',(0.,0.,-1.));
#6273=DIRECTION('ref_axis',(-0.628103583769624,-0.778129737290483,0.));
#6274=DIRECTION('center_axis',(0.,0.,-1.));
#6275=DIRECTION('ref_axis',(-0.628103583769624,-0.778129737290483,0.));
#6276=DIRECTION('center_axis',(0.,0.,1.));
#6277=DIRECTION('ref_axis',(1.,0.,0.));
#6278=DIRECTION('',(-0.27864426519226,0.960394384341904,0.));
#6279=DIRECTION('center_axis',(0.,0.,-1.));
#6280=DIRECTION('ref_axis',(0.600564623836494,0.799576220629484,0.));
#6281=DIRECTION('',(0.,1.,0.));
#6282=DIRECTION('',(-1.,0.,0.));
#6283=DIRECTION('center_axis',(0.960394384341904,0.27864426519226,0.));
#6284=DIRECTION('ref_axis',(-0.27864426519226,0.960394384341904,0.));
#6285=DIRECTION('',(0.,0.,-1.));
#6286=DIRECTION('center_axis',(0.,0.,1.));
#6287=DIRECTION('ref_axis',(0.600564623836494,0.799576220629484,0.));
#6288=DIRECTION('center_axis',(0.,-1.,0.));
#6289=DIRECTION('ref_axis',(1.,0.,0.));
#6290=DIRECTION('',(0.,0.,1.));
#6291=DIRECTION('center_axis',(-1.,0.,0.));
#6292=DIRECTION('ref_axis',(0.,0.,1.));
#6293=DIRECTION('axis',(0.,0.,1.));
#6294=DIRECTION('refdir',(1.,0.,0.));
#6295=DIRECTION('',(0.,0.,1.));
#6296=DIRECTION('',(0.,0.,1.));
#6297=DIRECTION('',(0.,0.,1.));
#6298=DIRECTION('',(0.,0.,1.));
#6299=DIRECTION('',(0.,0.,1.));
#6300=DIRECTION('center_axis',(-0.955454517740445,0.295138381999654,0.));
#6301=DIRECTION('ref_axis',(-0.295138381999654,-0.955454517740445,0.));
#6302=DIRECTION('',(-0.295138381999654,-0.955454517740445,0.));
#6303=DIRECTION('',(0.,0.,1.));
#6304=DIRECTION('',(0.295138381999654,0.955454517740445,0.));
#6305=DIRECTION('center_axis',(0.00276066945039811,0.999996189344832,0.));
#6306=DIRECTION('ref_axis',(-0.999996189344832,0.00276066945039811,0.));
#6307=DIRECTION('',(-0.999996189344832,0.0027606694503981,0.));
#6308=DIRECTION('',(0.,0.,1.));
#6309=DIRECTION('',(0.999996189344832,-0.0027606694503981,0.));
#6310=DIRECTION('',(0.,0.,1.));
#6311=DIRECTION('center_axis',(0.00400046898993117,-0.999991998091915,0.));
#6312=DIRECTION('ref_axis',(0.999991998091915,0.00400046898993117,0.));
#6313=DIRECTION('',(0.999991998091915,0.00400046898993117,0.));
#6314=DIRECTION('',(0.,0.,1.));
#6315=DIRECTION('',(-0.999991998091915,-0.00400046898993117,0.));
#6316=DIRECTION('',(0.,0.,1.));
#6317=DIRECTION('',(0.,0.,1.));
#6318=DIRECTION('',(0.,0.,1.));
#6319=DIRECTION('',(0.,0.,1.));
#6320=DIRECTION('center_axis',(-0.956816845326918,0.290691459280531,0.));
#6321=DIRECTION('ref_axis',(-0.290691459280531,-0.956816845326918,0.));
#6322=DIRECTION('',(-0.290691459280531,-0.956816845326918,0.));
#6323=DIRECTION('',(0.,0.,1.));
#6324=DIRECTION('',(0.290691459280531,0.956816845326918,0.));
#6325=DIRECTION('center_axis',(0.,1.,0.));
#6326=DIRECTION('ref_axis',(-1.,0.,0.));
#6327=DIRECTION('',(-1.,0.,0.));
#6328=DIRECTION('',(0.,0.,1.));
#6329=DIRECTION('',(1.,0.,0.));
#6330=DIRECTION('',(0.,0.,1.));
#6331=DIRECTION('',(0.,0.,1.));
#6332=DIRECTION('',(0.,0.,1.));
#6333=DIRECTION('center_axis',(0.371840776464766,-0.92829652426263,0.));
#6334=DIRECTION('ref_axis',(0.92829652426263,0.371840776464766,0.));
#6335=DIRECTION('',(0.92829652426263,0.371840776464766,0.));
#6336=DIRECTION('',(-0.92829652426263,-0.371840776464766,0.));
#6337=DIRECTION('',(0.,0.,1.));
#6338=DIRECTION('',(0.,0.,1.));
#6339=DIRECTION('',(0.,0.,1.));
#6340=DIRECTION('',(0.,0.,1.));
#6341=DIRECTION('',(0.,0.,1.));
#6342=DIRECTION('',(0.,0.,1.));
#6343=DIRECTION('',(0.,0.,1.));
#6344=DIRECTION('',(0.,0.,1.));
#6345=DIRECTION('',(0.,0.,1.));
#6346=DIRECTION('',(0.,0.,1.));
#6347=DIRECTION('',(0.,0.,1.));
#6348=DIRECTION('center_axis',(0.,-1.,0.));
#6349=DIRECTION('ref_axis',(1.,0.,0.));
#6350=DIRECTION('',(1.,0.,0.));
#6351=DIRECTION('',(1.,0.,0.));
#6352=DIRECTION('',(0.,0.,1.));
#6353=DIRECTION('center_axis',(0.960833548962695,-0.27712612866302,0.));
#6354=DIRECTION('ref_axis',(0.27712612866302,0.960833548962695,0.));
#6355=DIRECTION('',(0.27712612866302,0.960833548962695,0.));
#6356=DIRECTION('',(0.27712612866302,0.960833548962695,0.));
#6357=DIRECTION('',(0.,0.,1.));
#6358=DIRECTION('',(0.,0.,1.));
#6359=DIRECTION('',(0.,0.,1.));
#6360=DIRECTION('',(0.,0.,1.));
#6361=DIRECTION('',(0.,0.,1.));
#6362=DIRECTION('',(0.,0.,1.));
#6363=DIRECTION('',(0.,0.,1.));
#6364=DIRECTION('',(0.,0.,1.));
#6365=DIRECTION('',(0.,0.,1.));
#6366=DIRECTION('',(0.,0.,1.));
#6367=DIRECTION('center_axis',(0.,-1.,0.));
#6368=DIRECTION('ref_axis',(1.,0.,0.));
#6369=DIRECTION('',(1.,0.,0.));
#6370=DIRECTION('',(1.,0.,0.));
#6371=DIRECTION('',(0.,0.,1.));
#6372=DIRECTION('center_axis',(-1.,0.,0.));
#6373=DIRECTION('ref_axis',(0.,-1.,0.));
#6374=DIRECTION('',(0.,-1.,0.));
#6375=DIRECTION('',(0.,-1.,0.));
#6376=DIRECTION('',(0.,0.,1.));
#6377=DIRECTION('center_axis',(0.00224979868862965,0.999997469199728,0.));
#6378=DIRECTION('ref_axis',(-0.999997469199728,0.00224979868862965,0.));
#6379=DIRECTION('',(-0.999997469199728,0.00224979868862965,0.));
#6380=DIRECTION('',(-0.999997469199728,0.00224979868862965,0.));
#6381=DIRECTION('center_axis',(0.,0.,1.));
#6382=DIRECTION('ref_axis',(1.,0.,0.));
#6383=DIRECTION('center_axis',(0.,0.,1.));
#6384=DIRECTION('ref_axis',(1.,0.,0.));
#6385=DIRECTION('',(0.,0.,1.));
#6386=DIRECTION('',(0.,0.,1.));
#6387=DIRECTION('',(0.,0.,1.));
#6388=DIRECTION('',(0.,0.,1.));
#6389=DIRECTION('',(0.,0.,1.));
#6390=DIRECTION('center_axis',(-0.999916576428669,0.0129166630043841,0.));
#6391=DIRECTION('ref_axis',(-0.0129166630043841,-0.999916576428669,0.));
#6392=DIRECTION('',(-0.0129166630043841,-0.999916576428669,0.));
#6393=DIRECTION('',(0.,0.,1.));
#6394=DIRECTION('',(0.0129166630043841,0.999916576428669,0.));
#6395=DIRECTION('center_axis',(-0.00311105637302997,0.999995160652412,0.));
#6396=DIRECTION('ref_axis',(-0.999995160652412,-0.00311105637302998,0.));
#6397=DIRECTION('',(-0.999995160652412,-0.00311105637302997,0.));
#6398=DIRECTION('',(0.,0.,1.));
#6399=DIRECTION('',(0.999995160652412,0.00311105637302997,0.));
#6400=DIRECTION('center_axis',(-0.00817943090069871,0.999966547895549,0.));
#6401=DIRECTION('ref_axis',(-0.999966547895549,-0.00817943090069871,0.));
#6402=DIRECTION('',(-0.999966547895549,-0.00817943090069871,0.));
#6403=DIRECTION('',(0.,0.,1.));
#6404=DIRECTION('',(-0.999966547895549,-0.00817943090069871,0.));
#6405=DIRECTION('',(0.,0.,1.));
#6406=DIRECTION('center_axis',(-0.999992461985952,-0.00388277880830092,
0.));
#6407=DIRECTION('ref_axis',(0.0038827788083009,-0.999992461985952,0.));
#6408=DIRECTION('',(0.00388277880830092,-0.999992461985952,0.));
#6409=DIRECTION('',(0.00388277880830092,-0.999992461985952,0.));
#6410=DIRECTION('',(0.,0.,1.));
#6411=DIRECTION('center_axis',(-0.999992465649141,-0.00388183525551235,
0.));
#6412=DIRECTION('ref_axis',(0.00388183525551233,-0.999992465649141,0.));
#6413=DIRECTION('',(0.00388183525551235,-0.999992465649141,0.));
#6414=DIRECTION('',(0.00388183525551235,-0.999992465649141,0.));
#6415=DIRECTION('',(0.,0.,1.));
#6416=DIRECTION('center_axis',(-0.0156230930004693,-0.999877952034697,0.));
#6417=DIRECTION('ref_axis',(0.999877952034696,-0.0156230930004693,0.));
#6418=DIRECTION('',(0.999877952034696,-0.0156230930004693,0.));
#6419=DIRECTION('',(0.999877952034696,-0.0156230930004693,0.));
#6420=DIRECTION('',(0.,0.,1.));
#6421=DIRECTION('center_axis',(-1.,0.,0.));
#6422=DIRECTION('ref_axis',(0.,-1.,0.));
#6423=DIRECTION('',(0.,-1.,0.));
#6424=DIRECTION('',(0.,-1.,0.));
#6425=DIRECTION('',(0.,0.,1.));
#6426=DIRECTION('center_axis',(-0.00199341709012934,0.999998013142179,0.));
#6427=DIRECTION('ref_axis',(-0.999998013142179,-0.00199341709012934,0.));
#6428=DIRECTION('',(-0.999998013142179,-0.00199341709012934,0.));
#6429=DIRECTION('',(-0.999998013142179,-0.00199341709012934,0.));
#6430=DIRECTION('',(0.,0.,1.));
#6431=DIRECTION('',(0.,0.,1.));
#6432=DIRECTION('',(0.,0.,1.));
#6433=DIRECTION('',(0.,0.,1.));
#6434=DIRECTION('',(0.,0.,1.));
#6435=DIRECTION('',(0.,0.,1.));
#6436=DIRECTION('',(0.,0.,1.));
#6437=DIRECTION('',(0.,0.,1.));
#6438=DIRECTION('',(0.,0.,1.));
#6439=DIRECTION('',(0.,0.,1.));
#6440=DIRECTION('',(0.,0.,1.));
#6441=DIRECTION('center_axis',(-0.999415929970083,0.0341730730551684,0.));
#6442=DIRECTION('ref_axis',(-0.0341730730551684,-0.999415929970083,0.));
#6443=DIRECTION('',(-0.0341730730551684,-0.999415929970083,0.));
#6444=DIRECTION('',(-0.0341730730551684,-0.999415929970083,0.));
#6445=DIRECTION('',(0.,0.,1.));
#6446=DIRECTION('center_axis',(-0.00999187386296142,0.999950079982349,0.));
#6447=DIRECTION('ref_axis',(-0.999950079982349,-0.00999187386296142,0.));
#6448=DIRECTION('',(-0.999950079982349,-0.00999187386296142,0.));
#6449=DIRECTION('',(-0.999950079982349,-0.00999187386296142,0.));
#6450=DIRECTION('',(0.,0.,1.));
#6451=DIRECTION('center_axis',(0.994489108266762,0.104839942477953,0.));
#6452=DIRECTION('ref_axis',(-0.104839942477953,0.994489108266762,0.));
#6453=DIRECTION('',(-0.104839942477953,0.994489108266762,0.));
#6454=DIRECTION('',(-0.104839942477953,0.994489108266762,0.));
#6455=DIRECTION('',(0.,0.,1.));
#6456=DIRECTION('',(0.,0.,1.));
#6457=DIRECTION('',(0.,0.,1.));
#6458=DIRECTION('',(0.,0.,1.));
#6459=DIRECTION('',(0.,0.,1.));
#6460=DIRECTION('',(0.,0.,1.));
#6461=DIRECTION('',(0.,0.,1.));
#6462=DIRECTION('',(0.,0.,1.));
#6463=DIRECTION('',(0.,0.,1.));
#6464=DIRECTION('center_axis',(-0.358920737716078,-0.933368043184116,0.));
#6465=DIRECTION('ref_axis',(0.933368043184116,-0.358920737716078,0.));
#6466=DIRECTION('',(0.933368043184116,-0.358920737716078,0.));
#6467=DIRECTION('',(0.933368043184116,-0.358920737716078,0.));
#6468=DIRECTION('',(0.,0.,1.));
#6469=DIRECTION('center_axis',(-0.00875957771164489,-0.999961634163188,
0.));
#6470=DIRECTION('ref_axis',(0.999961634163188,-0.00875957771164489,0.));
#6471=DIRECTION('',(0.999961634163188,-0.00875957771164489,0.));
#6472=DIRECTION('',(0.999961634163188,-0.00875957771164489,0.));
#6473=DIRECTION('',(0.,0.,1.));
#6474=DIRECTION('center_axis',(1.,0.,0.));
#6475=DIRECTION('ref_axis',(0.,1.,0.));
#6476=DIRECTION('',(0.,1.,0.));
#6477=DIRECTION('',(0.,1.,0.));
#6478=DIRECTION('',(0.,0.,1.));
#6479=DIRECTION('center_axis',(0.00831614942742569,0.99996542023147,0.));
#6480=DIRECTION('ref_axis',(-0.99996542023147,0.00831614942742569,0.));
#6481=DIRECTION('',(-0.99996542023147,0.00831614942742569,0.));
#6482=DIRECTION('',(-0.99996542023147,0.00831614942742569,0.));
#6483=DIRECTION('',(0.,0.,1.));
#6484=DIRECTION('center_axis',(0.999952399036441,0.00975703137571171,0.));
#6485=DIRECTION('ref_axis',(-0.00975703137571173,0.999952399036441,0.));
#6486=DIRECTION('',(-0.00975703137571171,0.999952399036441,0.));
#6487=DIRECTION('',(-0.00975703137571171,0.999952399036441,0.));
#6488=DIRECTION('',(0.,0.,1.));
#6489=DIRECTION('center_axis',(-0.00264891133490643,-0.999996491628216,
0.));
#6490=DIRECTION('ref_axis',(0.999996491628216,-0.00264891133490643,0.));
#6491=DIRECTION('',(0.999996491628216,-0.00264891133490643,0.));
#6492=DIRECTION('',(0.999996491628216,-0.00264891133490643,0.));
#6493=DIRECTION('',(0.,0.,1.));
#6494=DIRECTION('center_axis',(-1.,0.,0.));
#6495=DIRECTION('ref_axis',(0.,-1.,0.));
#6496=DIRECTION('',(0.,-1.,0.));
#6497=DIRECTION('',(0.,-1.,0.));
#6498=DIRECTION('center_axis',(0.,0.,1.));
#6499=DIRECTION('ref_axis',(1.,0.,0.));
#6500=DIRECTION('center_axis',(0.,0.,1.));
#6501=DIRECTION('ref_axis',(1.,0.,0.));
#6502=DIRECTION('center_axis',(0.,1.,0.));
#6503=DIRECTION('ref_axis',(-1.,0.,0.));
#6504=DIRECTION('',(-1.,0.,0.));
#6505=DIRECTION('',(0.,0.,1.));
#6506=DIRECTION('',(-1.,0.,0.));
#6507=DIRECTION('',(0.,0.,1.));
#6508=DIRECTION('center_axis',(0.982851252788714,0.184400148838487,0.));
#6509=DIRECTION('ref_axis',(-0.184400148838487,0.982851252788714,0.));
#6510=DIRECTION('',(-0.184400148838487,0.982851252788714,0.));
#6511=DIRECTION('',(-0.184400148838487,0.982851252788714,0.));
#6512=DIRECTION('',(0.,0.,1.));
#6513=DIRECTION('',(0.,0.,1.));
#6514=DIRECTION('',(0.,0.,1.));
#6515=DIRECTION('',(0.,0.,1.));
#6516=DIRECTION('',(0.,0.,1.));
#6517=DIRECTION('',(0.,0.,1.));
#6518=DIRECTION('',(0.,0.,1.));
#6519=DIRECTION('',(0.,0.,1.));
#6520=DIRECTION('',(0.,0.,1.));
#6521=DIRECTION('',(0.,0.,1.));
#6522=DIRECTION('',(0.,0.,1.));
#6523=DIRECTION('',(0.,0.,1.));
#6524=DIRECTION('',(0.,0.,1.));
#6525=DIRECTION('',(0.,0.,1.));
#6526=DIRECTION('',(0.,0.,1.));
#6527=DIRECTION('',(0.,0.,1.));
#6528=DIRECTION('center_axis',(-1.,0.,0.));
#6529=DIRECTION('ref_axis',(0.,-1.,0.));
#6530=DIRECTION('',(0.,-1.,0.));
#6531=DIRECTION('',(0.,-1.,0.));
#6532=DIRECTION('',(0.,0.,1.));
#6533=DIRECTION('center_axis',(0.00957838940798608,0.999954126175971,0.));
#6534=DIRECTION('ref_axis',(-0.999954126175971,0.00957838940798608,0.));
#6535=DIRECTION('',(-0.999954126175971,0.00957838940798608,0.));
#6536=DIRECTION('',(-0.999954126175971,0.00957838940798608,0.));
#6537=DIRECTION('',(0.,0.,1.));
#6538=DIRECTION('center_axis',(1.,0.,0.));
#6539=DIRECTION('ref_axis',(0.,1.,0.));
#6540=DIRECTION('',(0.,1.,0.));
#6541=DIRECTION('',(0.,1.,0.));
#6542=DIRECTION('',(0.,0.,1.));
#6543=DIRECTION('center_axis',(0.00996267420516937,-0.999950371329838,0.));
#6544=DIRECTION('ref_axis',(0.999950371329838,0.00996267420516938,0.));
#6545=DIRECTION('',(0.999950371329838,0.00996267420516937,0.));
#6546=DIRECTION('',(0.999950371329838,0.00996267420516937,0.));
#6547=DIRECTION('',(0.,0.,1.));
#6548=DIRECTION('center_axis',(-0.979058542007432,-0.203578906869746,0.));
#6549=DIRECTION('ref_axis',(0.203578906869746,-0.979058542007432,0.));
#6550=DIRECTION('',(0.203578906869746,-0.979058542007432,0.));
#6551=DIRECTION('',(0.203578906869746,-0.979058542007432,0.));
#6552=DIRECTION('',(0.,0.,1.));
#6553=DIRECTION('center_axis',(-0.978762190393471,-0.204998962573411,0.));
#6554=DIRECTION('ref_axis',(0.204998962573411,-0.978762190393471,0.));
#6555=DIRECTION('',(0.,0.,1.));
#6556=DIRECTION('',(0.,0.,1.));
#6557=DIRECTION('',(0.,0.,1.));
#6558=DIRECTION('',(0.,0.,1.));
#6559=DIRECTION('',(0.,0.,1.));
#6560=DIRECTION('',(0.,0.,1.));
#6561=DIRECTION('',(0.,0.,1.));
#6562=DIRECTION('',(0.,0.,1.));
#6563=DIRECTION('',(0.,0.,1.));
#6564=DIRECTION('',(0.,0.,1.));
#6565=DIRECTION('',(0.,0.,1.));
#6566=DIRECTION('',(0.,0.,1.));
#6567=DIRECTION('center_axis',(0.043345507759326,-0.999060141811836,0.));
#6568=DIRECTION('ref_axis',(0.999060141811836,0.043345507759326,0.));
#6569=DIRECTION('',(0.,0.,1.));
#6570=DIRECTION('',(0.,0.,1.));
#6571=DIRECTION('',(0.,0.,1.));
#6572=DIRECTION('center_axis',(-0.57115751471134,-0.820840479867292,0.));
#6573=DIRECTION('ref_axis',(0.820840479867292,-0.57115751471134,0.));
#6574=DIRECTION('',(0.820840479867292,-0.57115751471134,0.));
#6575=DIRECTION('',(0.820840479867292,-0.57115751471134,0.));
#6576=DIRECTION('',(0.,0.,1.));
#6577=DIRECTION('center_axis',(0.999757976326281,-0.0219997448162409,0.));
#6578=DIRECTION('ref_axis',(0.0219997448162409,0.999757976326281,0.));
#6579=DIRECTION('',(0.0219997448162409,0.999757976326281,0.));
#6580=DIRECTION('',(0.0219997448162409,0.999757976326281,0.));
#6581=DIRECTION('',(0.,0.,1.));
#6582=DIRECTION('center_axis',(0.999757705629811,-0.0220120429269161,0.));
#6583=DIRECTION('ref_axis',(0.0220120429269161,0.999757705629811,0.));
#6584=DIRECTION('',(0.0220120429269161,0.999757705629811,0.));
#6585=DIRECTION('',(0.0220120429269161,0.999757705629811,0.));
#6586=DIRECTION('',(0.,0.,1.));
#6587=DIRECTION('center_axis',(0.00874863211906421,-0.999961729985726,0.));
#6588=DIRECTION('ref_axis',(0.999961729985726,0.00874863211906421,0.));
#6589=DIRECTION('',(0.999961729985726,0.00874863211906421,0.));
#6590=DIRECTION('',(0.999961729985726,0.00874863211906421,0.));
#6591=DIRECTION('',(0.,0.,1.));
#6592=DIRECTION('center_axis',(-1.,0.,0.));
#6593=DIRECTION('ref_axis',(0.,-1.,0.));
#6594=DIRECTION('',(0.,-1.,0.));
#6595=DIRECTION('',(0.,-1.,0.));
#6596=DIRECTION('center_axis',(0.,0.,1.));
#6597=DIRECTION('ref_axis',(1.,0.,0.));
#6598=DIRECTION('center_axis',(0.,0.,1.));
#6599=DIRECTION('ref_axis',(1.,0.,0.));
#6600=DIRECTION('',(0.,0.,1.));
#6601=DIRECTION('',(0.,0.,1.));
#6602=DIRECTION('',(0.,0.,1.));
#6603=DIRECTION('center_axis',(-0.99997792503977,-0.00664450398117961,0.));
#6604=DIRECTION('ref_axis',(0.00664450398117959,-0.99997792503977,0.));
#6605=DIRECTION('',(-0.0066445039811796,0.99997792503977,0.));
#6606=DIRECTION('',(0.0066445039811796,-0.99997792503977,0.));
#6607=DIRECTION('',(0.,0.,1.));
#6608=DIRECTION('center_axis',(0.,-1.,0.));
#6609=DIRECTION('ref_axis',(1.,0.,0.));
#6610=DIRECTION('',(-1.,0.,0.));
#6611=DIRECTION('',(1.,0.,0.));
#6612=DIRECTION('',(0.,0.,1.));
#6613=DIRECTION('center_axis',(-1.,0.,0.));
#6614=DIRECTION('ref_axis',(0.,-1.,0.));
#6615=DIRECTION('',(0.,1.,0.));
#6616=DIRECTION('',(0.,-1.,0.));
#6617=DIRECTION('',(0.,0.,1.));
#6618=DIRECTION('center_axis',(0.,1.,0.));
#6619=DIRECTION('ref_axis',(-1.,0.,0.));
#6620=DIRECTION('',(1.,0.,0.));
#6621=DIRECTION('',(-1.,0.,0.));
#6622=DIRECTION('',(0.,0.,1.));
#6623=DIRECTION('center_axis',(1.,0.,0.));
#6624=DIRECTION('ref_axis',(0.,1.,0.));
#6625=DIRECTION('',(0.,-1.,0.));
#6626=DIRECTION('',(0.,1.,0.));
#6627=DIRECTION('',(0.,0.,1.));
#6628=DIRECTION('center_axis',(0.00805078869888842,-0.99996759187552,0.));
#6629=DIRECTION('ref_axis',(0.99996759187552,0.00805078869888842,0.));
#6630=DIRECTION('',(-0.99996759187552,-0.00805078869888842,0.));
#6631=DIRECTION('',(0.99996759187552,0.00805078869888842,0.));
#6632=DIRECTION('',(0.,0.,1.));
#6633=DIRECTION('center_axis',(1.,0.,0.));
#6634=DIRECTION('ref_axis',(0.,1.,0.));
#6635=DIRECTION('',(0.,-1.,0.));
#6636=DIRECTION('',(0.,1.,0.));
#6637=DIRECTION('',(0.,0.,1.));
#6638=DIRECTION('center_axis',(0.898407007901938,0.439163805604114,0.));
#6639=DIRECTION('ref_axis',(-0.439163805604114,0.898407007901938,0.));
#6640=DIRECTION('',(0.439163805604114,-0.898407007901938,0.));
#6641=DIRECTION('',(-0.439163805604114,0.898407007901938,0.));
#6642=DIRECTION('',(0.,0.,1.));
#6643=DIRECTION('',(0.,0.,1.));
#6644=DIRECTION('',(0.,0.,1.));
#6645=DIRECTION('',(0.,0.,1.));
#6646=DIRECTION('',(0.,0.,1.));
#6647=DIRECTION('center_axis',(-1.,0.,0.));
#6648=DIRECTION('ref_axis',(0.,-1.,0.));
#6649=DIRECTION('',(0.,1.,0.));
#6650=DIRECTION('',(0.,-1.,0.));
#6651=DIRECTION('',(0.,0.,1.));
#6652=DIRECTION('center_axis',(0.,-1.,0.));
#6653=DIRECTION('ref_axis',(1.,0.,0.));
#6654=DIRECTION('',(-1.,0.,0.));
#6655=DIRECTION('',(1.,0.,0.));
#6656=DIRECTION('',(0.,0.,1.));
#6657=DIRECTION('center_axis',(-1.,0.,0.));
#6658=DIRECTION('ref_axis',(0.,-1.,0.));
#6659=DIRECTION('',(0.,1.,0.));
#6660=DIRECTION('',(0.,-1.,0.));
#6661=DIRECTION('',(0.,0.,1.));
#6662=DIRECTION('center_axis',(0.,1.,0.));
#6663=DIRECTION('ref_axis',(-1.,0.,0.));
#6664=DIRECTION('',(1.,0.,0.));
#6665=DIRECTION('',(-1.,0.,0.));
#6666=DIRECTION('',(0.,0.,1.));
#6667=DIRECTION('center_axis',(1.,0.,0.));
#6668=DIRECTION('ref_axis',(0.,1.,0.));
#6669=DIRECTION('',(0.,-1.,0.));
#6670=DIRECTION('',(0.,1.,0.));
#6671=DIRECTION('',(0.,0.,1.));
#6672=DIRECTION('center_axis',(0.,-1.,0.));
#6673=DIRECTION('ref_axis',(1.,0.,0.));
#6674=DIRECTION('',(-1.,0.,0.));
#6675=DIRECTION('',(1.,0.,0.));
#6676=DIRECTION('',(0.,0.,1.));
#6677=DIRECTION('center_axis',(0.99998564660469,-0.00535785261092794,0.));
#6678=DIRECTION('ref_axis',(0.00535785261092796,0.99998564660469,0.));
#6679=DIRECTION('',(-0.00535785261092794,-0.99998564660469,0.));
#6680=DIRECTION('',(0.00535785261092794,0.99998564660469,0.));
#6681=DIRECTION('',(0.,0.,1.));
#6682=DIRECTION('center_axis',(0.94413833708193,-0.329549390004242,0.));
#6683=DIRECTION('ref_axis',(0.329549390004242,0.94413833708193,0.));
#6684=DIRECTION('',(-0.329549390004242,-0.94413833708193,0.));
#6685=DIRECTION('',(0.329549390004242,0.94413833708193,0.));
#6686=DIRECTION('',(0.,0.,1.));
#6687=DIRECTION('',(0.,0.,1.));
#6688=DIRECTION('',(0.,0.,1.));
#6689=DIRECTION('',(0.,0.,1.));
#6690=DIRECTION('center_axis',(0.,0.,1.));
#6691=DIRECTION('ref_axis',(1.,0.,0.));
#6692=DIRECTION('center_axis',(0.,0.,1.));
#6693=DIRECTION('ref_axis',(1.,0.,0.));
#6694=DIRECTION('center_axis',(-0.00922841136056075,0.999957417305237,0.));
#6695=DIRECTION('ref_axis',(-0.999957417305237,-0.00922841136056075,0.));
#6696=DIRECTION('',(-0.999957417305237,-0.00922841136056075,0.));
#6697=DIRECTION('',(0.,0.,1.));
#6698=DIRECTION('',(-0.999957417305237,-0.00922841136056075,0.));
#6699=DIRECTION('',(0.,0.,1.));
#6700=DIRECTION('center_axis',(-1.,0.,0.));
#6701=DIRECTION('ref_axis',(0.,-1.,0.));
#6702=DIRECTION('',(0.,-1.,0.));
#6703=DIRECTION('',(0.,-1.,0.));
#6704=DIRECTION('',(0.,0.,1.));
#6705=DIRECTION('center_axis',(0.,-1.,0.));
#6706=DIRECTION('ref_axis',(1.,0.,0.));
#6707=DIRECTION('',(1.,0.,0.));
#6708=DIRECTION('',(1.,0.,0.));
#6709=DIRECTION('',(0.,0.,1.));
#6710=DIRECTION('center_axis',(-1.,0.,0.));
#6711=DIRECTION('ref_axis',(0.,-1.,0.));
#6712=DIRECTION('',(0.,-1.,0.));
#6713=DIRECTION('',(0.,-1.,0.));
#6714=DIRECTION('',(0.,0.,1.));
#6715=DIRECTION('center_axis',(0.,1.,0.));
#6716=DIRECTION('ref_axis',(-1.,0.,0.));
#6717=DIRECTION('',(-1.,0.,0.));
#6718=DIRECTION('',(-1.,0.,0.));
#6719=DIRECTION('',(0.,0.,1.));
#6720=DIRECTION('center_axis',(0.686024860297025,0.727578099625358,0.));
#6721=DIRECTION('ref_axis',(-0.727578099625358,0.686024860297025,0.));
#6722=DIRECTION('',(-0.727578099625358,0.686024860297025,0.));
#6723=DIRECTION('',(-0.727578099625358,0.686024860297025,0.));
#6724=DIRECTION('',(0.,0.,1.));
#6725=DIRECTION('',(0.,0.,1.));
#6726=DIRECTION('',(0.,0.,1.));
#6727=DIRECTION('center_axis',(0.683279615402631,0.730156809990315,0.));
#6728=DIRECTION('ref_axis',(-0.730156809990315,0.683279615402631,0.));
#6729=DIRECTION('',(0.,0.,1.));
#6730=DIRECTION('',(0.,0.,1.));
#6731=DIRECTION('',(0.,0.,1.));
#6732=DIRECTION('center_axis',(-0.999989445707208,-0.00459439595499881,
0.));
#6733=DIRECTION('ref_axis',(0.00459439595499882,-0.999989445707208,0.));
#6734=DIRECTION('',(0.00459439595499881,-0.999989445707208,0.));
#6735=DIRECTION('',(0.00459439595499881,-0.999989445707208,0.));
#6736=DIRECTION('',(0.,0.,1.));
#6737=DIRECTION('center_axis',(-0.0179413723436032,-0.999839040625254,0.));
#6738=DIRECTION('ref_axis',(0.999839040625254,-0.0179413723436032,0.));
#6739=DIRECTION('',(0.999839040625254,-0.0179413723436032,0.));
#6740=DIRECTION('',(0.999839040625254,-0.0179413723436032,0.));
#6741=DIRECTION('',(0.,0.,1.));
#6742=DIRECTION('center_axis',(-0.999994255955131,0.00338940359709358,0.));
#6743=DIRECTION('ref_axis',(-0.00338940359709357,-0.999994255955131,0.));
#6744=DIRECTION('',(-0.00338940359709358,-0.999994255955131,0.));
#6745=DIRECTION('',(-0.00338940359709358,-0.999994255955131,0.));
#6746=DIRECTION('',(0.,0.,1.));
#6747=DIRECTION('',(0.,0.,1.));
#6748=DIRECTION('',(0.,0.,1.));
#6749=DIRECTION('center_axis',(0.,1.,0.));
#6750=DIRECTION('ref_axis',(-1.,0.,0.));
#6751=DIRECTION('',(-1.,0.,0.));
#6752=DIRECTION('',(-1.,0.,0.));
#6753=DIRECTION('',(0.,0.,1.));
#6754=DIRECTION('center_axis',(1.,0.,0.));
#6755=DIRECTION('ref_axis',(0.,1.,0.));
#6756=DIRECTION('',(0.,1.,0.));
#6757=DIRECTION('',(0.,1.,0.));
#6758=DIRECTION('',(0.,0.,1.));
#6759=DIRECTION('center_axis',(0.0101560238078659,-0.999948426260282,0.));
#6760=DIRECTION('ref_axis',(0.999948426260282,0.0101560238078659,0.));
#6761=DIRECTION('',(0.999948426260282,0.0101560238078659,0.));
#6762=DIRECTION('',(0.999948426260282,0.0101560238078659,0.));
#6763=DIRECTION('',(0.,0.,1.));
#6764=DIRECTION('center_axis',(0.999996300820542,-0.00271998993223901,0.));
#6765=DIRECTION('ref_axis',(0.00271998993223903,0.999996300820542,0.));
#6766=DIRECTION('',(0.00271998993223901,0.999996300820542,0.));
#6767=DIRECTION('',(0.00271998993223901,0.999996300820542,0.));
#6768=DIRECTION('',(0.,0.,1.));
#6769=DIRECTION('center_axis',(0.999996291748399,-0.00272332323652117,0.));
#6770=DIRECTION('ref_axis',(0.00272332323652118,0.999996291748399,0.));
#6771=DIRECTION('',(0.00272332323652117,0.999996291748399,0.));
#6772=DIRECTION('',(0.00272332323652117,0.999996291748399,0.));
#6773=DIRECTION('',(0.,0.,1.));
#6774=DIRECTION('center_axis',(0.,-1.,0.));
#6775=DIRECTION('ref_axis',(1.,0.,0.));
#6776=DIRECTION('',(1.,0.,0.));
#6777=DIRECTION('',(1.,0.,0.));
#6778=DIRECTION('',(0.,0.,1.));
#6779=DIRECTION('center_axis',(-0.679164319772305,-0.733986257874234,0.));
#6780=DIRECTION('ref_axis',(0.733986257874234,-0.679164319772306,0.));
#6781=DIRECTION('',(0.733986257874234,-0.679164319772305,0.));
#6782=DIRECTION('',(0.733986257874234,-0.679164319772305,0.));
#6783=DIRECTION('',(0.,0.,1.));
#6784=DIRECTION('',(0.,0.,1.));
#6785=DIRECTION('',(0.,0.,1.));
#6786=DIRECTION('center_axis',(-0.678892087800589,-0.734238062975325,0.));
#6787=DIRECTION('ref_axis',(0.734238062975325,-0.678892087800589,0.));
#6788=DIRECTION('',(0.,0.,1.));
#6789=DIRECTION('center_axis',(-0.679256898421597,-0.733900583149156,0.));
#6790=DIRECTION('ref_axis',(0.733900583149156,-0.679256898421598,0.));
#6791=DIRECTION('',(0.,0.,1.));
#6792=DIRECTION('',(0.,0.,1.));
#6793=DIRECTION('',(0.,0.,1.));
#6794=DIRECTION('center_axis',(1.,0.,0.));
#6795=DIRECTION('ref_axis',(0.,1.,0.));
#6796=DIRECTION('',(0.,1.,0.));
#6797=DIRECTION('',(0.,1.,0.));
#6798=DIRECTION('',(0.,0.,1.));
#6799=DIRECTION('center_axis',(0.,1.,0.));
#6800=DIRECTION('ref_axis',(-1.,0.,0.));
#6801=DIRECTION('',(-1.,0.,0.));
#6802=DIRECTION('',(-1.,0.,0.));
#6803=DIRECTION('',(0.,0.,1.));
#6804=DIRECTION('center_axis',(1.,0.,0.));
#6805=DIRECTION('ref_axis',(0.,1.,0.));
#6806=DIRECTION('',(0.,1.,0.));
#6807=DIRECTION('',(0.,1.,0.));
#6808=DIRECTION('',(0.,0.,1.));
#6809=DIRECTION('center_axis',(0.,-1.,0.));
#6810=DIRECTION('ref_axis',(1.,0.,0.));
#6811=DIRECTION('',(1.,0.,0.));
#6812=DIRECTION('',(1.,0.,0.));
#6813=DIRECTION('',(0.,0.,1.));
#6814=DIRECTION('center_axis',(-0.999954491524877,0.00954017186555843,0.));
#6815=DIRECTION('ref_axis',(-0.00954017186555842,-0.999954491524877,0.));
#6816=DIRECTION('',(-0.00954017186555843,-0.999954491524877,0.));
#6817=DIRECTION('',(-0.00954017186555843,-0.999954491524877,0.));
#6818=DIRECTION('',(0.,0.,1.));
#6819=DIRECTION('center_axis',(-0.999952382659573,0.00975870961972708,0.));
#6820=DIRECTION('ref_axis',(-0.00975870961972709,-0.999952382659573,0.));
#6821=DIRECTION('',(-0.00975870961972708,-0.999952382659573,0.));
#6822=DIRECTION('',(-0.00975870961972708,-0.999952382659573,0.));
#6823=DIRECTION('center_axis',(0.,0.,1.));
#6824=DIRECTION('ref_axis',(1.,0.,0.));
#6825=DIRECTION('center_axis',(0.,0.,1.));
#6826=DIRECTION('ref_axis',(1.,0.,0.));
#6827=DIRECTION('',(0.,0.,1.));
#6828=DIRECTION('',(0.,0.,1.));
#6829=DIRECTION('',(0.,0.,1.));
#6830=DIRECTION('',(0.,0.,1.));
#6831=DIRECTION('',(0.,0.,1.));
#6832=DIRECTION('',(0.,0.,1.));
#6833=DIRECTION('',(0.,0.,1.));
#6834=DIRECTION('',(0.,0.,1.));
#6835=DIRECTION('',(0.,0.,1.));
#6836=DIRECTION('',(0.,0.,1.));
#6837=DIRECTION('',(0.,0.,1.));
#6838=DIRECTION('',(0.,0.,1.));
#6839=DIRECTION('',(0.,0.,1.));
#6840=DIRECTION('',(0.,0.,1.));
#6841=DIRECTION('',(0.,0.,1.));
#6842=DIRECTION('',(0.,0.,1.));
#6843=DIRECTION('',(0.,0.,1.));
#6844=DIRECTION('',(0.,0.,1.));
#6845=DIRECTION('',(0.,0.,1.));
#6846=DIRECTION('center_axis',(0.999999758873559,-0.000694444256121999,
0.));
#6847=DIRECTION('ref_axis',(0.000694444256121995,0.999999758873559,0.));
#6848=DIRECTION('',(-0.000694444256121999,-0.999999758873559,0.));
#6849=DIRECTION('',(0.000694444256121999,0.999999758873559,0.));
#6850=DIRECTION('',(0.,0.,1.));
#6851=DIRECTION('center_axis',(0.945438611567593,-0.325800294286457,0.));
#6852=DIRECTION('ref_axis',(0.325800294286457,0.945438611567593,0.));
#6853=DIRECTION('',(-0.325800294286457,-0.945438611567593,0.));
#6854=DIRECTION('',(0.325800294286457,0.945438611567593,0.));
#6855=DIRECTION('',(0.,0.,1.));
#6856=DIRECTION('',(0.,0.,1.));
#6857=DIRECTION('',(0.,0.,1.));
#6858=DIRECTION('',(0.,0.,1.));
#6859=DIRECTION('center_axis',(0.,0.,1.));
#6860=DIRECTION('ref_axis',(1.,0.,0.));
#6861=DIRECTION('center_axis',(0.,0.,1.));
#6862=DIRECTION('ref_axis',(1.,0.,0.));
#6863=DIRECTION('center_axis',(0.,0.,-1.));
#6864=DIRECTION('ref_axis',(-0.707106781186548,0.707106781186548,0.));
#6865=DIRECTION('center_axis',(0.,0.,1.));
#6866=DIRECTION('ref_axis',(-0.707106781186548,0.707106781186548,0.));
#6867=DIRECTION('',(0.,0.,1.));
#6868=DIRECTION('center_axis',(0.,0.,-1.));
#6869=DIRECTION('ref_axis',(-0.707106781186548,0.707106781186548,0.));
#6870=DIRECTION('',(0.,0.,-1.));
#6871=DIRECTION('center_axis',(0.,1.,0.));
#6872=DIRECTION('ref_axis',(1.,0.,0.));
#6873=DIRECTION('',(1.,0.,0.));
#6874=DIRECTION('',(0.,0.,1.));
#6875=DIRECTION('',(1.,0.,0.));
#6876=DIRECTION('center_axis',(0.,0.,1.));
#6877=DIRECTION('ref_axis',(1.,0.,0.));
#6878=DIRECTION('',(1.53481540480156E-16,1.,0.));
#6879=DIRECTION('center_axis',(0.,0.,-1.));
#6880=DIRECTION('ref_axis',(-0.707106781186548,-0.707106781186548,0.));
#6881=DIRECTION('',(-1.,0.,0.));
#6882=DIRECTION('center_axis',(0.,0.,-1.));
#6883=DIRECTION('ref_axis',(0.707106781186548,-0.707106781186548,0.));
#6884=DIRECTION('',(0.,-1.,0.));
#6885=DIRECTION('center_axis',(0.,0.,-1.));
#6886=DIRECTION('ref_axis',(0.707106781186548,0.707106781186548,0.));
#6887=DIRECTION('center_axis',(0.,0.,-1.));
#6888=DIRECTION('ref_axis',(0.707106781186548,0.707106781186548,0.));
#6889=DIRECTION('center_axis',(0.,0.,1.));
#6890=DIRECTION('ref_axis',(0.707106781186548,0.707106781186548,0.));
#6891=DIRECTION('',(0.,0.,-1.));
#6892=DIRECTION('center_axis',(1.,0.,0.));
#6893=DIRECTION('ref_axis',(0.,-1.,0.));
#6894=DIRECTION('',(0.,0.,1.));
#6895=DIRECTION('',(0.,-1.,0.));
#6896=DIRECTION('center_axis',(0.,0.,-1.));
#6897=DIRECTION('ref_axis',(-0.707106781186548,-0.707106781186548,0.));
#6898=DIRECTION('center_axis',(0.,0.,1.));
#6899=DIRECTION('ref_axis',(-0.707106781186548,-0.707106781186548,0.));
#6900=DIRECTION('',(0.,0.,1.));
#6901=DIRECTION('',(0.,0.,-1.));
#6902=DIRECTION('center_axis',(-1.,1.53481540480157E-16,0.));
#6903=DIRECTION('ref_axis',(1.55431223447522E-16,1.,0.));
#6904=DIRECTION('',(1.53481540480156E-16,1.,0.));
#6905=DIRECTION('center_axis',(0.,0.,-1.));
#6906=DIRECTION('ref_axis',(0.707106781186548,-0.707106781186548,0.));
#6907=DIRECTION('center_axis',(0.,0.,1.));
#6908=DIRECTION('ref_axis',(0.707106781186548,-0.707106781186548,0.));
#6909=DIRECTION('',(0.,0.,-1.));
#6910=DIRECTION('center_axis',(0.,-1.,0.));
#6911=DIRECTION('ref_axis',(-1.,0.,0.));
#6912=DIRECTION('',(-1.,0.,0.));
#6913=DIRECTION('center_axis',(0.,0.,-1.));
#6914=DIRECTION('ref_axis',(-1.,0.,0.));
#6915=DIRECTION('axis',(0.,0.,1.));
#6916=DIRECTION('refdir',(1.,0.,0.));
#6917=DIRECTION('',(0.,0.,1.));
#6918=DIRECTION('',(0.,1.,0.));
#6919=DIRECTION('',(0.,-1.,0.));
#6920=DIRECTION('',(1.,0.,0.));
#6921=DIRECTION('',(2.0800043399382E-32,9.86076131526261E-32,1.));
#6922=DIRECTION('',(5.55111512312577E-17,-1.,9.86076131526261E-32));
#6923=CARTESIAN_POINT('',(0.,0.,0.));
#6924=CARTESIAN_POINT('Origin',(-1.28313872648139,0.1625,1.0375));
#6925=CARTESIAN_POINT('',(-1.38216553335555,-0.483138726481392,1.05141731009601));
#6926=CARTESIAN_POINT('',(-1.28313872648139,-0.483138726481392,1.1375));
#6927=CARTESIAN_POINT('Origin',(-1.28313872648139,-0.483138726481392,1.0375));
#6928=CARTESIAN_POINT('',(-1.28313872648139,0.483138726481392,1.1375));
#6929=CARTESIAN_POINT('',(-1.28313872648139,0.1625,1.1375));
#6930=CARTESIAN_POINT('',(-1.38216553335555,0.483138726481392,1.05141731009601));
#6931=CARTESIAN_POINT('Origin',(-1.28313872648139,0.483138726481392,1.0375));
#6932=CARTESIAN_POINT('',(-1.38216553335555,0.1625,1.05141731009601));
#6933=CARTESIAN_POINT('Origin',(0.3625,0.483138726481392,1.0375));
#6934=CARTESIAN_POINT('',(-1.28313872648139,0.582165533355549,1.05141731009601));
#6935=CARTESIAN_POINT('Origin',(-1.28313872648139,0.483138726481392,1.0375));
#6936=CARTESIAN_POINT('',(1.28313872648139,0.483138726481392,1.1375));
#6937=CARTESIAN_POINT('',(0.3625,0.483138726481392,1.1375));
#6938=CARTESIAN_POINT('',(1.28313872648139,0.582165533355549,1.05141731009601));
#6939=CARTESIAN_POINT('Origin',(1.28313872648139,0.483138726481392,1.0375));
#6940=CARTESIAN_POINT('',(0.3625,0.582165533355549,1.05141731009601));
#6941=CARTESIAN_POINT('Origin',(-1.28313872648139,0.483138726481392,1.0375));
#6942=CARTESIAN_POINT('Origin',(-1.28313872648139,0.483138726481392,1.0375));
#6943=CARTESIAN_POINT('Origin',(1.28313872648139,-0.1625,1.0375));
#6944=CARTESIAN_POINT('',(1.38216553335555,0.483138726481392,1.05141731009601));
#6945=CARTESIAN_POINT('Origin',(1.28313872648139,0.483138726481392,1.0375));
#6946=CARTESIAN_POINT('',(1.28313872648139,-0.483138726481392,1.1375));
#6947=CARTESIAN_POINT('',(1.28313872648139,-0.1625,1.1375));
#6948=CARTESIAN_POINT('',(1.38216553335555,-0.483138726481392,1.05141731009601));
#6949=CARTESIAN_POINT('Origin',(1.28313872648139,-0.483138726481392,1.0375));
#6950=CARTESIAN_POINT('',(1.38216553335555,-0.1625,1.05141731009601));
#6951=CARTESIAN_POINT('Origin',(1.28313872648139,0.483138726481392,1.0375));
#6952=CARTESIAN_POINT('Origin',(1.28313872648139,0.483138726481392,1.0375));
#6953=CARTESIAN_POINT('Origin',(-0.3625,-0.483138726481392,1.0375));
#6954=CARTESIAN_POINT('',(1.28313872648139,-0.582165533355549,1.05141731009601));
#6955=CARTESIAN_POINT('Origin',(1.28313872648139,-0.483138726481392,1.0375));
#6956=CARTESIAN_POINT('',(-0.3625,-0.483138726481392,1.1375));
#6957=CARTESIAN_POINT('',(-1.28313872648139,-0.582165533355549,1.05141731009601));
#6958=CARTESIAN_POINT('Origin',(-1.28313872648139,-0.483138726481392,1.0375));
#6959=CARTESIAN_POINT('',(-0.3625,-0.582165533355549,1.05141731009601));
#6960=CARTESIAN_POINT('Origin',(1.28313872648139,-0.483138726481392,1.0375));
#6961=CARTESIAN_POINT('Origin',(1.28313872648139,-0.483138726481392,1.0375));
#6962=CARTESIAN_POINT('Origin',(-1.28313872648139,-0.483138726481392,1.0375));
#6963=CARTESIAN_POINT('Origin',(-1.28313872648139,-0.483138726481392,1.0375));
#6964=CARTESIAN_POINT('Origin',(1.29749696843469,0.497496968434688,0.935335799938849));
#6965=CARTESIAN_POINT('',(1.45,0.550973193125843,0.56875));
#6966=CARTESIAN_POINT('',(1.39652377530885,0.497496968434688,0.949253110034855));
#6967=CARTESIAN_POINT('',(1.35097319312584,0.65,0.56875));
#6968=CARTESIAN_POINT('Origin',(1.34901724274814,0.549017242748138,0.56875));
#6969=CARTESIAN_POINT('',(1.29749696843469,0.596523775308846,0.949253110034855));
#6970=CARTESIAN_POINT('Origin',(1.41003370013151,-0.325,0.853125));
#6971=CARTESIAN_POINT('',(1.45,-0.550973193125843,0.56875));
#6972=CARTESIAN_POINT('',(1.38892332870233,-0.489896521828176,1.00333309769543));
#6973=CARTESIAN_POINT('',(1.45,-0.325,0.56875));
#6974=CARTESIAN_POINT('Origin',(1.28989652182818,-0.489896521828176,0.989415787599425));
#6975=CARTESIAN_POINT('',(1.35097319312584,-0.65,0.56875));
#6976=CARTESIAN_POINT('',(1.28989652182818,-0.588923328702333,1.00333309769543));
#6977=CARTESIAN_POINT('Origin',(1.34901724274814,-0.549017242748138,0.56875));
#6978=CARTESIAN_POINT('Origin',(-0.725,-0.610033700131507,0.853125));
#6979=CARTESIAN_POINT('',(-1.35097319312584,-0.65,0.56875));
#6980=CARTESIAN_POINT('',(-1.29749696843469,-0.596523775308846,0.949253110034855));
#6981=CARTESIAN_POINT('',(-0.725,-0.65,0.56875));
#6982=CARTESIAN_POINT('Origin',(0.,0.,1.1375));
#6983=CARTESIAN_POINT('Origin',(0.3625,0.483138726481392,0.1));
#6984=CARTESIAN_POINT('',(1.28313872648139,0.582165533355549,0.0860826899039935));
#6985=CARTESIAN_POINT('',(1.28313872648139,0.483138726481392,0.));
#6986=CARTESIAN_POINT('Origin',(1.28313872648139,0.483138726481392,0.1));
#6987=CARTESIAN_POINT('',(-1.28313872648139,0.483138726481392,0.));
#6988=CARTESIAN_POINT('',(0.3625,0.483138726481392,0.));
#6989=CARTESIAN_POINT('',(-1.28313872648139,0.582165533355549,0.0860826899039935));
#6990=CARTESIAN_POINT('Origin',(-1.28313872648139,0.483138726481392,0.1));
#6991=CARTESIAN_POINT('',(0.3625,0.582165533355549,0.0860826899039935));
#6992=CARTESIAN_POINT('Origin',(-1.28313872648139,0.1625,0.1));
#6993=CARTESIAN_POINT('',(-1.38216553335555,0.483138726481392,0.0860826899039935));
#6994=CARTESIAN_POINT('Origin',(-1.28313872648139,0.483138726481392,0.1));
#6995=CARTESIAN_POINT('',(-1.28313872648139,-0.483138726481392,0.));
#6996=CARTESIAN_POINT('',(-1.28313872648139,0.1625,0.));
#6997=CARTESIAN_POINT('',(-1.38216553335555,-0.483138726481392,0.0860826899039935));
#6998=CARTESIAN_POINT('Origin',(-1.28313872648139,-0.483138726481392,0.1));
#6999=CARTESIAN_POINT('',(-1.38216553335555,0.1625,0.0860826899039935));
#7000=CARTESIAN_POINT('Origin',(-1.28313872648139,0.483138726481392,0.1));
#7001=CARTESIAN_POINT('Origin',(-1.28313872648139,0.483138726481392,0.1));
#7002=CARTESIAN_POINT('Origin',(-0.3625,-0.483138726481392,0.1));
#7003=CARTESIAN_POINT('',(-1.28313872648139,-0.582165533355549,0.0860826899039935));
#7004=CARTESIAN_POINT('Origin',(-1.28313872648139,-0.483138726481392,0.1));
#7005=CARTESIAN_POINT('',(1.28313872648139,-0.483138726481392,0.));
#7006=CARTESIAN_POINT('',(-0.3625,-0.483138726481392,0.));
#7007=CARTESIAN_POINT('',(1.28313872648139,-0.582165533355549,0.0860826899039935));
#7008=CARTESIAN_POINT('Origin',(1.28313872648139,-0.483138726481392,0.1));
#7009=CARTESIAN_POINT('',(-0.3625,-0.582165533355549,0.0860826899039935));
#7010=CARTESIAN_POINT('Origin',(-1.28313872648139,-0.483138726481392,0.1));
#7011=CARTESIAN_POINT('Origin',(-1.28313872648139,-0.483138726481392,0.1));
#7012=CARTESIAN_POINT('Origin',(1.28313872648139,-0.1625,0.1));
#7013=CARTESIAN_POINT('',(1.38216553335555,-0.483138726481392,0.0860826899039935));
#7014=CARTESIAN_POINT('Origin',(1.28313872648139,-0.483138726481392,0.1));
#7015=CARTESIAN_POINT('',(1.28313872648139,-0.1625,0.));
#7016=CARTESIAN_POINT('',(1.38216553335555,0.483138726481392,0.0860826899039935));
#7017=CARTESIAN_POINT('Origin',(1.28313872648139,0.483138726481392,0.1));
#7018=CARTESIAN_POINT('',(1.38216553335555,-0.1625,0.0860826899039935));
#7019=CARTESIAN_POINT('Origin',(1.28313872648139,-0.483138726481392,0.1));
#7020=CARTESIAN_POINT('Origin',(1.28313872648139,-0.483138726481392,0.1));
#7021=CARTESIAN_POINT('Origin',(1.28313872648139,0.483138726481392,0.1));
#7022=CARTESIAN_POINT('Origin',(1.28313872648139,0.483138726481392,0.1));
#7023=CARTESIAN_POINT('Origin',(-1.29749696843469,-0.497496968434689,0.202164200061151));
#7024=CARTESIAN_POINT('',(-1.29749696843469,-0.596523775308846,0.188246889965145));
#7025=CARTESIAN_POINT('',(-1.45,-0.550973193125843,0.56875));
#7026=CARTESIAN_POINT('Origin',(-1.34901724274814,-0.549017242748138,0.568749999999999));
#7027=CARTESIAN_POINT('',(-1.39652377530885,-0.497496968434689,0.188246889965145));
#7028=CARTESIAN_POINT('Origin',(-0.725,-0.610033700131507,0.284375));
#7029=CARTESIAN_POINT('',(1.28989652182818,-0.588923328702333,0.134166902304569));
#7030=CARTESIAN_POINT('Origin',(1.28989652182818,-0.489896521828176,0.148084212400575));
#7031=CARTESIAN_POINT('',(1.38892332870233,-0.489896521828176,0.134166902304569));
#7032=CARTESIAN_POINT('Origin',(1.41003370013151,-0.325,0.284375));
#7033=CARTESIAN_POINT('',(1.39652377530885,0.497496968434688,0.188246889965145));
#7034=CARTESIAN_POINT('Origin',(0.,0.,0.));
#7035=CARTESIAN_POINT('Origin',(1.29749696843469,0.497496968434688,0.202164200061151));
#7036=CARTESIAN_POINT('',(1.29749696843469,0.596523775308846,0.188246889965145));
#7037=CARTESIAN_POINT('Origin',(0.725,0.610033700131507,0.853125));
#7038=CARTESIAN_POINT('',(-1.35097319312584,0.65,0.56875));
#7039=CARTESIAN_POINT('',(0.725,0.65,0.56875));
#7040=CARTESIAN_POINT('',(-1.28989652182818,0.588923328702333,1.00333309769543));
#7041=CARTESIAN_POINT('Origin',(0.725,0.610033700131507,0.284375));
#7042=CARTESIAN_POINT('',(-1.28989652182818,0.588923328702333,0.134166902304569));
#7043=CARTESIAN_POINT('Origin',(-1.28989652182818,0.489896521828176,0.989415787599425));
#7044=CARTESIAN_POINT('',(-1.45,0.550973193125843,0.56875));
#7045=CARTESIAN_POINT('Origin',(-1.34901724274814,0.549017242748138,0.56875));
#7046=CARTESIAN_POINT('',(-1.38892332870233,0.489896521828176,1.00333309769543));
#7047=CARTESIAN_POINT('Origin',(-1.28989652182818,0.489896521828176,0.148084212400575));
#7048=CARTESIAN_POINT('',(-1.38892332870233,0.489896521828176,0.134166902304569));
#7049=CARTESIAN_POINT('Origin',(-1.41003370013151,0.325,0.853125));
#7050=CARTESIAN_POINT('',(-1.45,0.325,0.56875));
#7051=CARTESIAN_POINT('',(-1.39652377530885,-0.497496968434688,0.949253110034855));
#7052=CARTESIAN_POINT('Origin',(-1.41003370013151,0.325,0.284375));
#7053=CARTESIAN_POINT('Origin',(-1.29749696843469,-0.497496968434688,0.935335799938849));
#7054=CARTESIAN_POINT('',(0.,0.,0.));
#7055=CARTESIAN_POINT('Origin',(-1.1475,0.,1.15));
#7056=CARTESIAN_POINT('',(-1.1475,0.140341865731364,1.15));
#7057=CARTESIAN_POINT('',(-1.1475,0.,1.15));
#7058=CARTESIAN_POINT('',(-1.1475,0.265625,1.15));
#7059=CARTESIAN_POINT('',(-1.1475,0.140341865731364,0.75));
#7060=CARTESIAN_POINT('',(-1.1475,0.140341865731364,1.05));
#7061=CARTESIAN_POINT('',(-1.1475,0.,0.75));
#7062=CARTESIAN_POINT('',(-1.1475,0.265625,0.75));
#7063=CARTESIAN_POINT('',(-1.1475,0.,0.95));
#7064=CARTESIAN_POINT('Origin',(0.690125398323513,0.53125,1.15));
#7065=CARTESIAN_POINT('',(-0.941747805055559,0.0143875950428445,1.15));
#7066=CARTESIAN_POINT('',(-0.858206425424651,0.0202293773857964,1.15));
#7067=CARTESIAN_POINT('',(-0.834871255783826,0.100657969250952,1.15));
#7068=CARTESIAN_POINT('Origin',(-0.950118581904854,0.134095281074023,1.15));
#7069=CARTESIAN_POINT('',(-0.744901147519686,0.410755098563458,1.15));
#7070=CARTESIAN_POINT('',(-0.730250796647027,0.46125,1.15));
#7071=CARTESIAN_POINT('',(-0.677673540615753,0.46125,1.15));
#7072=CARTESIAN_POINT('Origin',(-0.677673540615753,0.39125,1.15));
#7073=CARTESIAN_POINT('',(0.,0.46125,1.15));
#7074=CARTESIAN_POINT('',(0.,0.46125,1.15));
#7075=CARTESIAN_POINT('',(0.,0.60125,1.15));
#7076=CARTESIAN_POINT('',(0.,0.56625,1.15));
#7077=CARTESIAN_POINT('',(-0.745272869798819,0.60125,1.15));
#7078=CARTESIAN_POINT('',(0.835405308709574,0.60125,1.15));
#7079=CARTESIAN_POINT('',(-0.860520195919848,0.514687311823071,1.15));
#7080=CARTESIAN_POINT('Origin',(-0.745272869798819,0.48125,1.15));
#7081=CARTESIAN_POINT('',(-0.951825092361073,0.199989610276736,1.15));
#7082=CARTESIAN_POINT('',(-0.965437274651554,0.153072931688728,1.15));
#7083=CARTESIAN_POINT('',(-1.01416974610292,0.149665225322006,1.15));
#7084=CARTESIAN_POINT('Origin',(-1.01905269926501,0.219494708840194,1.15));
#7085=CARTESIAN_POINT('',(-1.15726590632418,0.139658967036375,1.15));
#7086=CARTESIAN_POINT('Origin',(0.,0.60125,1.40848669653993));
#7087=CARTESIAN_POINT('',(0.,0.46125,0.75));
#7088=CARTESIAN_POINT('',(0.,0.60125,0.75));
#7089=CARTESIAN_POINT('',(0.,0.56625,0.75));
#7090=CARTESIAN_POINT('',(0.,0.60125,1.17924334826996));
#7091=CARTESIAN_POINT('',(0.,0.46125,1.17924334826996));
#7092=CARTESIAN_POINT('Origin',(0.730250796647027,0.60125,0.95));
#7093=CARTESIAN_POINT('',(-0.745272869798819,0.60125,0.75));
#7094=CARTESIAN_POINT('',(-0.65,0.60125,0.75));
#7095=CARTESIAN_POINT('',(-0.745272869798819,0.60125,0.95));
#7096=CARTESIAN_POINT('Origin',(0.690125398323513,0.53125,0.75));
#7097=CARTESIAN_POINT('',(-1.01416974610292,0.149665225322006,0.75));
#7098=CARTESIAN_POINT('',(-1.15726590632418,0.139658967036375,0.75));
#7099=CARTESIAN_POINT('',(-0.951825092361073,0.199989610276736,0.75));
#7100=CARTESIAN_POINT('Origin',(-1.01905269926501,0.219494708840194,0.75));
#7101=CARTESIAN_POINT('',(-0.860520195919848,0.514687311823071,0.75));
#7102=CARTESIAN_POINT('',(-0.965437274651554,0.153072931688728,0.75));
#7103=CARTESIAN_POINT('Origin',(-0.745272869798819,0.48125,0.75));
#7104=CARTESIAN_POINT('',(-0.677673540615753,0.46125,0.75));
#7105=CARTESIAN_POINT('',(0.65,0.46125,0.75));
#7106=CARTESIAN_POINT('',(-0.744901147519686,0.410755098563458,0.75));
#7107=CARTESIAN_POINT('Origin',(-0.677673540615753,0.39125,0.75));
#7108=CARTESIAN_POINT('',(-0.834871255783826,0.100657969250952,0.75));
#7109=CARTESIAN_POINT('',(-0.730250796647027,0.46125,0.75));
#7110=CARTESIAN_POINT('',(-0.941747805055559,0.0143875950428445,0.75));
#7111=CARTESIAN_POINT('Origin',(-0.950118581904854,0.134095281074023,0.75));
#7112=CARTESIAN_POINT('',(-0.858206425424651,0.0202293773857964,0.75));
#7113=CARTESIAN_POINT('Origin',(-0.745272869798819,0.48125,0.95));
#7114=CARTESIAN_POINT('',(-0.860520195919848,0.514687311823071,0.95));
#7115=CARTESIAN_POINT('Origin',(-0.965437274651554,0.153072931688728,0.95));
#7116=CARTESIAN_POINT('',(-0.951825092361073,0.199989610276736,0.95));
#7117=CARTESIAN_POINT('Origin',(-0.950118581904854,0.134095281074023,0.95));
#7118=CARTESIAN_POINT('',(-0.834871255783825,0.100657969250952,0.95));
#7119=CARTESIAN_POINT('',(-0.941747805055559,0.0143875950428444,0.95));
#7120=CARTESIAN_POINT('Origin',(-0.858206425424651,0.0202293773857964,0.95));
#7121=CARTESIAN_POINT('Origin',(-0.677673540615753,0.39125,0.95));
#7122=CARTESIAN_POINT('',(-0.677673540615753,0.46125,0.95));
#7123=CARTESIAN_POINT('',(-0.744901147519686,0.410755098563458,0.95));
#7124=CARTESIAN_POINT('Origin',(-0.730250796647027,0.46125,0.95));
#7125=CARTESIAN_POINT('Origin',(-1.01905269926501,0.219494708840194,0.95));
#7126=CARTESIAN_POINT('',(-1.01416974610292,0.149665225322006,0.95));
#7127=CARTESIAN_POINT('Origin',(-0.965437274651554,0.153072931688728,0.95));
#7128=CARTESIAN_POINT('Origin',(0.65,0.46125,0.95));
#7129=CARTESIAN_POINT('Origin',(0.65,0.46125,-0.95));
#7130=CARTESIAN_POINT('',(0.,0.46125,-0.75));
#7131=CARTESIAN_POINT('',(0.,0.46125,-1.15));
#7132=CARTESIAN_POINT('',(0.,0.46125,-0.680487435897468));
#7133=CARTESIAN_POINT('',(-0.677673540615753,0.46125,-0.75));
#7134=CARTESIAN_POINT('',(0.,0.46125,-0.75));
#7135=CARTESIAN_POINT('',(-0.677673540615753,0.46125,-1.15));
#7136=CARTESIAN_POINT('',(-0.677673540615753,0.46125,-0.95));
#7137=CARTESIAN_POINT('',(0.65,0.46125,-1.15));
#7138=CARTESIAN_POINT('Origin',(-0.965437274651554,0.153072931688728,-0.95));
#7139=CARTESIAN_POINT('',(-1.1475,0.140341865731364,-1.15));
#7140=CARTESIAN_POINT('',(-1.1475,0.140341865731364,-0.75));
#7141=CARTESIAN_POINT('',(-1.1475,0.140341865731364,0.1));
#7142=CARTESIAN_POINT('',(-1.01416974610292,0.149665225322006,-0.75));
#7143=CARTESIAN_POINT('',(-1.15726590632418,0.139658967036375,-0.75));
#7144=CARTESIAN_POINT('',(-1.01416974610292,0.149665225322006,-1.15));
#7145=CARTESIAN_POINT('',(-1.01416974610292,0.149665225322006,-0.95));
#7146=CARTESIAN_POINT('',(-1.15726590632418,0.139658967036375,-1.15));
#7147=CARTESIAN_POINT('Origin',(-1.01905269926501,0.219494708840194,-0.95));
#7148=CARTESIAN_POINT('',(-0.951825092361073,0.199989610276736,-1.15));
#7149=CARTESIAN_POINT('Origin',(-1.01905269926501,0.219494708840194,-1.15));
#7150=CARTESIAN_POINT('',(-0.951825092361073,0.199989610276736,-0.75));
#7151=CARTESIAN_POINT('Origin',(-1.01905269926501,0.219494708840194,-0.75));
#7152=CARTESIAN_POINT('',(-0.951825092361073,0.199989610276736,-0.95));
#7153=CARTESIAN_POINT('Origin',(-0.730250796647027,0.46125,-0.95));
#7154=CARTESIAN_POINT('',(-0.834871255783826,0.100657969250952,-0.75));
#7155=CARTESIAN_POINT('',(-0.834871255783826,0.100657969250952,-1.15));
#7156=CARTESIAN_POINT('',(-0.834871255783825,0.100657969250952,-0.95));
#7157=CARTESIAN_POINT('',(-0.744901147519686,0.410755098563458,-1.15));
#7158=CARTESIAN_POINT('',(-0.730250796647027,0.46125,-1.15));
#7159=CARTESIAN_POINT('',(-0.744901147519686,0.410755098563458,-0.75));
#7160=CARTESIAN_POINT('',(-0.744901147519686,0.410755098563458,-0.95));
#7161=CARTESIAN_POINT('',(-0.730250796647027,0.46125,-0.75));
#7162=CARTESIAN_POINT('Origin',(-0.677673540615753,0.39125,-0.95));
#7163=CARTESIAN_POINT('Origin',(-0.677673540615753,0.39125,-1.15));
#7164=CARTESIAN_POINT('Origin',(-0.677673540615753,0.39125,-0.75));
#7165=CARTESIAN_POINT('Origin',(-0.858206425424651,0.0202293773857964,-0.95));
#7166=CARTESIAN_POINT('',(-0.941747805055559,0.0143875950428445,-1.15));
#7167=CARTESIAN_POINT('',(-0.941747805055559,0.0143875950428445,-0.75));
#7168=CARTESIAN_POINT('',(-0.941747805055559,0.0143875950428444,-0.95));
#7169=CARTESIAN_POINT('',(-1.1475,0.,-0.75));
#7170=CARTESIAN_POINT('',(-0.858206425424651,0.0202293773857964,-0.75));
#7171=CARTESIAN_POINT('',(-1.1475,0.,-1.15));
#7172=CARTESIAN_POINT('',(-1.1475,0.,-0.95));
#7173=CARTESIAN_POINT('',(-0.858206425424651,0.0202293773857964,-1.15));
#7174=CARTESIAN_POINT('Origin',(-0.950118581904854,0.134095281074023,-0.95));
#7175=CARTESIAN_POINT('Origin',(-0.950118581904854,0.134095281074023,-1.15));
#7176=CARTESIAN_POINT('Origin',(-0.950118581904854,0.134095281074023,-0.75));
#7177=CARTESIAN_POINT('Origin',(-0.965437274651554,0.153072931688728,-0.95));
#7178=CARTESIAN_POINT('',(-0.860520195919848,0.514687311823071,-0.75));
#7179=CARTESIAN_POINT('',(-0.860520195919848,0.514687311823071,-1.15));
#7180=CARTESIAN_POINT('',(-0.860520195919848,0.514687311823071,-0.95));
#7181=CARTESIAN_POINT('',(-0.965437274651554,0.153072931688728,-1.15));
#7182=CARTESIAN_POINT('',(-0.965437274651554,0.153072931688728,-0.75));
#7183=CARTESIAN_POINT('Origin',(-0.745272869798819,0.48125,-0.95));
#7184=CARTESIAN_POINT('',(-0.745272869798819,0.60125,-0.75));
#7185=CARTESIAN_POINT('Origin',(-0.745272869798819,0.48125,-0.75));
#7186=CARTESIAN_POINT('',(-0.745272869798819,0.60125,-1.15));
#7187=CARTESIAN_POINT('',(-0.745272869798819,0.60125,-0.95));
#7188=CARTESIAN_POINT('Origin',(-0.745272869798819,0.48125,-1.15));
#7189=CARTESIAN_POINT('Origin',(0.690125398323513,0.53125,-1.15));
#7190=CARTESIAN_POINT('',(-1.1475,0.265625,-1.15));
#7191=CARTESIAN_POINT('',(0.,0.60125,-1.15));
#7192=CARTESIAN_POINT('',(-0.65,0.60125,-1.15));
#7193=CARTESIAN_POINT('',(0.,0.56625,-1.15));
#7194=CARTESIAN_POINT('Origin',(0.730250796647027,0.60125,-0.95));
#7195=CARTESIAN_POINT('',(0.,0.60125,-0.75));
#7196=CARTESIAN_POINT('',(0.,0.60125,-0.680487435897468));
#7197=CARTESIAN_POINT('',(0.835405308709574,0.60125,-0.75));
#7198=CARTESIAN_POINT('Origin',(0.,0.60125,-0.410974871794936));
#7199=CARTESIAN_POINT('',(0.,0.56625,-0.75));
#7200=CARTESIAN_POINT('Origin',(0.690125398323513,0.53125,-0.75));
#7201=CARTESIAN_POINT('',(-1.1475,0.265625,-0.75));
#7202=CARTESIAN_POINT('Origin',(-1.1475,0.,1.15));
#7203=CARTESIAN_POINT('Origin',(1.1475,0.318850454036362,1.15));
#7204=CARTESIAN_POINT('',(1.1475,0.,0.2));
#7205=CARTESIAN_POINT('',(1.1475,0.140341865731364,0.2));
#7206=CARTESIAN_POINT('',(1.1475,0.425050227018181,0.2));
#7207=CARTESIAN_POINT('',(1.1475,0.,-0.2));
#7208=CARTESIAN_POINT('',(1.1475,0.,0.));
#7209=CARTESIAN_POINT('',(1.1475,0.140341865731364,-0.2));
#7210=CARTESIAN_POINT('',(1.1475,0.425050227018181,-0.2));
#7211=CARTESIAN_POINT('',(1.1475,0.140341865731364,0.575));
#7212=CARTESIAN_POINT('Origin',(0.690125398323513,0.53125,-0.2));
#7213=CARTESIAN_POINT('',(0.941747805055559,0.0143875950428445,-0.2));
#7214=CARTESIAN_POINT('',(0.858206425424651,0.0202293773857964,-0.2));
#7215=CARTESIAN_POINT('',(0.834871255783826,0.100657969250952,-0.2));
#7216=CARTESIAN_POINT('Origin',(0.950118581904854,0.134095281074023,-0.2));
#7217=CARTESIAN_POINT('',(0.744901147519686,0.410755098563458,-0.2));
#7218=CARTESIAN_POINT('',(0.730250796647027,0.46125,-0.2));
#7219=CARTESIAN_POINT('',(0.677673540615753,0.46125,-0.2));
#7220=CARTESIAN_POINT('Origin',(0.677673540615753,0.39125,-0.2));
#7221=CARTESIAN_POINT('',(0.,0.46125,-0.2));
#7222=CARTESIAN_POINT('',(0.65,0.46125,-0.2));
#7223=CARTESIAN_POINT('',(0.,0.60125,-0.2));
#7224=CARTESIAN_POINT('',(0.,0.56625,-0.2));
#7225=CARTESIAN_POINT('',(0.745272869798819,0.60125,-0.2));
#7226=CARTESIAN_POINT('',(-0.65,0.60125,-0.2));
#7227=CARTESIAN_POINT('',(0.860520195919848,0.514687311823071,-0.2));
#7228=CARTESIAN_POINT('Origin',(0.745272869798819,0.48125,-0.2));
#7229=CARTESIAN_POINT('',(0.951825092361073,0.199989610276736,-0.2));
#7230=CARTESIAN_POINT('',(0.965437274651554,0.153072931688728,-0.2));
#7231=CARTESIAN_POINT('',(1.01416974610292,0.149665225322006,-0.2));
#7232=CARTESIAN_POINT('Origin',(1.01905269926501,0.219494708840194,-0.2));
#7233=CARTESIAN_POINT('',(1.15726590632418,0.139658967036375,-0.2));
#7234=CARTESIAN_POINT('Origin',(0.730250796647027,0.60125,0.));
#7235=CARTESIAN_POINT('',(0.,0.60125,0.2));
#7236=CARTESIAN_POINT('',(0.,0.60125,-0.205487435897468));
#7237=CARTESIAN_POINT('',(0.745272869798819,0.60125,0.2));
#7238=CARTESIAN_POINT('',(0.835405308709574,0.60125,0.2));
#7239=CARTESIAN_POINT('',(0.745272869798819,0.60125,0.));
#7240=CARTESIAN_POINT('Origin',(0.965437274651554,0.153072931688728,0.));
#7241=CARTESIAN_POINT('',(1.01416974610292,0.149665225322006,0.2));
#7242=CARTESIAN_POINT('',(1.01416974610292,0.149665225322006,0.));
#7243=CARTESIAN_POINT('',(1.15726590632418,0.139658967036375,0.2));
#7244=CARTESIAN_POINT('Origin',(1.01905269926501,0.219494708840194,0.));
#7245=CARTESIAN_POINT('',(0.951825092361073,0.199989610276736,0.2));
#7246=CARTESIAN_POINT('',(0.951825092361073,0.199989610276736,0.));
#7247=CARTESIAN_POINT('Origin',(1.01905269926501,0.219494708840194,0.2));
#7248=CARTESIAN_POINT('Origin',(0.730250796647027,0.46125,0.));
#7249=CARTESIAN_POINT('',(0.834871255783826,0.100657969250952,0.2));
#7250=CARTESIAN_POINT('',(0.834871255783825,0.100657969250952,0.));
#7251=CARTESIAN_POINT('',(0.744901147519686,0.410755098563458,0.2));
#7252=CARTESIAN_POINT('',(0.730250796647027,0.46125,0.2));
#7253=CARTESIAN_POINT('',(0.744901147519686,0.410755098563458,0.));
#7254=CARTESIAN_POINT('Origin',(0.677673540615753,0.39125,0.));
#7255=CARTESIAN_POINT('',(0.677673540615753,0.46125,0.2));
#7256=CARTESIAN_POINT('Origin',(0.677673540615753,0.39125,0.2));
#7257=CARTESIAN_POINT('',(0.677673540615753,0.46125,0.));
#7258=CARTESIAN_POINT('Origin',(0.858206425424651,0.0202293773857964,0.));
#7259=CARTESIAN_POINT('',(0.941747805055559,0.0143875950428445,0.2));
#7260=CARTESIAN_POINT('',(0.941747805055559,0.0143875950428444,0.));
#7261=CARTESIAN_POINT('',(0.858206425424651,0.0202293773857964,0.2));
#7262=CARTESIAN_POINT('Origin',(0.950118581904854,0.134095281074023,0.));
#7263=CARTESIAN_POINT('Origin',(0.950118581904854,0.134095281074023,0.2));
#7264=CARTESIAN_POINT('Origin',(0.690125398323513,0.53125,0.2));
#7265=CARTESIAN_POINT('',(0.860520195919848,0.514687311823071,0.2));
#7266=CARTESIAN_POINT('',(0.965437274651554,0.153072931688728,0.2));
#7267=CARTESIAN_POINT('Origin',(0.745272869798819,0.48125,0.2));
#7268=CARTESIAN_POINT('',(0.,0.46125,0.2));
#7269=CARTESIAN_POINT('',(0.,0.56625,0.2));
#7270=CARTESIAN_POINT('',(0.,0.46125,0.2));
#7271=CARTESIAN_POINT('Origin',(0.965437274651554,0.153072931688728,0.));
#7272=CARTESIAN_POINT('',(0.860520195919848,0.514687311823071,0.));
#7273=CARTESIAN_POINT('Origin',(0.745272869798819,0.48125,0.));
#7274=CARTESIAN_POINT('Origin',(0.65,0.46125,0.));
#7275=CARTESIAN_POINT('',(0.,0.46125,-0.205487435897468));
#7276=CARTESIAN_POINT('Origin',(0.,0.60125,-0.410974871794936));
#7277=CARTESIAN_POINT('',(0.,0.,0.));
#7278=CARTESIAN_POINT('Ctrl Pts',(1.88411127594381,0.273740401732951,0.));
#7279=CARTESIAN_POINT('Ctrl Pts',(1.88411127594381,0.273740401732951,0.01));
#7280=CARTESIAN_POINT('Ctrl Pts',(1.8842510267439,0.276600930541845,0.));
#7281=CARTESIAN_POINT('Ctrl Pts',(1.8842510267439,0.276600930541845,0.01));
#7282=CARTESIAN_POINT('Ctrl Pts',(1.88412014901058,0.277280459564065,0.));
#7283=CARTESIAN_POINT('Ctrl Pts',(1.88412014901058,0.277280459564065,0.01));
#7284=CARTESIAN_POINT('Ctrl Pts',(1.88315687410501,0.278700150230727,0.));
#7285=CARTESIAN_POINT('Ctrl Pts',(1.88315687410501,0.278700150230727,0.01));
#7286=CARTESIAN_POINT('',(1.88411127594381,0.273740401732951,0.));
#7287=CARTESIAN_POINT('',(1.88315687410501,0.278700150230727,0.));
#7288=CARTESIAN_POINT('Ctrl Pts',(1.88411127594381,0.273740401732951,0.));
#7289=CARTESIAN_POINT('Ctrl Pts',(1.8842510267439,0.276600930541845,0.));
#7290=CARTESIAN_POINT('Ctrl Pts',(1.88412014901058,0.277280459564065,0.));
#7291=CARTESIAN_POINT('Ctrl Pts',(1.88315687410501,0.278700150230727,0.));
#7292=CARTESIAN_POINT('',(1.88411127594381,0.273740401732951,0.01));
#7293=CARTESIAN_POINT('',(1.88411127594381,0.273740401732951,0.));
#7294=CARTESIAN_POINT('',(1.88315687410501,0.278700150230727,0.01));
#7295=CARTESIAN_POINT('Ctrl Pts',(1.88315687410501,0.278700150230727,0.01));
#7296=CARTESIAN_POINT('Ctrl Pts',(1.88412014901058,0.277280459564065,0.01));
#7297=CARTESIAN_POINT('Ctrl Pts',(1.8842510267439,0.276600930541845,0.01));
#7298=CARTESIAN_POINT('Ctrl Pts',(1.88411127594381,0.273740401732951,0.01));
#7299=CARTESIAN_POINT('',(1.88315687410501,0.278700150230727,0.));
#7300=CARTESIAN_POINT('Ctrl Pts',(1.87443667558861,0.264747992319615,0.));
#7301=CARTESIAN_POINT('Ctrl Pts',(1.87443667558861,0.264747992319615,0.01));
#7302=CARTESIAN_POINT('Ctrl Pts',(1.88157431829945,0.266260258648503,0.));
#7303=CARTESIAN_POINT('Ctrl Pts',(1.88157431829945,0.266260258648503,0.01));
#7304=CARTESIAN_POINT('Ctrl Pts',(1.88384907682388,0.268374414666282,0.));
#7305=CARTESIAN_POINT('Ctrl Pts',(1.88384907682388,0.268374414666282,0.01));
#7306=CARTESIAN_POINT('Ctrl Pts',(1.88411127594381,0.273740401732951,0.));
#7307=CARTESIAN_POINT('Ctrl Pts',(1.88411127594381,0.273740401732951,0.01));
#7308=CARTESIAN_POINT('',(1.87443667558861,0.264747992319615,0.));
#7309=CARTESIAN_POINT('Ctrl Pts',(1.87443667558861,0.264747992319615,0.));
#7310=CARTESIAN_POINT('Ctrl Pts',(1.88157431829945,0.266260258648503,0.));
#7311=CARTESIAN_POINT('Ctrl Pts',(1.88384907682388,0.268374414666282,0.));
#7312=CARTESIAN_POINT('Ctrl Pts',(1.88411127594381,0.273740401732951,0.));
#7313=CARTESIAN_POINT('',(1.87443667558861,0.264747992319615,0.01));
#7314=CARTESIAN_POINT('',(1.87443667558861,0.264747992319615,0.));
#7315=CARTESIAN_POINT('Ctrl Pts',(1.88411127594381,0.273740401732951,0.01));
#7316=CARTESIAN_POINT('Ctrl Pts',(1.88384907682388,0.268374414666282,0.01));
#7317=CARTESIAN_POINT('Ctrl Pts',(1.88157431829945,0.266260258648503,0.01));
#7318=CARTESIAN_POINT('Ctrl Pts',(1.87443667558861,0.264747992319615,0.01));
#7319=CARTESIAN_POINT('Ctrl Pts',(1.76931795759541,0.264632923433395,0.));
#7320=CARTESIAN_POINT('Ctrl Pts',(1.76931795759541,0.264632923433395,0.01));
#7321=CARTESIAN_POINT('Ctrl Pts',(1.76896187760117,0.263685241734269,0.));
#7322=CARTESIAN_POINT('Ctrl Pts',(1.76896187760117,0.263685241734269,0.01));
#7323=CARTESIAN_POINT('Ctrl Pts',(1.8699424250676,0.263795775024663,0.));
#7324=CARTESIAN_POINT('Ctrl Pts',(1.8699424250676,0.263795775024663,0.01));
#7325=CARTESIAN_POINT('Ctrl Pts',(1.87443667558861,0.264747992319615,0.));
#7326=CARTESIAN_POINT('Ctrl Pts',(1.87443667558861,0.264747992319615,0.01));
#7327=CARTESIAN_POINT('',(1.76931795759541,0.264632923433395,0.));
#7328=CARTESIAN_POINT('Ctrl Pts',(1.76931795759541,0.264632923433395,0.));
#7329=CARTESIAN_POINT('Ctrl Pts',(1.76896187760117,0.263685241734269,0.));
#7330=CARTESIAN_POINT('Ctrl Pts',(1.8699424250676,0.263795775024663,0.));
#7331=CARTESIAN_POINT('Ctrl Pts',(1.87443667558861,0.264747992319615,0.));
#7332=CARTESIAN_POINT('',(1.76931795759541,0.264632923433395,0.01));
#7333=CARTESIAN_POINT('',(1.76931795759541,0.264632923433395,0.));
#7334=CARTESIAN_POINT('Ctrl Pts',(1.87443667558861,0.264747992319615,0.01));
#7335=CARTESIAN_POINT('Ctrl Pts',(1.8699424250676,0.263795775024663,0.01));
#7336=CARTESIAN_POINT('Ctrl Pts',(1.76896187760117,0.263685241734269,0.01));
#7337=CARTESIAN_POINT('Ctrl Pts',(1.76931795759541,0.264632923433395,0.01));
#7338=CARTESIAN_POINT('Ctrl Pts',(1.77447661067101,0.280969718011171,0.));
#7339=CARTESIAN_POINT('Ctrl Pts',(1.77447661067101,0.280969718011171,0.01));
#7340=CARTESIAN_POINT('Ctrl Pts',(1.77283760745247,0.275663919888975,0.));
#7341=CARTESIAN_POINT('Ctrl Pts',(1.77283760745247,0.275663919888975,0.01));
#7342=CARTESIAN_POINT('Ctrl Pts',(1.76954599564348,0.265239249582152,0.));
#7343=CARTESIAN_POINT('Ctrl Pts',(1.76954599564348,0.265239249582152,0.01));
#7344=CARTESIAN_POINT('Ctrl Pts',(1.76931795759541,0.264632923433395,0.));
#7345=CARTESIAN_POINT('Ctrl Pts',(1.76931795759541,0.264632923433395,0.01));
#7346=CARTESIAN_POINT('',(1.77447661067101,0.280969718011171,0.));
#7347=CARTESIAN_POINT('Ctrl Pts',(1.77447661067101,0.280969718011171,0.));
#7348=CARTESIAN_POINT('Ctrl Pts',(1.77283760745247,0.275663919888975,0.));
#7349=CARTESIAN_POINT('Ctrl Pts',(1.76954599564348,0.265239249582152,0.));
#7350=CARTESIAN_POINT('Ctrl Pts',(1.76931795759541,0.264632923433395,0.));
#7351=CARTESIAN_POINT('',(1.77447661067101,0.280969718011171,0.01));
#7352=CARTESIAN_POINT('',(1.77447661067101,0.280969718011171,0.));
#7353=CARTESIAN_POINT('Ctrl Pts',(1.76931795759541,0.264632923433395,0.01));
#7354=CARTESIAN_POINT('Ctrl Pts',(1.76954599564348,0.265239249582152,0.01));
#7355=CARTESIAN_POINT('Ctrl Pts',(1.77283760745247,0.275663919888975,0.01));
#7356=CARTESIAN_POINT('Ctrl Pts',(1.77447661067101,0.280969718011171,0.01));
#7357=CARTESIAN_POINT('Origin',(1.77539347943821,0.283937906695615,0.));
#7358=CARTESIAN_POINT('',(1.77539347943821,0.283937906695615,0.));
#7359=CARTESIAN_POINT('',(1.77765140869925,0.291247524301369,0.));
#7360=CARTESIAN_POINT('',(1.77539347943821,0.283937906695615,0.01));
#7361=CARTESIAN_POINT('',(1.77539347943821,0.283937906695615,0.));
#7362=CARTESIAN_POINT('',(1.77765140869925,0.291247524301369,0.01));
#7363=CARTESIAN_POINT('Origin',(1.82541539277141,0.283799812201395,0.));
#7364=CARTESIAN_POINT('',(1.82541539277141,0.283799812201395,0.));
#7365=CARTESIAN_POINT('',(1.8150940274791,0.283828306187825,0.));
#7366=CARTESIAN_POINT('',(1.82541539277141,0.283799812201395,0.01));
#7367=CARTESIAN_POINT('',(1.82541539277141,0.283799812201395,0.));
#7368=CARTESIAN_POINT('',(1.8150940274791,0.283828306187825,0.01));
#7369=CARTESIAN_POINT('Ctrl Pts',(1.87714980797141,0.283074572097395,0.));
#7370=CARTESIAN_POINT('Ctrl Pts',(1.87714980797141,0.283074572097395,0.01));
#7371=CARTESIAN_POINT('Ctrl Pts',(1.87583969967815,0.283523889404941,0.));
#7372=CARTESIAN_POINT('Ctrl Pts',(1.87583969967815,0.283523889404941,0.01));
#7373=CARTESIAN_POINT('Ctrl Pts',(1.86369587275388,0.283694133977408,0.));
#7374=CARTESIAN_POINT('Ctrl Pts',(1.86369587275388,0.283694133977408,0.01));
#7375=CARTESIAN_POINT('Ctrl Pts',(1.82541539277141,0.283799812201395,0.));
#7376=CARTESIAN_POINT('Ctrl Pts',(1.82541539277141,0.283799812201395,0.01));
#7377=CARTESIAN_POINT('',(1.87714980797141,0.283074572097395,0.));
#7378=CARTESIAN_POINT('Ctrl Pts',(1.87714980797141,0.283074572097395,0.));
#7379=CARTESIAN_POINT('Ctrl Pts',(1.87583969967815,0.283523889404941,0.));
#7380=CARTESIAN_POINT('Ctrl Pts',(1.86369587275388,0.283694133977408,0.));
#7381=CARTESIAN_POINT('Ctrl Pts',(1.82541539277141,0.283799812201395,0.));
#7382=CARTESIAN_POINT('',(1.87714980797141,0.283074572097395,0.01));
#7383=CARTESIAN_POINT('',(1.87714980797141,0.283074572097395,0.));
#7384=CARTESIAN_POINT('Ctrl Pts',(1.82541539277141,0.283799812201395,0.01));
#7385=CARTESIAN_POINT('Ctrl Pts',(1.86369587275388,0.283694133977408,0.01));
#7386=CARTESIAN_POINT('Ctrl Pts',(1.87583969967815,0.283523889404941,0.01));
#7387=CARTESIAN_POINT('Ctrl Pts',(1.87714980797141,0.283074572097395,0.01));
#7388=CARTESIAN_POINT('Ctrl Pts',(1.88315687410501,0.278700150230727,0.));
#7389=CARTESIAN_POINT('Ctrl Pts',(1.88315687410501,0.278700150230727,0.01));
#7390=CARTESIAN_POINT('Ctrl Pts',(1.88187731873774,0.280585676897393,0.));
#7391=CARTESIAN_POINT('Ctrl Pts',(1.88187731873774,0.280585676897393,0.01));
#7392=CARTESIAN_POINT('Ctrl Pts',(1.8796253935714,0.282225419617387,0.));
#7393=CARTESIAN_POINT('Ctrl Pts',(1.8796253935714,0.282225419617387,0.01));
#7394=CARTESIAN_POINT('Ctrl Pts',(1.87714980797141,0.283074572097395,0.));
#7395=CARTESIAN_POINT('Ctrl Pts',(1.87714980797141,0.283074572097395,0.01));
#7396=CARTESIAN_POINT('Ctrl Pts',(1.88315687410501,0.278700150230727,0.));
#7397=CARTESIAN_POINT('Ctrl Pts',(1.88187731873774,0.280585676897393,0.));
#7398=CARTESIAN_POINT('Ctrl Pts',(1.8796253935714,0.282225419617387,0.));
#7399=CARTESIAN_POINT('Ctrl Pts',(1.87714980797141,0.283074572097395,0.));
#7400=CARTESIAN_POINT('Ctrl Pts',(1.87714980797141,0.283074572097395,0.01));
#7401=CARTESIAN_POINT('Ctrl Pts',(1.8796253935714,0.282225419617387,0.01));
#7402=CARTESIAN_POINT('Ctrl Pts',(1.88187731873774,0.280585676897393,0.01));
#7403=CARTESIAN_POINT('Ctrl Pts',(1.88315687410501,0.278700150230727,0.01));
#7404=CARTESIAN_POINT('Origin',(1.84278467247614,0.30627549725494,0.));
#7405=CARTESIAN_POINT('',(1.84278467247614,0.30627549725494,0.));
#7406=CARTESIAN_POINT('',(1.87259847194381,0.306394767389571,0.));
#7407=CARTESIAN_POINT('',(1.82375784069082,0.306199380395326,0.));
#7408=CARTESIAN_POINT('',(1.84278467247614,0.30627549725494,0.01));
#7409=CARTESIAN_POINT('',(1.84278467247614,0.30627549725494,0.));
#7410=CARTESIAN_POINT('',(1.87259847194381,0.306394767389571,0.01));
#7411=CARTESIAN_POINT('',(1.82375784069082,0.306199380395326,0.01));
#7412=CARTESIAN_POINT('',(1.87259847194381,0.306394767389571,0.));
#7413=CARTESIAN_POINT('Ctrl Pts',(1.79782780106381,0.306038957416239,0.));
#7414=CARTESIAN_POINT('Ctrl Pts',(1.79782780106381,0.306038957416239,0.01));
#7415=CARTESIAN_POINT('Ctrl Pts',(1.80615665306545,0.306103450665667,0.));
#7416=CARTESIAN_POINT('Ctrl Pts',(1.80615665306545,0.306103450665667,0.01));
#7417=CARTESIAN_POINT('Ctrl Pts',(1.82638724520097,0.306209893593056,0.));
#7418=CARTESIAN_POINT('Ctrl Pts',(1.82638724520097,0.306209893593056,0.01));
#7419=CARTESIAN_POINT('Ctrl Pts',(1.84278467247614,0.30627549725494,0.));
#7420=CARTESIAN_POINT('Ctrl Pts',(1.84278467247614,0.30627549725494,0.01));
#7421=CARTESIAN_POINT('',(1.79782780106381,0.306038957416239,0.));
#7422=CARTESIAN_POINT('Ctrl Pts',(1.79782780106381,0.306038957416239,0.));
#7423=CARTESIAN_POINT('Ctrl Pts',(1.80615665306545,0.306103450665667,0.));
#7424=CARTESIAN_POINT('Ctrl Pts',(1.82638724520097,0.306209893593056,0.));
#7425=CARTESIAN_POINT('Ctrl Pts',(1.84278467247614,0.30627549725494,0.));
#7426=CARTESIAN_POINT('',(1.79782780106381,0.306038957416239,0.01));
#7427=CARTESIAN_POINT('',(1.79782780106381,0.306038957416239,0.));
#7428=CARTESIAN_POINT('Ctrl Pts',(1.84278467247614,0.30627549725494,0.01));
#7429=CARTESIAN_POINT('Ctrl Pts',(1.82638724520097,0.306209893593056,0.01));
#7430=CARTESIAN_POINT('Ctrl Pts',(1.80615665306545,0.306103450665667,0.01));
#7431=CARTESIAN_POINT('Ctrl Pts',(1.79782780106381,0.306038957416239,0.01));
#7432=CARTESIAN_POINT('Ctrl Pts',(1.78057412293061,0.306782757018015,0.));
#7433=CARTESIAN_POINT('Ctrl Pts',(1.78057412293061,0.306782757018015,0.01));
#7434=CARTESIAN_POINT('Ctrl Pts',(1.78054501927189,0.305948777482017,0.));
#7435=CARTESIAN_POINT('Ctrl Pts',(1.78054501927189,0.305948777482017,0.01));
#7436=CARTESIAN_POINT('Ctrl Pts',(1.78140329622229,0.305911776794004,0.));
#7437=CARTESIAN_POINT('Ctrl Pts',(1.78140329622229,0.305911776794004,0.01));
#7438=CARTESIAN_POINT('Ctrl Pts',(1.79782780106381,0.306038957416239,0.));
#7439=CARTESIAN_POINT('Ctrl Pts',(1.79782780106381,0.306038957416239,0.01));
#7440=CARTESIAN_POINT('',(1.78057412293061,0.306782757018015,0.));
#7441=CARTESIAN_POINT('Ctrl Pts',(1.78057412293061,0.306782757018015,0.));
#7442=CARTESIAN_POINT('Ctrl Pts',(1.78054501927189,0.305948777482017,0.));
#7443=CARTESIAN_POINT('Ctrl Pts',(1.78140329622229,0.305911776794004,0.));
#7444=CARTESIAN_POINT('Ctrl Pts',(1.79782780106381,0.306038957416239,0.));
#7445=CARTESIAN_POINT('',(1.78057412293061,0.306782757018015,0.01));
#7446=CARTESIAN_POINT('',(1.78057412293061,0.306782757018015,0.));
#7447=CARTESIAN_POINT('Ctrl Pts',(1.79782780106381,0.306038957416239,0.01));
#7448=CARTESIAN_POINT('Ctrl Pts',(1.78140329622229,0.305911776794004,0.01));
#7449=CARTESIAN_POINT('Ctrl Pts',(1.78054501927189,0.305948777482017,0.01));
#7450=CARTESIAN_POINT('Ctrl Pts',(1.78057412293061,0.306782757018015,0.01));
#7451=CARTESIAN_POINT('Ctrl Pts',(1.78354098065501,0.317042536120239,0.));
#7452=CARTESIAN_POINT('Ctrl Pts',(1.78354098065501,0.317042536120239,0.01));
#7453=CARTESIAN_POINT('Ctrl Pts',(1.78191987129544,0.311706865388841,0.));
#7454=CARTESIAN_POINT('Ctrl Pts',(1.78191987129544,0.311706865388841,0.01));
#7455=CARTESIAN_POINT('Ctrl Pts',(1.78058477046225,0.307089913053167,0.));
#7456=CARTESIAN_POINT('Ctrl Pts',(1.78058477046225,0.307089913053167,0.01));
#7457=CARTESIAN_POINT('Ctrl Pts',(1.78057412293061,0.306782757018015,0.));
#7458=CARTESIAN_POINT('Ctrl Pts',(1.78057412293061,0.306782757018015,0.01));
#7459=CARTESIAN_POINT('',(1.78354098065501,0.317042536120239,0.));
#7460=CARTESIAN_POINT('Ctrl Pts',(1.78354098065501,0.317042536120239,0.));
#7461=CARTESIAN_POINT('Ctrl Pts',(1.78191987129544,0.311706865388841,0.));
#7462=CARTESIAN_POINT('Ctrl Pts',(1.78058477046225,0.307089913053167,0.));
#7463=CARTESIAN_POINT('Ctrl Pts',(1.78057412293061,0.306782757018015,0.));
#7464=CARTESIAN_POINT('',(1.78354098065501,0.317042536120239,0.01));
#7465=CARTESIAN_POINT('',(1.78354098065501,0.317042536120239,0.));
#7466=CARTESIAN_POINT('Ctrl Pts',(1.78057412293061,0.306782757018015,0.01));
#7467=CARTESIAN_POINT('Ctrl Pts',(1.78058477046225,0.307089913053167,0.01));
#7468=CARTESIAN_POINT('Ctrl Pts',(1.78191987129544,0.311706865388841,0.01));
#7469=CARTESIAN_POINT('Ctrl Pts',(1.78354098065501,0.317042536120239,0.01));
#7470=CARTESIAN_POINT('Origin',(1.78648831763301,0.326743755675795,0.));
#7471=CARTESIAN_POINT('',(1.78648831763301,0.326743755675795,0.));
#7472=CARTESIAN_POINT('',(1.78227285505662,0.312868474943703,0.));
#7473=CARTESIAN_POINT('',(1.78648831763301,0.326743755675795,0.01));
#7474=CARTESIAN_POINT('',(1.78648831763301,0.326743755675795,0.));
#7475=CARTESIAN_POINT('',(1.78227285505662,0.312868474943703,0.01));
#7476=CARTESIAN_POINT('Origin',(1.83001662501061,0.326743755675795,0.));
#7477=CARTESIAN_POINT('',(1.83001662501061,0.326743755675795,0.));
#7478=CARTESIAN_POINT('',(1.81740432546757,0.326743755675795,0.));
#7479=CARTESIAN_POINT('',(1.83001662501061,0.326743755675795,0.01));
#7480=CARTESIAN_POINT('',(1.83001662501061,0.326743755675795,0.));
#7481=CARTESIAN_POINT('',(1.81740432546757,0.326743755675795,0.01));
#7482=CARTESIAN_POINT('Ctrl Pts',(1.87564193381061,0.325906315643795,0.));
#7483=CARTESIAN_POINT('Ctrl Pts',(1.87564193381061,0.325906315643795,0.01));
#7484=CARTESIAN_POINT('Ctrl Pts',(1.87368911972181,0.326686139896246,0.));
#7485=CARTESIAN_POINT('Ctrl Pts',(1.87368911972181,0.326686139896246,0.01));
#7486=CARTESIAN_POINT('Ctrl Pts',(1.87055042027302,0.326743755675783,0.));
#7487=CARTESIAN_POINT('Ctrl Pts',(1.87055042027302,0.326743755675783,0.01));
#7488=CARTESIAN_POINT('Ctrl Pts',(1.83001662501061,0.326743755675795,0.));
#7489=CARTESIAN_POINT('Ctrl Pts',(1.83001662501061,0.326743755675795,0.01));
#7490=CARTESIAN_POINT('',(1.87564193381061,0.325906315643795,0.));
#7491=CARTESIAN_POINT('Ctrl Pts',(1.87564193381061,0.325906315643795,0.));
#7492=CARTESIAN_POINT('Ctrl Pts',(1.87368911972181,0.326686139896246,0.));
#7493=CARTESIAN_POINT('Ctrl Pts',(1.87055042027302,0.326743755675783,0.));
#7494=CARTESIAN_POINT('Ctrl Pts',(1.83001662501061,0.326743755675795,0.));
#7495=CARTESIAN_POINT('',(1.87564193381061,0.325906315643795,0.01));
#7496=CARTESIAN_POINT('',(1.87564193381061,0.325906315643795,0.));
#7497=CARTESIAN_POINT('Ctrl Pts',(1.83001662501061,0.326743755675795,0.01));
#7498=CARTESIAN_POINT('Ctrl Pts',(1.87055042027302,0.326743755675783,0.01));
#7499=CARTESIAN_POINT('Ctrl Pts',(1.87368911972181,0.326686139896246,0.01));
#7500=CARTESIAN_POINT('Ctrl Pts',(1.87564193381061,0.325906315643795,0.01));
#7501=CARTESIAN_POINT('Ctrl Pts',(1.88186757315301,0.320646657492683,0.));
#7502=CARTESIAN_POINT('Ctrl Pts',(1.88186757315301,0.320646657492683,0.01));
#7503=CARTESIAN_POINT('Ctrl Pts',(1.8808628314489,0.322859156666015,0.));
#7504=CARTESIAN_POINT('Ctrl Pts',(1.8808628314489,0.322859156666015,0.01));
#7505=CARTESIAN_POINT('Ctrl Pts',(1.87870299392629,0.324683902826022,0.));
#7506=CARTESIAN_POINT('Ctrl Pts',(1.87870299392629,0.324683902826022,0.01));
#7507=CARTESIAN_POINT('Ctrl Pts',(1.87564193381061,0.325906315643795,0.));
#7508=CARTESIAN_POINT('Ctrl Pts',(1.87564193381061,0.325906315643795,0.01));
#7509=CARTESIAN_POINT('',(1.88186757315301,0.320646657492683,0.));
#7510=CARTESIAN_POINT('Ctrl Pts',(1.88186757315301,0.320646657492683,0.));
#7511=CARTESIAN_POINT('Ctrl Pts',(1.8808628314489,0.322859156666015,0.));
#7512=CARTESIAN_POINT('Ctrl Pts',(1.87870299392629,0.324683902826022,0.));
#7513=CARTESIAN_POINT('Ctrl Pts',(1.87564193381061,0.325906315643795,0.));
#7514=CARTESIAN_POINT('',(1.88186757315301,0.320646657492683,0.01));
#7515=CARTESIAN_POINT('',(1.88186757315301,0.320646657492683,0.));
#7516=CARTESIAN_POINT('Ctrl Pts',(1.87564193381061,0.325906315643795,0.01));
#7517=CARTESIAN_POINT('Ctrl Pts',(1.87870299392629,0.324683902826022,0.01));
#7518=CARTESIAN_POINT('Ctrl Pts',(1.8808628314489,0.322859156666015,0.01));
#7519=CARTESIAN_POINT('Ctrl Pts',(1.88186757315301,0.320646657492683,0.01));
#7520=CARTESIAN_POINT('Ctrl Pts',(1.87543785327741,0.307532117074903,0.));
#7521=CARTESIAN_POINT('Ctrl Pts',(1.87543785327741,0.307532117074903,0.01));
#7522=CARTESIAN_POINT('Ctrl Pts',(1.88161868363308,0.310007998443794,0.));
#7523=CARTESIAN_POINT('Ctrl Pts',(1.88161868363308,0.310007998443794,0.01));
#7524=CARTESIAN_POINT('Ctrl Pts',(1.88425605481497,0.315387147226003,0.));
#7525=CARTESIAN_POINT('Ctrl Pts',(1.88425605481497,0.315387147226003,0.01));
#7526=CARTESIAN_POINT('Ctrl Pts',(1.88186757315301,0.320646657492683,0.));
#7527=CARTESIAN_POINT('Ctrl Pts',(1.88186757315301,0.320646657492683,0.01));
#7528=CARTESIAN_POINT('',(1.87543785327741,0.307532117074903,0.));
#7529=CARTESIAN_POINT('Ctrl Pts',(1.87543785327741,0.307532117074903,0.));
#7530=CARTESIAN_POINT('Ctrl Pts',(1.88161868363308,0.310007998443794,0.));
#7531=CARTESIAN_POINT('Ctrl Pts',(1.88425605481497,0.315387147226003,0.));
#7532=CARTESIAN_POINT('Ctrl Pts',(1.88186757315301,0.320646657492683,0.));
#7533=CARTESIAN_POINT('',(1.87543785327741,0.307532117074903,0.01));
#7534=CARTESIAN_POINT('',(1.87543785327741,0.307532117074903,0.));
#7535=CARTESIAN_POINT('Ctrl Pts',(1.88186757315301,0.320646657492683,0.01));
#7536=CARTESIAN_POINT('Ctrl Pts',(1.88425605481497,0.315387147226003,0.01));
#7537=CARTESIAN_POINT('Ctrl Pts',(1.88161868363308,0.310007998443794,0.01));
#7538=CARTESIAN_POINT('Ctrl Pts',(1.87543785327741,0.307532117074903,0.01));
#7539=CARTESIAN_POINT('Origin',(1.87259847194381,0.306394767389571,0.));
#7540=CARTESIAN_POINT('',(1.84070364782344,0.293618896904064,0.));
#7541=CARTESIAN_POINT('',(1.84070364782344,0.293618896904064,0.01));
#7542=CARTESIAN_POINT('Ctrl Pts',(1.88112108205421,0.351695852854867,0.));
#7543=CARTESIAN_POINT('Ctrl Pts',(1.88112108205421,0.351695852854867,0.01));
#7544=CARTESIAN_POINT('Ctrl Pts',(1.87596287263176,0.35269800658088,0.));
#7545=CARTESIAN_POINT('Ctrl Pts',(1.87596287263176,0.35269800658088,0.01));
#7546=CARTESIAN_POINT('Ctrl Pts',(1.87523676000973,0.352708609895662,0.));
#7547=CARTESIAN_POINT('Ctrl Pts',(1.87523676000973,0.352708609895662,0.01));
#7548=CARTESIAN_POINT('Ctrl Pts',(1.80031702160981,0.352877153796867,0.));
#7549=CARTESIAN_POINT('Ctrl Pts',(1.80031702160981,0.352877153796867,0.01));
#7550=CARTESIAN_POINT('',(1.88112108205421,0.351695852854867,0.));
#7551=CARTESIAN_POINT('',(1.80031702160981,0.352877153796867,0.));
#7552=CARTESIAN_POINT('Ctrl Pts',(1.88112108205421,0.351695852854867,0.));
#7553=CARTESIAN_POINT('Ctrl Pts',(1.87596287263176,0.35269800658088,0.));
#7554=CARTESIAN_POINT('Ctrl Pts',(1.87523676000973,0.352708609895662,0.));
#7555=CARTESIAN_POINT('Ctrl Pts',(1.80031702160981,0.352877153796867,0.));
#7556=CARTESIAN_POINT('',(1.80031702160981,0.352877153796867,0.01));
#7557=CARTESIAN_POINT('',(1.80031702160981,0.352877153796867,0.));
#7558=CARTESIAN_POINT('',(1.88112108205421,0.351695852854867,0.01));
#7559=CARTESIAN_POINT('Ctrl Pts',(1.88112108205421,0.351695852854867,0.01));
#7560=CARTESIAN_POINT('Ctrl Pts',(1.87596287263176,0.35269800658088,0.01));
#7561=CARTESIAN_POINT('Ctrl Pts',(1.87523676000973,0.352708609895662,0.01));
#7562=CARTESIAN_POINT('Ctrl Pts',(1.80031702160981,0.352877153796867,0.01));
#7563=CARTESIAN_POINT('',(1.88112108205421,0.351695852854867,0.));
#7564=CARTESIAN_POINT('Ctrl Pts',(1.89749780543181,0.346069145512467,0.));
#7565=CARTESIAN_POINT('Ctrl Pts',(1.89749780543181,0.346069145512467,0.01));
#7566=CARTESIAN_POINT('Ctrl Pts',(1.89212501568099,0.348902167814878,0.));
#7567=CARTESIAN_POINT('Ctrl Pts',(1.89212501568099,0.348902167814878,0.01));
#7568=CARTESIAN_POINT('Ctrl Pts',(1.88773077729871,0.350411860954463,0.));
#7569=CARTESIAN_POINT('Ctrl Pts',(1.88773077729871,0.350411860954463,0.01));
#7570=CARTESIAN_POINT('Ctrl Pts',(1.88112108205421,0.351695852854867,0.));
#7571=CARTESIAN_POINT('Ctrl Pts',(1.88112108205421,0.351695852854867,0.01));
#7572=CARTESIAN_POINT('',(1.89749780543181,0.346069145512467,0.));
#7573=CARTESIAN_POINT('Ctrl Pts',(1.89749780543181,0.346069145512467,0.));
#7574=CARTESIAN_POINT('Ctrl Pts',(1.89212501568099,0.348902167814878,0.));
#7575=CARTESIAN_POINT('Ctrl Pts',(1.88773077729871,0.350411860954463,0.));
#7576=CARTESIAN_POINT('Ctrl Pts',(1.88112108205421,0.351695852854867,0.));
#7577=CARTESIAN_POINT('',(1.89749780543181,0.346069145512467,0.01));
#7578=CARTESIAN_POINT('Ctrl Pts',(1.89749780543181,0.346069145512467,0.01));
#7579=CARTESIAN_POINT('Ctrl Pts',(1.89212501568099,0.348902167814878,0.01));
#7580=CARTESIAN_POINT('Ctrl Pts',(1.88773077729871,0.350411860954463,0.01));
#7581=CARTESIAN_POINT('Ctrl Pts',(1.88112108205421,0.351695852854867,0.01));
#7582=CARTESIAN_POINT('',(1.89749780543181,0.346069145512467,0.));
#7583=CARTESIAN_POINT('Ctrl Pts',(1.91409191894301,0.316348808712503,0.));
#7584=CARTESIAN_POINT('Ctrl Pts',(1.91409191894301,0.316348808712503,0.01));
#7585=CARTESIAN_POINT('Ctrl Pts',(1.91568167646168,0.328664624974866,0.));
#7586=CARTESIAN_POINT('Ctrl Pts',(1.91568167646168,0.328664624974866,0.01));
#7587=CARTESIAN_POINT('Ctrl Pts',(1.90949611396868,0.339742944569266,0.));
#7588=CARTESIAN_POINT('Ctrl Pts',(1.90949611396868,0.339742944569266,0.01));
#7589=CARTESIAN_POINT('Ctrl Pts',(1.89749780543181,0.346069145512467,0.));
#7590=CARTESIAN_POINT('Ctrl Pts',(1.89749780543181,0.346069145512467,0.01));
#7591=CARTESIAN_POINT('',(1.91409191894301,0.316348808712503,0.));
#7592=CARTESIAN_POINT('Ctrl Pts',(1.91409191894301,0.316348808712503,0.));
#7593=CARTESIAN_POINT('Ctrl Pts',(1.91568167646168,0.328664624974866,0.));
#7594=CARTESIAN_POINT('Ctrl Pts',(1.90949611396868,0.339742944569266,0.));
#7595=CARTESIAN_POINT('Ctrl Pts',(1.89749780543181,0.346069145512467,0.));
#7596=CARTESIAN_POINT('',(1.91409191894301,0.316348808712503,0.01));
#7597=CARTESIAN_POINT('Ctrl Pts',(1.91409191894301,0.316348808712503,0.01));
#7598=CARTESIAN_POINT('Ctrl Pts',(1.91568167646168,0.328664624974866,0.01));
#7599=CARTESIAN_POINT('Ctrl Pts',(1.90949611396868,0.339742944569266,0.01));
#7600=CARTESIAN_POINT('Ctrl Pts',(1.89749780543181,0.346069145512467,0.01));
#7601=CARTESIAN_POINT('',(1.91409191894301,0.316348808712503,0.));
#7602=CARTESIAN_POINT('Ctrl Pts',(1.90442693107661,0.299200128534727,0.));
#7603=CARTESIAN_POINT('Ctrl Pts',(1.90442693107661,0.299200128534727,0.01));
#7604=CARTESIAN_POINT('Ctrl Pts',(1.91023479686299,0.304129708605848,0.));
#7605=CARTESIAN_POINT('Ctrl Pts',(1.91023479686299,0.304129708605848,0.01));
#7606=CARTESIAN_POINT('Ctrl Pts',(1.91319190900259,0.309376796579157,0.));
#7607=CARTESIAN_POINT('Ctrl Pts',(1.91319190900259,0.309376796579157,0.01));
#7608=CARTESIAN_POINT('Ctrl Pts',(1.91409191894301,0.316348808712503,0.));
#7609=CARTESIAN_POINT('Ctrl Pts',(1.91409191894301,0.316348808712503,0.01));
#7610=CARTESIAN_POINT('',(1.90442693107661,0.299200128534727,0.));
#7611=CARTESIAN_POINT('Ctrl Pts',(1.90442693107661,0.299200128534727,0.));
#7612=CARTESIAN_POINT('Ctrl Pts',(1.91023479686299,0.304129708605848,0.));
#7613=CARTESIAN_POINT('Ctrl Pts',(1.91319190900259,0.309376796579157,0.));
#7614=CARTESIAN_POINT('Ctrl Pts',(1.91409191894301,0.316348808712503,0.));
#7615=CARTESIAN_POINT('',(1.90442693107661,0.299200128534727,0.01));
#7616=CARTESIAN_POINT('Ctrl Pts',(1.90442693107661,0.299200128534727,0.01));
#7617=CARTESIAN_POINT('Ctrl Pts',(1.91023479686299,0.304129708605848,0.01));
#7618=CARTESIAN_POINT('Ctrl Pts',(1.91319190900259,0.309376796579157,0.01));
#7619=CARTESIAN_POINT('Ctrl Pts',(1.91409191894301,0.316348808712503,0.01));
#7620=CARTESIAN_POINT('',(1.90442693107661,0.299200128534727,0.));
#7621=CARTESIAN_POINT('Ctrl Pts',(1.90123262707661,0.296186243556949,0.));
#7622=CARTESIAN_POINT('Ctrl Pts',(1.90123262707661,0.296186243556949,0.01));
#7623=CARTESIAN_POINT('Ctrl Pts',(1.90123262707671,0.296352465672494,0.));
#7624=CARTESIAN_POINT('Ctrl Pts',(1.90123262707671,0.296352465672494,0.01));
#7625=CARTESIAN_POINT('Ctrl Pts',(1.90267006387652,0.297708713912514,0.));
#7626=CARTESIAN_POINT('Ctrl Pts',(1.90267006387652,0.297708713912514,0.01));
#7627=CARTESIAN_POINT('Ctrl Pts',(1.90442693107661,0.299200128534727,0.));
#7628=CARTESIAN_POINT('Ctrl Pts',(1.90442693107661,0.299200128534727,0.01));
#7629=CARTESIAN_POINT('',(1.90123262707661,0.296186243556949,0.));
#7630=CARTESIAN_POINT('Ctrl Pts',(1.90123262707661,0.296186243556949,0.));
#7631=CARTESIAN_POINT('Ctrl Pts',(1.90123262707671,0.296352465672494,0.));
#7632=CARTESIAN_POINT('Ctrl Pts',(1.90267006387652,0.297708713912514,0.));
#7633=CARTESIAN_POINT('Ctrl Pts',(1.90442693107661,0.299200128534727,0.));
#7634=CARTESIAN_POINT('',(1.90123262707661,0.296186243556949,0.01));
#7635=CARTESIAN_POINT('Ctrl Pts',(1.90123262707661,0.296186243556949,0.01));
#7636=CARTESIAN_POINT('Ctrl Pts',(1.90123262707671,0.296352465672494,0.01));
#7637=CARTESIAN_POINT('Ctrl Pts',(1.90267006387652,0.297708713912514,0.01));
#7638=CARTESIAN_POINT('Ctrl Pts',(1.90442693107661,0.299200128534727,0.01));
#7639=CARTESIAN_POINT('',(1.90123262707661,0.296186243556949,0.));
#7640=CARTESIAN_POINT('Ctrl Pts',(1.90468898231181,0.293047100454727,0.));
#7641=CARTESIAN_POINT('Ctrl Pts',(1.90468898231181,0.293047100454727,0.01));
#7642=CARTESIAN_POINT('Ctrl Pts',(1.90278792777871,0.294607429228065,0.));
#7643=CARTESIAN_POINT('Ctrl Pts',(1.90278792777871,0.294607429228065,0.01));
#7644=CARTESIAN_POINT('Ctrl Pts',(1.90123262707671,0.296019962287613,0.));
#7645=CARTESIAN_POINT('Ctrl Pts',(1.90123262707671,0.296019962287613,0.01));
#7646=CARTESIAN_POINT('Ctrl Pts',(1.90123262707661,0.296186243556949,0.));
#7647=CARTESIAN_POINT('Ctrl Pts',(1.90123262707661,0.296186243556949,0.01));
#7648=CARTESIAN_POINT('',(1.90468898231181,0.293047100454727,0.));
#7649=CARTESIAN_POINT('Ctrl Pts',(1.90468898231181,0.293047100454727,0.));
#7650=CARTESIAN_POINT('Ctrl Pts',(1.90278792777871,0.294607429228065,0.));
#7651=CARTESIAN_POINT('Ctrl Pts',(1.90123262707671,0.296019962287613,0.));
#7652=CARTESIAN_POINT('Ctrl Pts',(1.90123262707661,0.296186243556949,0.));
#7653=CARTESIAN_POINT('',(1.90468898231181,0.293047100454727,0.01));
#7654=CARTESIAN_POINT('Ctrl Pts',(1.90468898231181,0.293047100454727,0.01));
#7655=CARTESIAN_POINT('Ctrl Pts',(1.90278792777871,0.294607429228065,0.01));
#7656=CARTESIAN_POINT('Ctrl Pts',(1.90123262707671,0.296019962287613,0.01));
#7657=CARTESIAN_POINT('Ctrl Pts',(1.90123262707661,0.296186243556949,0.01));
#7658=CARTESIAN_POINT('',(1.90468898231181,0.293047100454727,0.));
#7659=CARTESIAN_POINT('Ctrl Pts',(1.91651130845421,0.269248056810283,0.));
#7660=CARTESIAN_POINT('Ctrl Pts',(1.91651130845421,0.269248056810283,0.01));
#7661=CARTESIAN_POINT('Ctrl Pts',(1.91651574468278,0.278588438072167,0.));
#7662=CARTESIAN_POINT('Ctrl Pts',(1.91651574468278,0.278588438072167,0.01));
#7663=CARTESIAN_POINT('Ctrl Pts',(1.91253025907423,0.286611317151722,0.));
#7664=CARTESIAN_POINT('Ctrl Pts',(1.91253025907423,0.286611317151722,0.01));
#7665=CARTESIAN_POINT('Ctrl Pts',(1.90468898231181,0.293047100454727,0.));
#7666=CARTESIAN_POINT('Ctrl Pts',(1.90468898231181,0.293047100454727,0.01));
#7667=CARTESIAN_POINT('',(1.91651130845421,0.269248056810283,0.));
#7668=CARTESIAN_POINT('Ctrl Pts',(1.91651130845421,0.269248056810283,0.));
#7669=CARTESIAN_POINT('Ctrl Pts',(1.91651574468278,0.278588438072167,0.));
#7670=CARTESIAN_POINT('Ctrl Pts',(1.91253025907423,0.286611317151722,0.));
#7671=CARTESIAN_POINT('Ctrl Pts',(1.90468898231181,0.293047100454727,0.));
#7672=CARTESIAN_POINT('',(1.91651130845421,0.269248056810283,0.01));
#7673=CARTESIAN_POINT('Ctrl Pts',(1.91651130845421,0.269248056810283,0.01));
#7674=CARTESIAN_POINT('Ctrl Pts',(1.91651574468278,0.278588438072167,0.01));
#7675=CARTESIAN_POINT('Ctrl Pts',(1.91253025907423,0.286611317151722,0.01));
#7676=CARTESIAN_POINT('Ctrl Pts',(1.90468898231181,0.293047100454727,0.01));
#7677=CARTESIAN_POINT('',(1.91651130845421,0.269248056810283,0.));
#7678=CARTESIAN_POINT('Ctrl Pts',(1.90814977408101,0.250534759210467,0.));
#7679=CARTESIAN_POINT('Ctrl Pts',(1.90814977408101,0.250534759210467,0.01));
#7680=CARTESIAN_POINT('Ctrl Pts',(1.91398899136981,0.256321181752499,0.));
#7681=CARTESIAN_POINT('Ctrl Pts',(1.91398899136981,0.256321181752499,0.01));
#7682=CARTESIAN_POINT('Ctrl Pts',(1.91650835076535,0.261958388890281,0.));
#7683=CARTESIAN_POINT('Ctrl Pts',(1.91650835076535,0.261958388890281,0.01));
#7684=CARTESIAN_POINT('Ctrl Pts',(1.91651130845421,0.269248056810283,0.));
#7685=CARTESIAN_POINT('Ctrl Pts',(1.91651130845421,0.269248056810283,0.01));
#7686=CARTESIAN_POINT('',(1.90814977408101,0.250534759210467,0.));
#7687=CARTESIAN_POINT('Ctrl Pts',(1.90814977408101,0.250534759210467,0.));
#7688=CARTESIAN_POINT('Ctrl Pts',(1.91398899136981,0.256321181752499,0.));
#7689=CARTESIAN_POINT('Ctrl Pts',(1.91650835076535,0.261958388890281,0.));
#7690=CARTESIAN_POINT('Ctrl Pts',(1.91651130845421,0.269248056810283,0.));
#7691=CARTESIAN_POINT('',(1.90814977408101,0.250534759210467,0.01));
#7692=CARTESIAN_POINT('Ctrl Pts',(1.90814977408101,0.250534759210467,0.01));
#7693=CARTESIAN_POINT('Ctrl Pts',(1.91398899136981,0.256321181752499,0.01));
#7694=CARTESIAN_POINT('Ctrl Pts',(1.91650835076535,0.261958388890281,0.01));
#7695=CARTESIAN_POINT('Ctrl Pts',(1.91651130845421,0.269248056810283,0.01));
#7696=CARTESIAN_POINT('',(1.90814977408101,0.250534759210467,0.));
#7697=CARTESIAN_POINT('Ctrl Pts',(1.89355269210741,0.241232975539267,0.));
#7698=CARTESIAN_POINT('Ctrl Pts',(1.89355269210741,0.241232975539267,0.01));
#7699=CARTESIAN_POINT('Ctrl Pts',(1.89902352913562,0.24316893093727,0.));
#7700=CARTESIAN_POINT('Ctrl Pts',(1.89902352913562,0.24316893093727,0.01));
#7701=CARTESIAN_POINT('Ctrl Pts',(1.90376618331385,0.246191245257798,0.));
#7702=CARTESIAN_POINT('Ctrl Pts',(1.90376618331385,0.246191245257798,0.01));
#7703=CARTESIAN_POINT('Ctrl Pts',(1.90814977408101,0.250534759210467,0.));
#7704=CARTESIAN_POINT('Ctrl Pts',(1.90814977408101,0.250534759210467,0.01));
#7705=CARTESIAN_POINT('',(1.89355269210741,0.241232975539267,0.));
#7706=CARTESIAN_POINT('Ctrl Pts',(1.89355269210741,0.241232975539267,0.));
#7707=CARTESIAN_POINT('Ctrl Pts',(1.89902352913562,0.24316893093727,0.));
#7708=CARTESIAN_POINT('Ctrl Pts',(1.90376618331385,0.246191245257798,0.));
#7709=CARTESIAN_POINT('Ctrl Pts',(1.90814977408101,0.250534759210467,0.));
#7710=CARTESIAN_POINT('',(1.89355269210741,0.241232975539267,0.01));
#7711=CARTESIAN_POINT('Ctrl Pts',(1.89355269210741,0.241232975539267,0.01));
#7712=CARTESIAN_POINT('Ctrl Pts',(1.89902352913562,0.24316893093727,0.01));
#7713=CARTESIAN_POINT('Ctrl Pts',(1.90376618331385,0.246191245257798,0.01));
#7714=CARTESIAN_POINT('Ctrl Pts',(1.90814977408101,0.250534759210467,0.01));
#7715=CARTESIAN_POINT('',(1.89355269210741,0.241232975539267,0.));
#7716=CARTESIAN_POINT('Ctrl Pts',(1.82217478615181,0.238487648712467,0.));
#7717=CARTESIAN_POINT('Ctrl Pts',(1.82217478615181,0.238487648712467,0.01));
#7718=CARTESIAN_POINT('Ctrl Pts',(1.88718892869428,0.238487648712474,0.));
#7719=CARTESIAN_POINT('Ctrl Pts',(1.88718892869428,0.238487648712474,0.01));
#7720=CARTESIAN_POINT('Ctrl Pts',(1.88562460704096,0.238427459743666,0.));
#7721=CARTESIAN_POINT('Ctrl Pts',(1.88562460704096,0.238427459743666,0.01));
#7722=CARTESIAN_POINT('Ctrl Pts',(1.89355269210741,0.241232975539267,0.));
#7723=CARTESIAN_POINT('Ctrl Pts',(1.89355269210741,0.241232975539267,0.01));
#7724=CARTESIAN_POINT('',(1.82217478615181,0.238487648712467,0.));
#7725=CARTESIAN_POINT('Ctrl Pts',(1.82217478615181,0.238487648712467,0.));
#7726=CARTESIAN_POINT('Ctrl Pts',(1.88718892869428,0.238487648712474,0.));
#7727=CARTESIAN_POINT('Ctrl Pts',(1.88562460704096,0.238427459743666,0.));
#7728=CARTESIAN_POINT('Ctrl Pts',(1.89355269210741,0.241232975539267,0.));
#7729=CARTESIAN_POINT('',(1.82217478615181,0.238487648712467,0.01));
#7730=CARTESIAN_POINT('Ctrl Pts',(1.82217478615181,0.238487648712467,0.01));
#7731=CARTESIAN_POINT('Ctrl Pts',(1.88718892869428,0.238487648712474,0.01));
#7732=CARTESIAN_POINT('Ctrl Pts',(1.88562460704096,0.238427459743666,0.01));
#7733=CARTESIAN_POINT('Ctrl Pts',(1.89355269210741,0.241232975539267,0.01));
#7734=CARTESIAN_POINT('',(1.82217478615181,0.238487648712467,0.));
#7735=CARTESIAN_POINT('Origin',(1.76264390304101,0.238487648712467,0.));
#7736=CARTESIAN_POINT('',(1.76264390304101,0.238487648712467,0.));
#7737=CARTESIAN_POINT('',(1.76264390304101,0.238487648712467,0.));
#7738=CARTESIAN_POINT('',(1.76264390304101,0.238487648712467,0.01));
#7739=CARTESIAN_POINT('',(1.76264390304101,0.238487648712467,0.01));
#7740=CARTESIAN_POINT('',(1.76264390304101,0.238487648712467,0.));
#7741=CARTESIAN_POINT('Origin',(1.76192732896541,0.236003190045667,0.));
#7742=CARTESIAN_POINT('',(1.76192732896541,0.236003190045667,0.));
#7743=CARTESIAN_POINT('',(1.76192732896541,0.236003190045667,0.));
#7744=CARTESIAN_POINT('',(1.76192732896541,0.236003190045667,0.01));
#7745=CARTESIAN_POINT('',(1.76192732896541,0.236003190045667,0.01));
#7746=CARTESIAN_POINT('',(1.76192732896541,0.236003190045667,0.));
#7747=CARTESIAN_POINT('Ctrl Pts',(1.75899655504541,0.225473817601267,0.));
#7748=CARTESIAN_POINT('Ctrl Pts',(1.75899655504541,0.225473817601267,0.01));
#7749=CARTESIAN_POINT('Ctrl Pts',(1.76021438344549,0.22989852017926,0.));
#7750=CARTESIAN_POINT('Ctrl Pts',(1.76021438344549,0.22989852017926,0.01));
#7751=CARTESIAN_POINT('Ctrl Pts',(1.76153321692103,0.234636737779258,0.));
#7752=CARTESIAN_POINT('Ctrl Pts',(1.76153321692103,0.234636737779258,0.01));
#7753=CARTESIAN_POINT('Ctrl Pts',(1.76192732896541,0.236003190045667,0.));
#7754=CARTESIAN_POINT('Ctrl Pts',(1.76192732896541,0.236003190045667,0.01));
#7755=CARTESIAN_POINT('',(1.75899655504541,0.225473817601267,0.));
#7756=CARTESIAN_POINT('Ctrl Pts',(1.75899655504541,0.225473817601267,0.));
#7757=CARTESIAN_POINT('Ctrl Pts',(1.76021438344549,0.22989852017926,0.));
#7758=CARTESIAN_POINT('Ctrl Pts',(1.76153321692103,0.234636737779258,0.));
#7759=CARTESIAN_POINT('Ctrl Pts',(1.76192732896541,0.236003190045667,0.));
#7760=CARTESIAN_POINT('',(1.75899655504541,0.225473817601267,0.01));
#7761=CARTESIAN_POINT('Ctrl Pts',(1.75899655504541,0.225473817601267,0.01));
#7762=CARTESIAN_POINT('Ctrl Pts',(1.76021438344549,0.22989852017926,0.01));
#7763=CARTESIAN_POINT('Ctrl Pts',(1.76153321692103,0.234636737779258,0.01));
#7764=CARTESIAN_POINT('Ctrl Pts',(1.76192732896541,0.236003190045667,0.01));
#7765=CARTESIAN_POINT('',(1.75899655504541,0.225473817601267,0.));
#7766=CARTESIAN_POINT('Ctrl Pts',(1.75664282622741,0.217270963236867,0.));
#7767=CARTESIAN_POINT('Ctrl Pts',(1.75664282622741,0.217270963236867,0.01));
#7768=CARTESIAN_POINT('Ctrl Pts',(1.75671957837519,0.217357771371727,0.));
#7769=CARTESIAN_POINT('Ctrl Pts',(1.75671957837519,0.217357771371727,0.01));
#7770=CARTESIAN_POINT('Ctrl Pts',(1.7577787267114,0.221049115005532,0.));
#7771=CARTESIAN_POINT('Ctrl Pts',(1.7577787267114,0.221049115005532,0.01));
#7772=CARTESIAN_POINT('Ctrl Pts',(1.75899655504541,0.225473817601267,0.));
#7773=CARTESIAN_POINT('Ctrl Pts',(1.75899655504541,0.225473817601267,0.01));
#7774=CARTESIAN_POINT('',(1.75664282622741,0.217270963236867,0.));
#7775=CARTESIAN_POINT('Ctrl Pts',(1.75664282622741,0.217270963236867,0.));
#7776=CARTESIAN_POINT('Ctrl Pts',(1.75671957837519,0.217357771371727,0.));
#7777=CARTESIAN_POINT('Ctrl Pts',(1.7577787267114,0.221049115005532,0.));
#7778=CARTESIAN_POINT('Ctrl Pts',(1.75899655504541,0.225473817601267,0.));
#7779=CARTESIAN_POINT('',(1.75664282622741,0.217270963236867,0.01));
#7780=CARTESIAN_POINT('Ctrl Pts',(1.75664282622741,0.217270963236867,0.01));
#7781=CARTESIAN_POINT('Ctrl Pts',(1.75671957837519,0.217357771371727,0.01));
#7782=CARTESIAN_POINT('Ctrl Pts',(1.7577787267114,0.221049115005532,0.01));
#7783=CARTESIAN_POINT('Ctrl Pts',(1.75899655504541,0.225473817601267,0.01));
#7784=CARTESIAN_POINT('',(1.75664282622741,0.217270963236867,0.));
#7785=CARTESIAN_POINT('Ctrl Pts',(1.72531054898301,0.203268080961267,0.));
#7786=CARTESIAN_POINT('Ctrl Pts',(1.72531054898301,0.203268080961267,0.01));
#7787=CARTESIAN_POINT('Ctrl Pts',(1.7264832724243,0.203638827713086,0.));
#7788=CARTESIAN_POINT('Ctrl Pts',(1.7264832724243,0.203638827713086,0.01));
#7789=CARTESIAN_POINT('Ctrl Pts',(1.75641864819449,0.217017356206609,0.));
#7790=CARTESIAN_POINT('Ctrl Pts',(1.75641864819449,0.217017356206609,0.01));
#7791=CARTESIAN_POINT('Ctrl Pts',(1.75664282622741,0.217270963236867,0.));
#7792=CARTESIAN_POINT('Ctrl Pts',(1.75664282622741,0.217270963236867,0.01));
#7793=CARTESIAN_POINT('',(1.72531054898301,0.203268080961267,0.));
#7794=CARTESIAN_POINT('Ctrl Pts',(1.72531054898301,0.203268080961267,0.));
#7795=CARTESIAN_POINT('Ctrl Pts',(1.7264832724243,0.203638827713086,0.));
#7796=CARTESIAN_POINT('Ctrl Pts',(1.75641864819449,0.217017356206609,0.));
#7797=CARTESIAN_POINT('Ctrl Pts',(1.75664282622741,0.217270963236867,0.));
#7798=CARTESIAN_POINT('',(1.72531054898301,0.203268080961267,0.01));
#7799=CARTESIAN_POINT('Ctrl Pts',(1.72531054898301,0.203268080961267,0.01));
#7800=CARTESIAN_POINT('Ctrl Pts',(1.7264832724243,0.203638827713086,0.01));
#7801=CARTESIAN_POINT('Ctrl Pts',(1.75641864819449,0.217017356206609,0.01));
#7802=CARTESIAN_POINT('Ctrl Pts',(1.75664282622741,0.217270963236867,0.01));
#7803=CARTESIAN_POINT('',(1.72531054898301,0.203268080961267,0.));
#7804=CARTESIAN_POINT('Ctrl Pts',(1.72424523384332,0.203559451528454,0.));
#7805=CARTESIAN_POINT('Ctrl Pts',(1.72424523384332,0.203559451528454,0.01));
#7806=CARTESIAN_POINT('Ctrl Pts',(1.72424535303408,0.203123816517562,0.));
#7807=CARTESIAN_POINT('Ctrl Pts',(1.72424535303408,0.203123816517562,0.01));
#7808=CARTESIAN_POINT('Ctrl Pts',(1.7245718950967,0.203034503985139,0.));
#7809=CARTESIAN_POINT('Ctrl Pts',(1.7245718950967,0.203034503985139,0.01));
#7810=CARTESIAN_POINT('Ctrl Pts',(1.72531054898301,0.203268080961267,0.));
#7811=CARTESIAN_POINT('Ctrl Pts',(1.72531054898301,0.203268080961267,0.01));
#7812=CARTESIAN_POINT('',(1.72424523384332,0.203559451528454,0.));
#7813=CARTESIAN_POINT('Ctrl Pts',(1.72424523384332,0.203559451528454,0.));
#7814=CARTESIAN_POINT('Ctrl Pts',(1.72424535303408,0.203123816517562,0.));
#7815=CARTESIAN_POINT('Ctrl Pts',(1.7245718950967,0.203034503985139,0.));
#7816=CARTESIAN_POINT('Ctrl Pts',(1.72531054898301,0.203268080961267,0.));
#7817=CARTESIAN_POINT('',(1.72424523384332,0.203559451528454,0.01));
#7818=CARTESIAN_POINT('Ctrl Pts',(1.72424523384332,0.203559451528454,0.01));
#7819=CARTESIAN_POINT('Ctrl Pts',(1.72424535303408,0.203123816517562,0.01));
#7820=CARTESIAN_POINT('Ctrl Pts',(1.7245718950967,0.203034503985139,0.01));
#7821=CARTESIAN_POINT('Ctrl Pts',(1.72531054898301,0.203268080961267,0.01));
#7822=CARTESIAN_POINT('',(1.72424523384332,0.203559451528454,0.));
#7823=CARTESIAN_POINT('Ctrl Pts',(1.72586308963301,0.210098183181667,0.));
#7824=CARTESIAN_POINT('Ctrl Pts',(1.72586308963301,0.210098183181667,0.01));
#7825=CARTESIAN_POINT('Ctrl Pts',(1.72497339261286,0.206847637287865,0.));
#7826=CARTESIAN_POINT('Ctrl Pts',(1.72497339261286,0.206847637287865,0.01));
#7827=CARTESIAN_POINT('Ctrl Pts',(1.72424541200951,0.20390548805984,0.));
#7828=CARTESIAN_POINT('Ctrl Pts',(1.72424541200951,0.20390548805984,0.01));
#7829=CARTESIAN_POINT('Ctrl Pts',(1.72424523384332,0.203559451528454,0.));
#7830=CARTESIAN_POINT('Ctrl Pts',(1.72424523384332,0.203559451528454,0.01));
#7831=CARTESIAN_POINT('',(1.72586308963301,0.210098183181667,0.));
#7832=CARTESIAN_POINT('Ctrl Pts',(1.72586308963301,0.210098183181667,0.));
#7833=CARTESIAN_POINT('Ctrl Pts',(1.72497339261286,0.206847637287865,0.));
#7834=CARTESIAN_POINT('Ctrl Pts',(1.72424541200951,0.20390548805984,0.));
#7835=CARTESIAN_POINT('Ctrl Pts',(1.72424523384332,0.203559451528454,0.));
#7836=CARTESIAN_POINT('',(1.72586308963301,0.210098183181667,0.01));
#7837=CARTESIAN_POINT('Ctrl Pts',(1.72586308963301,0.210098183181667,0.01));
#7838=CARTESIAN_POINT('Ctrl Pts',(1.72497339261286,0.206847637287865,0.01));
#7839=CARTESIAN_POINT('Ctrl Pts',(1.72424541200951,0.20390548805984,0.01));
#7840=CARTESIAN_POINT('Ctrl Pts',(1.72424523384332,0.203559451528454,0.01));
#7841=CARTESIAN_POINT('',(1.72586308963301,0.210098183181667,0.));
#7842=CARTESIAN_POINT('Ctrl Pts',(1.73182593831741,0.232808797315267,0.));
#7843=CARTESIAN_POINT('Ctrl Pts',(1.73182593831741,0.232808797315267,0.01));
#7844=CARTESIAN_POINT('Ctrl Pts',(1.72943627357942,0.22356882934168,0.));
#7845=CARTESIAN_POINT('Ctrl Pts',(1.72943627357942,0.22356882934168,0.01));
#7846=CARTESIAN_POINT('Ctrl Pts',(1.72675292512332,0.213349126924077,0.));
#7847=CARTESIAN_POINT('Ctrl Pts',(1.72675292512332,0.213349126924077,0.01));
#7848=CARTESIAN_POINT('Ctrl Pts',(1.72586308963301,0.210098183181667,0.));
#7849=CARTESIAN_POINT('Ctrl Pts',(1.72586308963301,0.210098183181667,0.01));
#7850=CARTESIAN_POINT('',(1.73182593831741,0.232808797315267,0.));
#7851=CARTESIAN_POINT('Ctrl Pts',(1.73182593831741,0.232808797315267,0.));
#7852=CARTESIAN_POINT('Ctrl Pts',(1.72943627357942,0.22356882934168,0.));
#7853=CARTESIAN_POINT('Ctrl Pts',(1.72675292512332,0.213349126924077,0.));
#7854=CARTESIAN_POINT('Ctrl Pts',(1.72586308963301,0.210098183181667,0.));
#7855=CARTESIAN_POINT('',(1.73182593831741,0.232808797315267,0.01));
#7856=CARTESIAN_POINT('Ctrl Pts',(1.73182593831741,0.232808797315267,0.01));
#7857=CARTESIAN_POINT('Ctrl Pts',(1.72943627357942,0.22356882934168,0.01));
#7858=CARTESIAN_POINT('Ctrl Pts',(1.72675292512332,0.213349126924077,0.01));
#7859=CARTESIAN_POINT('Ctrl Pts',(1.72586308963301,0.210098183181667,0.01));
#7860=CARTESIAN_POINT('',(1.73182593831741,0.232808797315267,0.));
#7861=CARTESIAN_POINT('Ctrl Pts',(1.75452176400621,0.320286882737395,0.));
#7862=CARTESIAN_POINT('Ctrl Pts',(1.75452176400621,0.320286882737395,0.01));
#7863=CARTESIAN_POINT('Ctrl Pts',(1.75295566652361,0.31440108216337,0.));
#7864=CARTESIAN_POINT('Ctrl Pts',(1.75295566652361,0.31440108216337,0.01));
#7865=CARTESIAN_POINT('Ctrl Pts',(1.74444077647066,0.281582566125379,0.));
#7866=CARTESIAN_POINT('Ctrl Pts',(1.74444077647066,0.281582566125379,0.01));
#7867=CARTESIAN_POINT('Ctrl Pts',(1.73182593831741,0.232808797315267,0.));
#7868=CARTESIAN_POINT('Ctrl Pts',(1.73182593831741,0.232808797315267,0.01));
#7869=CARTESIAN_POINT('',(1.75452176400621,0.320286882737395,0.));
#7870=CARTESIAN_POINT('Ctrl Pts',(1.75452176400621,0.320286882737395,0.));
#7871=CARTESIAN_POINT('Ctrl Pts',(1.75295566652361,0.31440108216337,0.));
#7872=CARTESIAN_POINT('Ctrl Pts',(1.74444077647066,0.281582566125379,0.));
#7873=CARTESIAN_POINT('Ctrl Pts',(1.73182593831741,0.232808797315267,0.));
#7874=CARTESIAN_POINT('',(1.75452176400621,0.320286882737395,0.01));
#7875=CARTESIAN_POINT('Ctrl Pts',(1.75452176400621,0.320286882737395,0.01));
#7876=CARTESIAN_POINT('Ctrl Pts',(1.75295566652361,0.31440108216337,0.01));
#7877=CARTESIAN_POINT('Ctrl Pts',(1.74444077647066,0.281582566125379,0.01));
#7878=CARTESIAN_POINT('Ctrl Pts',(1.73182593831741,0.232808797315267,0.01));
#7879=CARTESIAN_POINT('',(1.75452176400621,0.320286882737395,0.));
#7880=CARTESIAN_POINT('Ctrl Pts',(1.75595168827661,0.326320568070727,0.));
#7881=CARTESIAN_POINT('Ctrl Pts',(1.75595168827661,0.326320568070727,0.01));
#7882=CARTESIAN_POINT('Ctrl Pts',(1.75595168827664,0.325957215990734,0.));
#7883=CARTESIAN_POINT('Ctrl Pts',(1.75595168827664,0.325957215990734,0.01));
#7884=CARTESIAN_POINT('Ctrl Pts',(1.75530822827026,0.323242057590732,0.));
#7885=CARTESIAN_POINT('Ctrl Pts',(1.75530822827026,0.323242057590732,0.01));
#7886=CARTESIAN_POINT('Ctrl Pts',(1.75452176400621,0.320286882737395,0.));
#7887=CARTESIAN_POINT('Ctrl Pts',(1.75452176400621,0.320286882737395,0.01));
#7888=CARTESIAN_POINT('',(1.75595168827661,0.326320568070727,0.));
#7889=CARTESIAN_POINT('Ctrl Pts',(1.75595168827661,0.326320568070727,0.));
#7890=CARTESIAN_POINT('Ctrl Pts',(1.75595168827664,0.325957215990734,0.));
#7891=CARTESIAN_POINT('Ctrl Pts',(1.75530822827026,0.323242057590732,0.));
#7892=CARTESIAN_POINT('Ctrl Pts',(1.75452176400621,0.320286882737395,0.));
#7893=CARTESIAN_POINT('',(1.75595168827661,0.326320568070727,0.01));
#7894=CARTESIAN_POINT('Ctrl Pts',(1.75595168827661,0.326320568070727,0.01));
#7895=CARTESIAN_POINT('Ctrl Pts',(1.75595168827664,0.325957215990734,0.01));
#7896=CARTESIAN_POINT('Ctrl Pts',(1.75530822827026,0.323242057590732,0.01));
#7897=CARTESIAN_POINT('Ctrl Pts',(1.75452176400621,0.320286882737395,0.01));
#7898=CARTESIAN_POINT('',(1.75595168827661,0.326320568070727,0.));
#7899=CARTESIAN_POINT('Ctrl Pts',(1.74033509094301,0.326981123518727,0.));
#7900=CARTESIAN_POINT('Ctrl Pts',(1.74033509094301,0.326981123518727,0.01));
#7901=CARTESIAN_POINT('Ctrl Pts',(1.75338323124536,0.326981123518721,0.));
#7902=CARTESIAN_POINT('Ctrl Pts',(1.75338323124536,0.326981123518721,0.01));
#7903=CARTESIAN_POINT('Ctrl Pts',(1.75595168827665,0.326872487605844,0.));
#7904=CARTESIAN_POINT('Ctrl Pts',(1.75595168827665,0.326872487605844,0.01));
#7905=CARTESIAN_POINT('Ctrl Pts',(1.75595168827661,0.326320568070727,0.));
#7906=CARTESIAN_POINT('Ctrl Pts',(1.75595168827661,0.326320568070727,0.01));
#7907=CARTESIAN_POINT('',(1.74033509094301,0.326981123518727,0.));
#7908=CARTESIAN_POINT('Ctrl Pts',(1.74033509094301,0.326981123518727,0.));
#7909=CARTESIAN_POINT('Ctrl Pts',(1.75338323124536,0.326981123518721,0.));
#7910=CARTESIAN_POINT('Ctrl Pts',(1.75595168827665,0.326872487605844,0.));
#7911=CARTESIAN_POINT('Ctrl Pts',(1.75595168827661,0.326320568070727,0.));
#7912=CARTESIAN_POINT('',(1.74033509094301,0.326981123518727,0.01));
#7913=CARTESIAN_POINT('Ctrl Pts',(1.74033509094301,0.326981123518727,0.01));
#7914=CARTESIAN_POINT('Ctrl Pts',(1.75338323124536,0.326981123518721,0.01));
#7915=CARTESIAN_POINT('Ctrl Pts',(1.75595168827665,0.326872487605844,0.01));
#7916=CARTESIAN_POINT('Ctrl Pts',(1.75595168827661,0.326320568070727,0.01));
#7917=CARTESIAN_POINT('',(1.74033509094301,0.326981123518727,0.));
#7918=CARTESIAN_POINT('Origin',(1.72471849360981,0.326981123518727,0.));
#7919=CARTESIAN_POINT('',(1.72471849360981,0.326981123518727,0.));
#7920=CARTESIAN_POINT('',(1.72471849360981,0.326981123518727,0.));
#7921=CARTESIAN_POINT('',(1.72471849360981,0.326981123518727,0.01));
#7922=CARTESIAN_POINT('',(1.72471849360981,0.326981123518727,0.01));
#7923=CARTESIAN_POINT('',(1.72471849360981,0.326981123518727,0.));
#7924=CARTESIAN_POINT('Origin',(1.72471849360981,0.353047235696467,0.));
#7925=CARTESIAN_POINT('',(1.72471849360981,0.353047235696467,0.));
#7926=CARTESIAN_POINT('',(1.72471849360981,0.353047235696467,0.));
#7927=CARTESIAN_POINT('',(1.72471849360981,0.353047235696467,0.01));
#7928=CARTESIAN_POINT('',(1.72471849360981,0.353047235696467,0.01));
#7929=CARTESIAN_POINT('',(1.72471849360981,0.353047235696467,0.));
#7930=CARTESIAN_POINT('Origin',(1.80031702160981,0.352877153796867,0.));
#7931=CARTESIAN_POINT('',(1.80031702160981,0.352877153796867,0.));
#7932=CARTESIAN_POINT('',(1.80031702160981,0.352877153796867,0.01));
#7933=CARTESIAN_POINT('Origin',(1.80479202592453,0.290870919141716,0.01));
#7934=CARTESIAN_POINT('Origin',(1.80479202592453,0.290870919141716,0.));
#7935=CARTESIAN_POINT('Ctrl Pts',(2.48743928893941,0.318278759866283,0.));
#7936=CARTESIAN_POINT('Ctrl Pts',(2.48743928893941,0.318278759866283,0.01));
#7937=CARTESIAN_POINT('Ctrl Pts',(2.48696369256624,0.322498346719623,0.));
#7938=CARTESIAN_POINT('Ctrl Pts',(2.48696369256624,0.322498346719623,0.01));
#7939=CARTESIAN_POINT('Ctrl Pts',(2.48291772205051,0.325576413546296,0.));
#7940=CARTESIAN_POINT('Ctrl Pts',(2.48291772205051,0.325576413546296,0.01));
#7941=CARTESIAN_POINT('Ctrl Pts',(2.47657066957941,0.326547274924059,0.));
#7942=CARTESIAN_POINT('Ctrl Pts',(2.47657066957941,0.326547274924059,0.01));
#7943=CARTESIAN_POINT('',(2.48743928893941,0.318278759866283,0.));
#7944=CARTESIAN_POINT('',(2.47657066957941,0.326547274924059,0.));
#7945=CARTESIAN_POINT('Ctrl Pts',(2.48743928893941,0.318278759866283,0.));
#7946=CARTESIAN_POINT('Ctrl Pts',(2.48696369256624,0.322498346719623,0.));
#7947=CARTESIAN_POINT('Ctrl Pts',(2.48291772205051,0.325576413546296,0.));
#7948=CARTESIAN_POINT('Ctrl Pts',(2.47657066957941,0.326547274924059,0.));
#7949=CARTESIAN_POINT('',(2.48743928893941,0.318278759866283,0.01));
#7950=CARTESIAN_POINT('',(2.48743928893941,0.318278759866283,0.));
#7951=CARTESIAN_POINT('',(2.47657066957941,0.326547274924059,0.01));
#7952=CARTESIAN_POINT('Ctrl Pts',(2.47657066957941,0.326547274924059,0.01));
#7953=CARTESIAN_POINT('Ctrl Pts',(2.48291772205051,0.325576413546296,0.01));
#7954=CARTESIAN_POINT('Ctrl Pts',(2.48696369256624,0.322498346719623,0.01));
#7955=CARTESIAN_POINT('Ctrl Pts',(2.48743928893941,0.318278759866283,0.01));
#7956=CARTESIAN_POINT('',(2.47657066957941,0.326547274924059,0.));
#7957=CARTESIAN_POINT('Ctrl Pts',(2.47715163246551,0.306701195155174,0.));
#7958=CARTESIAN_POINT('Ctrl Pts',(2.47715163246551,0.306701195155174,0.01));
#7959=CARTESIAN_POINT('Ctrl Pts',(2.4843008547571,0.308666310415422,0.));
#7960=CARTESIAN_POINT('Ctrl Pts',(2.4843008547571,0.308666310415422,0.01));
#7961=CARTESIAN_POINT('Ctrl Pts',(2.48804760879879,0.312882822442067,0.));
#7962=CARTESIAN_POINT('Ctrl Pts',(2.48804760879879,0.312882822442067,0.01));
#7963=CARTESIAN_POINT('Ctrl Pts',(2.48743928893941,0.318278759866283,0.));
#7964=CARTESIAN_POINT('Ctrl Pts',(2.48743928893941,0.318278759866283,0.01));
#7965=CARTESIAN_POINT('',(2.47715163246551,0.306701195155174,0.));
#7966=CARTESIAN_POINT('Ctrl Pts',(2.47715163246551,0.306701195155174,0.));
#7967=CARTESIAN_POINT('Ctrl Pts',(2.4843008547571,0.308666310415422,0.));
#7968=CARTESIAN_POINT('Ctrl Pts',(2.48804760879879,0.312882822442067,0.));
#7969=CARTESIAN_POINT('Ctrl Pts',(2.48743928893941,0.318278759866283,0.));
#7970=CARTESIAN_POINT('',(2.47715163246551,0.306701195155174,0.01));
#7971=CARTESIAN_POINT('',(2.47715163246551,0.306701195155174,0.));
#7972=CARTESIAN_POINT('Ctrl Pts',(2.48743928893941,0.318278759866283,0.01));
#7973=CARTESIAN_POINT('Ctrl Pts',(2.48804760879879,0.312882822442067,0.01));
#7974=CARTESIAN_POINT('Ctrl Pts',(2.4843008547571,0.308666310415422,0.01));
#7975=CARTESIAN_POINT('Ctrl Pts',(2.47715163246551,0.306701195155174,0.01));
#7976=CARTESIAN_POINT('Ctrl Pts',(2.39077255144621,0.306262926928503,0.));
#7977=CARTESIAN_POINT('Ctrl Pts',(2.39077255144621,0.306262926928503,0.01));
#7978=CARTESIAN_POINT('Ctrl Pts',(2.39115336098699,0.305270568364666,0.));
#7979=CARTESIAN_POINT('Ctrl Pts',(2.39115336098699,0.305270568364666,0.01));
#7980=CARTESIAN_POINT('Ctrl Pts',(2.47346325626057,0.305688215116354,0.));
#7981=CARTESIAN_POINT('Ctrl Pts',(2.47346325626057,0.305688215116354,0.01));
#7982=CARTESIAN_POINT('Ctrl Pts',(2.47715163246551,0.306701195155174,0.));
#7983=CARTESIAN_POINT('Ctrl Pts',(2.47715163246551,0.306701195155174,0.01));
#7984=CARTESIAN_POINT('',(2.39077255144621,0.306262926928503,0.));
#7985=CARTESIAN_POINT('Ctrl Pts',(2.39077255144621,0.306262926928503,0.));
#7986=CARTESIAN_POINT('Ctrl Pts',(2.39115336098699,0.305270568364666,0.));
#7987=CARTESIAN_POINT('Ctrl Pts',(2.47346325626057,0.305688215116354,0.));
#7988=CARTESIAN_POINT('Ctrl Pts',(2.47715163246551,0.306701195155174,0.));
#7989=CARTESIAN_POINT('',(2.39077255144621,0.306262926928503,0.01));
#7990=CARTESIAN_POINT('',(2.39077255144621,0.306262926928503,0.));
#7991=CARTESIAN_POINT('Ctrl Pts',(2.47715163246551,0.306701195155174,0.01));
#7992=CARTESIAN_POINT('Ctrl Pts',(2.47346325626057,0.305688215116354,0.01));
#7993=CARTESIAN_POINT('Ctrl Pts',(2.39115336098699,0.305270568364666,0.01));
#7994=CARTESIAN_POINT('Ctrl Pts',(2.39077255144621,0.306262926928503,0.01));
#7995=CARTESIAN_POINT('Ctrl Pts',(2.39065912407741,0.316818179150727,0.));
#7996=CARTESIAN_POINT('Ctrl Pts',(2.39065912407741,0.316818179150727,0.01));
#7997=CARTESIAN_POINT('Ctrl Pts',(2.39058858319747,0.311359024884071,0.));
#7998=CARTESIAN_POINT('Ctrl Pts',(2.39058858319747,0.311359024884071,0.01));
#7999=CARTESIAN_POINT('Ctrl Pts',(2.39063975121507,0.306609272297385,0.));
#8000=CARTESIAN_POINT('Ctrl Pts',(2.39063975121507,0.306609272297385,0.01));
#8001=CARTESIAN_POINT('Ctrl Pts',(2.39077255144621,0.306262926928503,0.));
#8002=CARTESIAN_POINT('Ctrl Pts',(2.39077255144621,0.306262926928503,0.01));
#8003=CARTESIAN_POINT('',(2.39065912407741,0.316818179150727,0.));
#8004=CARTESIAN_POINT('Ctrl Pts',(2.39065912407741,0.316818179150727,0.));
#8005=CARTESIAN_POINT('Ctrl Pts',(2.39058858319747,0.311359024884071,0.));
#8006=CARTESIAN_POINT('Ctrl Pts',(2.39063975121507,0.306609272297385,0.));
#8007=CARTESIAN_POINT('Ctrl Pts',(2.39077255144621,0.306262926928503,0.));
#8008=CARTESIAN_POINT('',(2.39065912407741,0.316818179150727,0.01));
#8009=CARTESIAN_POINT('',(2.39065912407741,0.316818179150727,0.));
#8010=CARTESIAN_POINT('Ctrl Pts',(2.39077255144621,0.306262926928503,0.01));
#8011=CARTESIAN_POINT('Ctrl Pts',(2.39063975121507,0.306609272297385,0.01));
#8012=CARTESIAN_POINT('Ctrl Pts',(2.39058858319747,0.311359024884071,0.01));
#8013=CARTESIAN_POINT('Ctrl Pts',(2.39065912407741,0.316818179150727,0.01));
#8014=CARTESIAN_POINT('Origin',(2.39078733989061,0.326743739408503,0.));
#8015=CARTESIAN_POINT('',(2.39078733989061,0.326743739408503,0.));
#8016=CARTESIAN_POINT('',(2.3905304111548,0.306854136202799,0.));
#8017=CARTESIAN_POINT('',(2.39078733989061,0.326743739408503,0.01));
#8018=CARTESIAN_POINT('',(2.39078733989061,0.326743739408503,0.));
#8019=CARTESIAN_POINT('',(2.3905304111548,0.306854136202799,0.01));
#8020=CARTESIAN_POINT('Origin',(2.43219498433501,0.326872561548059,0.));
#8021=CARTESIAN_POINT('',(2.43219498433501,0.326872561548059,0.));
#8022=CARTESIAN_POINT('',(2.42663136437494,0.326855252728962,0.));
#8023=CARTESIAN_POINT('',(2.43219498433501,0.326872561548059,0.01));
#8024=CARTESIAN_POINT('',(2.43219498433501,0.326872561548059,0.));
#8025=CARTESIAN_POINT('',(2.42663136437494,0.326855252728962,0.01));
#8026=CARTESIAN_POINT('Ctrl Pts',(2.47657066957941,0.326547274924059,0.));
#8027=CARTESIAN_POINT('Ctrl Pts',(2.47657066957941,0.326547274924059,0.01));
#8028=CARTESIAN_POINT('Ctrl Pts',(2.47479442951743,0.32681895343694,0.));
#8029=CARTESIAN_POINT('Ctrl Pts',(2.47479442951743,0.32681895343694,0.01));
#8030=CARTESIAN_POINT('Ctrl Pts',(2.45696710762384,0.326949638920515,0.));
#8031=CARTESIAN_POINT('Ctrl Pts',(2.45696710762384,0.326949638920515,0.01));
#8032=CARTESIAN_POINT('Ctrl Pts',(2.43219498433501,0.326872561548059,0.));
#8033=CARTESIAN_POINT('Ctrl Pts',(2.43219498433501,0.326872561548059,0.01));
#8034=CARTESIAN_POINT('Ctrl Pts',(2.47657066957941,0.326547274924059,0.));
#8035=CARTESIAN_POINT('Ctrl Pts',(2.47479442951743,0.32681895343694,0.));
#8036=CARTESIAN_POINT('Ctrl Pts',(2.45696710762384,0.326949638920515,0.));
#8037=CARTESIAN_POINT('Ctrl Pts',(2.43219498433501,0.326872561548059,0.));
#8038=CARTESIAN_POINT('Ctrl Pts',(2.43219498433501,0.326872561548059,0.01));
#8039=CARTESIAN_POINT('Ctrl Pts',(2.45696710762384,0.326949638920515,0.01));
#8040=CARTESIAN_POINT('Ctrl Pts',(2.47479442951743,0.32681895343694,0.01));
#8041=CARTESIAN_POINT('Ctrl Pts',(2.47657066957941,0.326547274924059,0.01));
#8042=CARTESIAN_POINT('Origin',(2.36027020170397,0.264052891065395,0.));
#8043=CARTESIAN_POINT('',(2.36027020170397,0.264052891065395,0.));
#8044=CARTESIAN_POINT('',(2.32973945814841,0.263803158604059,0.));
#8045=CARTESIAN_POINT('',(2.36027020170397,0.264052891065395,0.));
#8046=CARTESIAN_POINT('',(2.32973945814841,0.263803158604059,0.01));
#8047=CARTESIAN_POINT('',(2.32973945814841,0.263803158604059,0.));
#8048=CARTESIAN_POINT('',(2.36027020170397,0.264052891065395,0.01));
#8049=CARTESIAN_POINT('',(2.36027020170397,0.264052891065395,0.01));
#8050=CARTESIAN_POINT('',(2.36027020170397,0.264052891065395,0.));
#8051=CARTESIAN_POINT('Origin',(2.36014849280619,0.295398477909838,0.));
#8052=CARTESIAN_POINT('',(2.36014849280619,0.295398477909838,0.));
#8053=CARTESIAN_POINT('',(2.36014849280619,0.295398477909838,0.));
#8054=CARTESIAN_POINT('',(2.36014849280619,0.295398477909838,0.01));
#8055=CARTESIAN_POINT('',(2.36014849280619,0.295398477909838,0.01));
#8056=CARTESIAN_POINT('',(2.36014849280619,0.295398477909838,0.));
#8057=CARTESIAN_POINT('Origin',(2.3600268134853,0.326744064754283,0.));
#8058=CARTESIAN_POINT('',(2.3600268134853,0.326744064754283,0.));
#8059=CARTESIAN_POINT('',(2.3600268134853,0.326744064754283,0.));
#8060=CARTESIAN_POINT('',(2.3600268134853,0.326744064754283,0.01));
#8061=CARTESIAN_POINT('',(2.3600268134853,0.326744064754283,0.01));
#8062=CARTESIAN_POINT('',(2.3600268134853,0.326744064754283,0.));
#8063=CARTESIAN_POINT('Origin',(2.32974007926308,0.327217294976503,0.));
#8064=CARTESIAN_POINT('',(2.32974007926308,0.327217294976503,0.));
#8065=CARTESIAN_POINT('',(2.32974007926308,0.327217294976503,0.));
#8066=CARTESIAN_POINT('',(2.32974007926308,0.327217294976503,0.01));
#8067=CARTESIAN_POINT('',(2.32974007926308,0.327217294976503,0.01));
#8068=CARTESIAN_POINT('',(2.32974007926308,0.327217294976503,0.));
#8069=CARTESIAN_POINT('Origin',(2.32974007926308,0.352771726976467,0.));
#8070=CARTESIAN_POINT('',(2.32974007926308,0.352771726976467,0.));
#8071=CARTESIAN_POINT('',(2.32974007926308,0.352771726976467,0.));
#8072=CARTESIAN_POINT('',(2.32974007926308,0.352771726976467,0.01));
#8073=CARTESIAN_POINT('',(2.32974007926308,0.352771726976467,0.01));
#8074=CARTESIAN_POINT('',(2.32974007926308,0.352771726976467,0.));
#8075=CARTESIAN_POINT('Origin',(2.40167107304101,0.352915115733667,0.));
#8076=CARTESIAN_POINT('',(2.40167107304101,0.352915115733667,0.));
#8077=CARTESIAN_POINT('',(2.40167107304101,0.352915115733667,0.));
#8078=CARTESIAN_POINT('',(2.40167107304101,0.352915115733667,0.01));
#8079=CARTESIAN_POINT('',(2.40167107304101,0.352915115733667,0.01));
#8080=CARTESIAN_POINT('',(2.40167107304101,0.352915115733667,0.));
#8081=CARTESIAN_POINT('Ctrl Pts',(2.48985456726301,0.350849613698467,0.));
#8082=CARTESIAN_POINT('Ctrl Pts',(2.48985456726301,0.350849613698467,0.01));
#8083=CARTESIAN_POINT('Ctrl Pts',(2.48142071739672,0.35298901359087,0.));
#8084=CARTESIAN_POINT('Ctrl Pts',(2.48142071739672,0.35298901359087,0.01));
#8085=CARTESIAN_POINT('Ctrl Pts',(2.47807261357431,0.35306740713486,0.));
#8086=CARTESIAN_POINT('Ctrl Pts',(2.47807261357431,0.35306740713486,0.01));
#8087=CARTESIAN_POINT('Ctrl Pts',(2.40167107304101,0.352915115733667,0.));
#8088=CARTESIAN_POINT('Ctrl Pts',(2.40167107304101,0.352915115733667,0.01));
#8089=CARTESIAN_POINT('',(2.48985456726301,0.350849613698467,0.));
#8090=CARTESIAN_POINT('Ctrl Pts',(2.48985456726301,0.350849613698467,0.));
#8091=CARTESIAN_POINT('Ctrl Pts',(2.48142071739672,0.35298901359087,0.));
#8092=CARTESIAN_POINT('Ctrl Pts',(2.47807261357431,0.35306740713486,0.));
#8093=CARTESIAN_POINT('Ctrl Pts',(2.40167107304101,0.352915115733667,0.));
#8094=CARTESIAN_POINT('',(2.48985456726301,0.350849613698467,0.01));
#8095=CARTESIAN_POINT('Ctrl Pts',(2.48985456726301,0.350849613698467,0.01));
#8096=CARTESIAN_POINT('Ctrl Pts',(2.48142071739672,0.35298901359087,0.01));
#8097=CARTESIAN_POINT('Ctrl Pts',(2.47807261357431,0.35306740713486,0.01));
#8098=CARTESIAN_POINT('Ctrl Pts',(2.40167107304101,0.352915115733667,0.01));
#8099=CARTESIAN_POINT('',(2.48985456726301,0.350849613698467,0.));
#8100=CARTESIAN_POINT('Ctrl Pts',(2.51902773161861,0.314041175476059,0.));
#8101=CARTESIAN_POINT('Ctrl Pts',(2.51902773161861,0.314041175476059,0.01));
#8102=CARTESIAN_POINT('Ctrl Pts',(2.52221759908539,0.329781995742734,0.));
#8103=CARTESIAN_POINT('Ctrl Pts',(2.52221759908539,0.329781995742734,0.01));
#8104=CARTESIAN_POINT('Ctrl Pts',(2.50946108690748,0.345875816178475,0.));
#8105=CARTESIAN_POINT('Ctrl Pts',(2.50946108690748,0.345875816178475,0.01));
#8106=CARTESIAN_POINT('Ctrl Pts',(2.48985456726301,0.350849613698467,0.));
#8107=CARTESIAN_POINT('Ctrl Pts',(2.48985456726301,0.350849613698467,0.01));
#8108=CARTESIAN_POINT('',(2.51902773161861,0.314041175476059,0.));
#8109=CARTESIAN_POINT('Ctrl Pts',(2.51902773161861,0.314041175476059,0.));
#8110=CARTESIAN_POINT('Ctrl Pts',(2.52221759908539,0.329781995742734,0.));
#8111=CARTESIAN_POINT('Ctrl Pts',(2.50946108690748,0.345875816178475,0.));
#8112=CARTESIAN_POINT('Ctrl Pts',(2.48985456726301,0.350849613698467,0.));
#8113=CARTESIAN_POINT('',(2.51902773161861,0.314041175476059,0.01));
#8114=CARTESIAN_POINT('Ctrl Pts',(2.51902773161861,0.314041175476059,0.01));
#8115=CARTESIAN_POINT('Ctrl Pts',(2.52221759908539,0.329781995742734,0.01));
#8116=CARTESIAN_POINT('Ctrl Pts',(2.50946108690748,0.345875816178475,0.01));
#8117=CARTESIAN_POINT('Ctrl Pts',(2.48985456726301,0.350849613698467,0.01));
#8118=CARTESIAN_POINT('',(2.51902773161861,0.314041175476059,0.));
#8119=CARTESIAN_POINT('Ctrl Pts',(2.49769096397421,0.288661247120503,0.));
#8120=CARTESIAN_POINT('Ctrl Pts',(2.49769096397421,0.288661247120503,0.01));
#8121=CARTESIAN_POINT('Ctrl Pts',(2.50853000644542,0.293173201520496,0.));
#8122=CARTESIAN_POINT('Ctrl Pts',(2.50853000644542,0.293173201520496,0.01));
#8123=CARTESIAN_POINT('Ctrl Pts',(2.51679023997415,0.302998644009393,0.));
#8124=CARTESIAN_POINT('Ctrl Pts',(2.51679023997415,0.302998644009393,0.01));
#8125=CARTESIAN_POINT('Ctrl Pts',(2.51902773161861,0.314041175476059,0.));
#8126=CARTESIAN_POINT('Ctrl Pts',(2.51902773161861,0.314041175476059,0.01));
#8127=CARTESIAN_POINT('',(2.49769096397421,0.288661247120503,0.));
#8128=CARTESIAN_POINT('Ctrl Pts',(2.49769096397421,0.288661247120503,0.));
#8129=CARTESIAN_POINT('Ctrl Pts',(2.50853000644542,0.293173201520496,0.));
#8130=CARTESIAN_POINT('Ctrl Pts',(2.51679023997415,0.302998644009393,0.));
#8131=CARTESIAN_POINT('Ctrl Pts',(2.51902773161861,0.314041175476059,0.));
#8132=CARTESIAN_POINT('',(2.49769096397421,0.288661247120503,0.01));
#8133=CARTESIAN_POINT('Ctrl Pts',(2.49769096397421,0.288661247120503,0.01));
#8134=CARTESIAN_POINT('Ctrl Pts',(2.50853000644542,0.293173201520496,0.01));
#8135=CARTESIAN_POINT('Ctrl Pts',(2.51679023997415,0.302998644009393,0.01));
#8136=CARTESIAN_POINT('Ctrl Pts',(2.51902773161861,0.314041175476059,0.01));
#8137=CARTESIAN_POINT('',(2.49769096397421,0.288661247120503,0.));
#8138=CARTESIAN_POINT('Ctrl Pts',(2.47537668015181,0.284993860782727,0.));
#8139=CARTESIAN_POINT('Ctrl Pts',(2.47537668015181,0.284993860782727,0.01));
#8140=CARTESIAN_POINT('Ctrl Pts',(2.48793783697871,0.285242306649385,0.));
#8141=CARTESIAN_POINT('Ctrl Pts',(2.48793783697871,0.285242306649385,0.01));
#8142=CARTESIAN_POINT('Ctrl Pts',(2.49048292826732,0.285660523858276,0.));
#8143=CARTESIAN_POINT('Ctrl Pts',(2.49048292826732,0.285660523858276,0.01));
#8144=CARTESIAN_POINT('Ctrl Pts',(2.49769096397421,0.288661247120503,0.));
#8145=CARTESIAN_POINT('Ctrl Pts',(2.49769096397421,0.288661247120503,0.01));
#8146=CARTESIAN_POINT('',(2.47537668015181,0.284993860782727,0.));
#8147=CARTESIAN_POINT('Ctrl Pts',(2.47537668015181,0.284993860782727,0.));
#8148=CARTESIAN_POINT('Ctrl Pts',(2.48793783697871,0.285242306649385,0.));
#8149=CARTESIAN_POINT('Ctrl Pts',(2.49048292826732,0.285660523858276,0.));
#8150=CARTESIAN_POINT('Ctrl Pts',(2.49769096397421,0.288661247120503,0.));
#8151=CARTESIAN_POINT('',(2.47537668015181,0.284993860782727,0.01));
#8152=CARTESIAN_POINT('Ctrl Pts',(2.47537668015181,0.284993860782727,0.01));
#8153=CARTESIAN_POINT('Ctrl Pts',(2.48793783697871,0.285242306649385,0.01));
#8154=CARTESIAN_POINT('Ctrl Pts',(2.49048292826732,0.285660523858276,0.01));
#8155=CARTESIAN_POINT('Ctrl Pts',(2.49769096397421,0.288661247120503,0.01));
#8156=CARTESIAN_POINT('',(2.47537668015181,0.284993860782727,0.));
#8157=CARTESIAN_POINT('Ctrl Pts',(2.46391726243661,0.284460530322283,0.));
#8158=CARTESIAN_POINT('Ctrl Pts',(2.46391726243661,0.284460530322283,0.01));
#8159=CARTESIAN_POINT('Ctrl Pts',(2.4639082414853,0.284629044646733,0.));
#8160=CARTESIAN_POINT('Ctrl Pts',(2.4639082414853,0.284629044646733,0.01));
#8161=CARTESIAN_POINT('Ctrl Pts',(2.46906497206296,0.284869046311609,0.));
#8162=CARTESIAN_POINT('Ctrl Pts',(2.46906497206296,0.284869046311609,0.01));
#8163=CARTESIAN_POINT('Ctrl Pts',(2.47537668015181,0.284993860782727,0.));
#8164=CARTESIAN_POINT('Ctrl Pts',(2.47537668015181,0.284993860782727,0.01));
#8165=CARTESIAN_POINT('',(2.46391726243661,0.284460530322283,0.));
#8166=CARTESIAN_POINT('Ctrl Pts',(2.46391726243661,0.284460530322283,0.));
#8167=CARTESIAN_POINT('Ctrl Pts',(2.4639082414853,0.284629044646733,0.));
#8168=CARTESIAN_POINT('Ctrl Pts',(2.46906497206296,0.284869046311609,0.));
#8169=CARTESIAN_POINT('Ctrl Pts',(2.47537668015181,0.284993860782727,0.));
#8170=CARTESIAN_POINT('',(2.46391726243661,0.284460530322283,0.01));
#8171=CARTESIAN_POINT('Ctrl Pts',(2.46391726243661,0.284460530322283,0.01));
#8172=CARTESIAN_POINT('Ctrl Pts',(2.4639082414853,0.284629044646733,0.01));
#8173=CARTESIAN_POINT('Ctrl Pts',(2.46906497206296,0.284869046311609,0.01));
#8174=CARTESIAN_POINT('Ctrl Pts',(2.47537668015181,0.284993860782727,0.01));
#8175=CARTESIAN_POINT('',(2.46391726243661,0.284460530322283,0.));
#8176=CARTESIAN_POINT('Ctrl Pts',(2.46832052176981,0.281218459646727,0.));
#8177=CARTESIAN_POINT('Ctrl Pts',(2.46832052176981,0.281218459646727,0.01));
#8178=CARTESIAN_POINT('Ctrl Pts',(2.46590778705864,0.282833062011178,0.));
#8179=CARTESIAN_POINT('Ctrl Pts',(2.46590778705864,0.282833062011178,0.01));
#8180=CARTESIAN_POINT('Ctrl Pts',(2.4639261355029,0.284292015997827,0.));
#8181=CARTESIAN_POINT('Ctrl Pts',(2.4639261355029,0.284292015997827,0.01));
#8182=CARTESIAN_POINT('Ctrl Pts',(2.46391726243661,0.284460530322283,0.));
#8183=CARTESIAN_POINT('Ctrl Pts',(2.46391726243661,0.284460530322283,0.01));
#8184=CARTESIAN_POINT('',(2.46832052176981,0.281218459646727,0.));
#8185=CARTESIAN_POINT('Ctrl Pts',(2.46832052176981,0.281218459646727,0.));
#8186=CARTESIAN_POINT('Ctrl Pts',(2.46590778705864,0.282833062011178,0.));
#8187=CARTESIAN_POINT('Ctrl Pts',(2.4639261355029,0.284292015997827,0.));
#8188=CARTESIAN_POINT('Ctrl Pts',(2.46391726243661,0.284460530322283,0.));
#8189=CARTESIAN_POINT('',(2.46832052176981,0.281218459646727,0.01));
#8190=CARTESIAN_POINT('Ctrl Pts',(2.46832052176981,0.281218459646727,0.01));
#8191=CARTESIAN_POINT('Ctrl Pts',(2.46590778705864,0.282833062011178,0.01));
#8192=CARTESIAN_POINT('Ctrl Pts',(2.4639261355029,0.284292015997827,0.01));
#8193=CARTESIAN_POINT('Ctrl Pts',(2.46391726243661,0.284460530322283,0.01));
#8194=CARTESIAN_POINT('',(2.46832052176981,0.281218459646727,0.));
#8195=CARTESIAN_POINT('Ctrl Pts',(2.48590102452541,0.260267670402283,0.));
#8196=CARTESIAN_POINT('Ctrl Pts',(2.48590102452541,0.260267670402283,0.01));
#8197=CARTESIAN_POINT('Ctrl Pts',(2.48234070652537,0.269421421744514,0.));
#8198=CARTESIAN_POINT('Ctrl Pts',(2.48234070652537,0.269421421744514,0.01));
#8199=CARTESIAN_POINT('Ctrl Pts',(2.47771887398291,0.274929082108958,0.));
#8200=CARTESIAN_POINT('Ctrl Pts',(2.47771887398291,0.274929082108958,0.01));
#8201=CARTESIAN_POINT('Ctrl Pts',(2.46832052176981,0.281218459646727,0.));
#8202=CARTESIAN_POINT('Ctrl Pts',(2.46832052176981,0.281218459646727,0.01));
#8203=CARTESIAN_POINT('',(2.48590102452541,0.260267670402283,0.));
#8204=CARTESIAN_POINT('Ctrl Pts',(2.48590102452541,0.260267670402283,0.));
#8205=CARTESIAN_POINT('Ctrl Pts',(2.48234070652537,0.269421421744514,0.));
#8206=CARTESIAN_POINT('Ctrl Pts',(2.47771887398291,0.274929082108958,0.));
#8207=CARTESIAN_POINT('Ctrl Pts',(2.46832052176981,0.281218459646727,0.));
#8208=CARTESIAN_POINT('',(2.48590102452541,0.260267670402283,0.01));
#8209=CARTESIAN_POINT('Ctrl Pts',(2.48590102452541,0.260267670402283,0.01));
#8210=CARTESIAN_POINT('Ctrl Pts',(2.48234070652537,0.269421421744514,0.01));
#8211=CARTESIAN_POINT('Ctrl Pts',(2.47771887398291,0.274929082108958,0.01));
#8212=CARTESIAN_POINT('Ctrl Pts',(2.46832052176981,0.281218459646727,0.01));
#8213=CARTESIAN_POINT('',(2.48590102452541,0.260267670402283,0.));
#8214=CARTESIAN_POINT('Ctrl Pts',(2.49844310425861,0.247588797557667,0.));
#8215=CARTESIAN_POINT('Ctrl Pts',(2.49844310425861,0.247588797557667,0.01));
#8216=CARTESIAN_POINT('Ctrl Pts',(2.49219010629426,0.248036295886871,0.));
#8217=CARTESIAN_POINT('Ctrl Pts',(2.49219010629426,0.248036295886871,0.01));
#8218=CARTESIAN_POINT('Ctrl Pts',(2.48966690190306,0.25058700678448,0.));
#8219=CARTESIAN_POINT('Ctrl Pts',(2.48966690190306,0.25058700678448,0.01));
#8220=CARTESIAN_POINT('Ctrl Pts',(2.48590102452541,0.260267670402283,0.));
#8221=CARTESIAN_POINT('Ctrl Pts',(2.48590102452541,0.260267670402283,0.01));
#8222=CARTESIAN_POINT('',(2.49844310425861,0.247588797557667,0.));
#8223=CARTESIAN_POINT('Ctrl Pts',(2.49844310425861,0.247588797557667,0.));
#8224=CARTESIAN_POINT('Ctrl Pts',(2.49219010629426,0.248036295886871,0.));
#8225=CARTESIAN_POINT('Ctrl Pts',(2.48966690190306,0.25058700678448,0.));
#8226=CARTESIAN_POINT('Ctrl Pts',(2.48590102452541,0.260267670402283,0.));
#8227=CARTESIAN_POINT('',(2.49844310425861,0.247588797557667,0.01));
#8228=CARTESIAN_POINT('Ctrl Pts',(2.49844310425861,0.247588797557667,0.01));
#8229=CARTESIAN_POINT('Ctrl Pts',(2.49219010629426,0.248036295886871,0.01));
#8230=CARTESIAN_POINT('Ctrl Pts',(2.48966690190306,0.25058700678448,0.01));
#8231=CARTESIAN_POINT('Ctrl Pts',(2.48590102452541,0.260267670402283,0.01));
#8232=CARTESIAN_POINT('',(2.49844310425861,0.247588797557667,0.));
#8233=CARTESIAN_POINT('Ctrl Pts',(2.50389235026741,0.248427169261667,0.));
#8234=CARTESIAN_POINT('Ctrl Pts',(2.50389235026741,0.248427169261667,0.01));
#8235=CARTESIAN_POINT('Ctrl Pts',(2.50204734393943,0.247533991636566,0.));
#8236=CARTESIAN_POINT('Ctrl Pts',(2.50204734393943,0.247533991636566,0.01));
#8237=CARTESIAN_POINT('Ctrl Pts',(2.50114643190586,0.247395379533141,0.));
#8238=CARTESIAN_POINT('Ctrl Pts',(2.50114643190586,0.247395379533141,0.01));
#8239=CARTESIAN_POINT('Ctrl Pts',(2.49844310425861,0.247588797557667,0.));
#8240=CARTESIAN_POINT('Ctrl Pts',(2.49844310425861,0.247588797557667,0.01));
#8241=CARTESIAN_POINT('',(2.50389235026741,0.248427169261667,0.));
#8242=CARTESIAN_POINT('Ctrl Pts',(2.50389235026741,0.248427169261667,0.));
#8243=CARTESIAN_POINT('Ctrl Pts',(2.50204734393943,0.247533991636566,0.));
#8244=CARTESIAN_POINT('Ctrl Pts',(2.50114643190586,0.247395379533141,0.));
#8245=CARTESIAN_POINT('Ctrl Pts',(2.49844310425861,0.247588797557667,0.));
#8246=CARTESIAN_POINT('',(2.50389235026741,0.248427169261667,0.01));
#8247=CARTESIAN_POINT('Ctrl Pts',(2.50389235026741,0.248427169261667,0.01));
#8248=CARTESIAN_POINT('Ctrl Pts',(2.50204734393943,0.247533991636566,0.01));
#8249=CARTESIAN_POINT('Ctrl Pts',(2.50114643190586,0.247395379533141,0.01));
#8250=CARTESIAN_POINT('Ctrl Pts',(2.49844310425861,0.247588797557667,0.01));
#8251=CARTESIAN_POINT('',(2.50389235026741,0.248427169261667,0.));
#8252=CARTESIAN_POINT('Ctrl Pts',(2.51041006138741,0.260777590755171,0.));
#8253=CARTESIAN_POINT('Ctrl Pts',(2.51041006138741,0.260777590755171,0.01));
#8254=CARTESIAN_POINT('Ctrl Pts',(2.51020997387118,0.254924767964268,0.));
#8255=CARTESIAN_POINT('Ctrl Pts',(2.51020997387118,0.254924767964268,0.01));
#8256=CARTESIAN_POINT('Ctrl Pts',(2.5077722465915,0.250305449509101,0.));
#8257=CARTESIAN_POINT('Ctrl Pts',(2.5077722465915,0.250305449509101,0.01));
#8258=CARTESIAN_POINT('Ctrl Pts',(2.50389235026741,0.248427169261667,0.));
#8259=CARTESIAN_POINT('Ctrl Pts',(2.50389235026741,0.248427169261667,0.01));
#8260=CARTESIAN_POINT('',(2.51041006138741,0.260777590755171,0.));
#8261=CARTESIAN_POINT('Ctrl Pts',(2.51041006138741,0.260777590755171,0.));
#8262=CARTESIAN_POINT('Ctrl Pts',(2.51020997387118,0.254924767964268,0.));
#8263=CARTESIAN_POINT('Ctrl Pts',(2.5077722465915,0.250305449509101,0.));
#8264=CARTESIAN_POINT('Ctrl Pts',(2.50389235026741,0.248427169261667,0.));
#8265=CARTESIAN_POINT('',(2.51041006138741,0.260777590755171,0.01));
#8266=CARTESIAN_POINT('Ctrl Pts',(2.51041006138741,0.260777590755171,0.01));
#8267=CARTESIAN_POINT('Ctrl Pts',(2.51020997387118,0.254924767964268,0.01));
#8268=CARTESIAN_POINT('Ctrl Pts',(2.5077722465915,0.250305449509101,0.01));
#8269=CARTESIAN_POINT('Ctrl Pts',(2.50389235026741,0.248427169261667,0.01));
#8270=CARTESIAN_POINT('',(2.51041006138741,0.260777590755171,0.));
#8271=CARTESIAN_POINT('Origin',(2.51051358049861,0.263805081101839,0.));
#8272=CARTESIAN_POINT('',(2.51051358049861,0.263805081101839,0.));
#8273=CARTESIAN_POINT('',(2.51051358049861,0.263805081101839,0.));
#8274=CARTESIAN_POINT('',(2.51051358049861,0.263805081101839,0.01));
#8275=CARTESIAN_POINT('',(2.51051358049861,0.263805081101839,0.01));
#8276=CARTESIAN_POINT('',(2.51051358049861,0.263805081101839,0.));
#8277=CARTESIAN_POINT('Origin',(2.53571900520981,0.264056943099171,0.));
#8278=CARTESIAN_POINT('',(2.53571900520981,0.264056943099171,0.));
#8279=CARTESIAN_POINT('',(2.53571900520981,0.264056943099171,0.));
#8280=CARTESIAN_POINT('',(2.53571900520981,0.264056943099171,0.01));
#8281=CARTESIAN_POINT('',(2.53571900520981,0.264056943099171,0.01));
#8282=CARTESIAN_POINT('',(2.53571900520981,0.264056943099171,0.));
#8283=CARTESIAN_POINT('Origin',(2.53603161813701,0.261091564219171,0.));
#8284=CARTESIAN_POINT('',(2.53603161813701,0.261091564219171,0.));
#8285=CARTESIAN_POINT('',(2.53603161813701,0.261091564219171,0.));
#8286=CARTESIAN_POINT('',(2.53603161813701,0.261091564219171,0.01));
#8287=CARTESIAN_POINT('',(2.53603161813701,0.261091564219171,0.01));
#8288=CARTESIAN_POINT('',(2.53603161813701,0.261091564219171,0.));
#8289=CARTESIAN_POINT('Ctrl Pts',(2.53217981989701,0.244018305108067,0.));
#8290=CARTESIAN_POINT('Ctrl Pts',(2.53217981989701,0.244018305108067,0.01));
#8291=CARTESIAN_POINT('Ctrl Pts',(2.53515123246213,0.248943744414858,0.));
#8292=CARTESIAN_POINT('Ctrl Pts',(2.53515123246213,0.248943744414858,0.01));
#8293=CARTESIAN_POINT('Ctrl Pts',(2.53662401364469,0.255472251099169,0.));
#8294=CARTESIAN_POINT('Ctrl Pts',(2.53662401364469,0.255472251099169,0.01));
#8295=CARTESIAN_POINT('Ctrl Pts',(2.53603161813701,0.261091564219171,0.));
#8296=CARTESIAN_POINT('Ctrl Pts',(2.53603161813701,0.261091564219171,0.01));
#8297=CARTESIAN_POINT('',(2.53217981989701,0.244018305108067,0.));
#8298=CARTESIAN_POINT('Ctrl Pts',(2.53217981989701,0.244018305108067,0.));
#8299=CARTESIAN_POINT('Ctrl Pts',(2.53515123246213,0.248943744414858,0.));
#8300=CARTESIAN_POINT('Ctrl Pts',(2.53662401364469,0.255472251099169,0.));
#8301=CARTESIAN_POINT('Ctrl Pts',(2.53603161813701,0.261091564219171,0.));
#8302=CARTESIAN_POINT('',(2.53217981989701,0.244018305108067,0.01));
#8303=CARTESIAN_POINT('Ctrl Pts',(2.53217981989701,0.244018305108067,0.01));
#8304=CARTESIAN_POINT('Ctrl Pts',(2.53515123246213,0.248943744414858,0.01));
#8305=CARTESIAN_POINT('Ctrl Pts',(2.53662401364469,0.255472251099169,0.01));
#8306=CARTESIAN_POINT('Ctrl Pts',(2.53603161813701,0.261091564219171,0.01));
#8307=CARTESIAN_POINT('',(2.53217981989701,0.244018305108067,0.));
#8308=CARTESIAN_POINT('Ctrl Pts',(2.50672742816341,0.228772897730467,0.));
#8309=CARTESIAN_POINT('Ctrl Pts',(2.50672742816341,0.228772897730467,0.01));
#8310=CARTESIAN_POINT('Ctrl Pts',(2.51847285439462,0.23068356475247,0.));
#8311=CARTESIAN_POINT('Ctrl Pts',(2.51847285439462,0.23068356475247,0.01));
#8312=CARTESIAN_POINT('Ctrl Pts',(2.5273400056834,0.235994538805677,0.));
#8313=CARTESIAN_POINT('Ctrl Pts',(2.5273400056834,0.235994538805677,0.01));
#8314=CARTESIAN_POINT('Ctrl Pts',(2.53217981989701,0.244018305108067,0.));
#8315=CARTESIAN_POINT('Ctrl Pts',(2.53217981989701,0.244018305108067,0.01));
#8316=CARTESIAN_POINT('',(2.50672742816341,0.228772897730467,0.));
#8317=CARTESIAN_POINT('Ctrl Pts',(2.50672742816341,0.228772897730467,0.));
#8318=CARTESIAN_POINT('Ctrl Pts',(2.51847285439462,0.23068356475247,0.));
#8319=CARTESIAN_POINT('Ctrl Pts',(2.5273400056834,0.235994538805677,0.));
#8320=CARTESIAN_POINT('Ctrl Pts',(2.53217981989701,0.244018305108067,0.));
#8321=CARTESIAN_POINT('',(2.50672742816341,0.228772897730467,0.01));
#8322=CARTESIAN_POINT('Ctrl Pts',(2.50672742816341,0.228772897730467,0.01));
#8323=CARTESIAN_POINT('Ctrl Pts',(2.51847285439462,0.23068356475247,0.01));
#8324=CARTESIAN_POINT('Ctrl Pts',(2.5273400056834,0.235994538805677,0.01));
#8325=CARTESIAN_POINT('Ctrl Pts',(2.53217981989701,0.244018305108067,0.01));
#8326=CARTESIAN_POINT('',(2.50672742816341,0.228772897730467,0.));
#8327=CARTESIAN_POINT('Ctrl Pts',(2.48724956798581,0.228777334263667,0.));
#8328=CARTESIAN_POINT('Ctrl Pts',(2.48724956798581,0.228777334263667,0.01));
#8329=CARTESIAN_POINT('Ctrl Pts',(2.49188130880345,0.227936137654007,0.));
#8330=CARTESIAN_POINT('Ctrl Pts',(2.49188130880345,0.227936137654007,0.01));
#8331=CARTESIAN_POINT('Ctrl Pts',(2.50157158491035,0.227934333667806,0.));
#8332=CARTESIAN_POINT('Ctrl Pts',(2.50157158491035,0.227934333667806,0.01));
#8333=CARTESIAN_POINT('Ctrl Pts',(2.50672742816341,0.228772897730467,0.));
#8334=CARTESIAN_POINT('Ctrl Pts',(2.50672742816341,0.228772897730467,0.01));
#8335=CARTESIAN_POINT('',(2.48724956798581,0.228777334263667,0.));
#8336=CARTESIAN_POINT('Ctrl Pts',(2.48724956798581,0.228777334263667,0.));
#8337=CARTESIAN_POINT('Ctrl Pts',(2.49188130880345,0.227936137654007,0.));
#8338=CARTESIAN_POINT('Ctrl Pts',(2.50157158491035,0.227934333667806,0.));
#8339=CARTESIAN_POINT('Ctrl Pts',(2.50672742816341,0.228772897730467,0.));
#8340=CARTESIAN_POINT('',(2.48724956798581,0.228777334263667,0.01));
#8341=CARTESIAN_POINT('Ctrl Pts',(2.48724956798581,0.228777334263667,0.01));
#8342=CARTESIAN_POINT('Ctrl Pts',(2.49188130880345,0.227936137654007,0.01));
#8343=CARTESIAN_POINT('Ctrl Pts',(2.50157158491035,0.227934333667806,0.01));
#8344=CARTESIAN_POINT('Ctrl Pts',(2.50672742816341,0.228772897730467,0.01));
#8345=CARTESIAN_POINT('',(2.48724956798581,0.228777334263667,0.));
#8346=CARTESIAN_POINT('Ctrl Pts',(2.46504426021061,0.240581307946467,0.));
#8347=CARTESIAN_POINT('Ctrl Pts',(2.46504426021061,0.240581307946467,0.01));
#8348=CARTESIAN_POINT('Ctrl Pts',(2.47162357702797,0.2340130862502,0.));
#8349=CARTESIAN_POINT('Ctrl Pts',(2.47162357702797,0.2340130862502,0.01));
#8350=CARTESIAN_POINT('Ctrl Pts',(2.47847891510961,0.230368404394686,0.));
#8351=CARTESIAN_POINT('Ctrl Pts',(2.47847891510961,0.230368404394686,0.01));
#8352=CARTESIAN_POINT('Ctrl Pts',(2.48724956798581,0.228777334263667,0.));
#8353=CARTESIAN_POINT('Ctrl Pts',(2.48724956798581,0.228777334263667,0.01));
#8354=CARTESIAN_POINT('',(2.46504426021061,0.240581307946467,0.));
#8355=CARTESIAN_POINT('Ctrl Pts',(2.46504426021061,0.240581307946467,0.));
#8356=CARTESIAN_POINT('Ctrl Pts',(2.47162357702797,0.2340130862502,0.));
#8357=CARTESIAN_POINT('Ctrl Pts',(2.47847891510961,0.230368404394686,0.));
#8358=CARTESIAN_POINT('Ctrl Pts',(2.48724956798581,0.228777334263667,0.));
#8359=CARTESIAN_POINT('',(2.46504426021061,0.240581307946467,0.01));
#8360=CARTESIAN_POINT('Ctrl Pts',(2.46504426021061,0.240581307946467,0.01));
#8361=CARTESIAN_POINT('Ctrl Pts',(2.47162357702797,0.2340130862502,0.01));
#8362=CARTESIAN_POINT('Ctrl Pts',(2.47847891510961,0.230368404394686,0.01));
#8363=CARTESIAN_POINT('Ctrl Pts',(2.48724956798581,0.228777334263667,0.01));
#8364=CARTESIAN_POINT('',(2.46504426021061,0.240581307946467,0.));
#8365=CARTESIAN_POINT('Ctrl Pts',(2.45240191482381,0.257888224479615,0.));
#8366=CARTESIAN_POINT('Ctrl Pts',(2.45240191482381,0.257888224479615,0.01));
#8367=CARTESIAN_POINT('Ctrl Pts',(2.45742865510652,0.249402910939955,0.));
#8368=CARTESIAN_POINT('Ctrl Pts',(2.45742865510652,0.249402910939955,0.01));
#8369=CARTESIAN_POINT('Ctrl Pts',(2.46071287278196,0.244906928011025,0.));
#8370=CARTESIAN_POINT('Ctrl Pts',(2.46071287278196,0.244906928011025,0.01));
#8371=CARTESIAN_POINT('Ctrl Pts',(2.46504426021061,0.240581307946467,0.));
#8372=CARTESIAN_POINT('Ctrl Pts',(2.46504426021061,0.240581307946467,0.01));
#8373=CARTESIAN_POINT('',(2.45240191482381,0.257888224479615,0.));
#8374=CARTESIAN_POINT('Ctrl Pts',(2.45240191482381,0.257888224479615,0.));
#8375=CARTESIAN_POINT('Ctrl Pts',(2.45742865510652,0.249402910939955,0.));
#8376=CARTESIAN_POINT('Ctrl Pts',(2.46071287278196,0.244906928011025,0.));
#8377=CARTESIAN_POINT('Ctrl Pts',(2.46504426021061,0.240581307946467,0.));
#8378=CARTESIAN_POINT('',(2.45240191482381,0.257888224479615,0.01));
#8379=CARTESIAN_POINT('Ctrl Pts',(2.45240191482381,0.257888224479615,0.01));
#8380=CARTESIAN_POINT('Ctrl Pts',(2.45742865510652,0.249402910939955,0.01));
#8381=CARTESIAN_POINT('Ctrl Pts',(2.46071287278196,0.244906928011025,0.01));
#8382=CARTESIAN_POINT('Ctrl Pts',(2.46504426021061,0.240581307946467,0.01));
#8383=CARTESIAN_POINT('',(2.45240191482381,0.257888224479615,0.));
#8384=CARTESIAN_POINT('Ctrl Pts',(2.44653563468181,0.267762173066283,0.));
#8385=CARTESIAN_POINT('Ctrl Pts',(2.44653563468181,0.267762173066283,0.01));
#8386=CARTESIAN_POINT('Ctrl Pts',(2.44752646045938,0.26610557151962,0.));
#8387=CARTESIAN_POINT('Ctrl Pts',(2.44752646045938,0.26610557151962,0.01));
#8388=CARTESIAN_POINT('Ctrl Pts',(2.45016619779299,0.26166223550183,0.));
#8389=CARTESIAN_POINT('Ctrl Pts',(2.45016619779299,0.26166223550183,0.01));
#8390=CARTESIAN_POINT('Ctrl Pts',(2.45240191482381,0.257888224479615,0.));
#8391=CARTESIAN_POINT('Ctrl Pts',(2.45240191482381,0.257888224479615,0.01));
#8392=CARTESIAN_POINT('',(2.44653563468181,0.267762173066283,0.));
#8393=CARTESIAN_POINT('Ctrl Pts',(2.44653563468181,0.267762173066283,0.));
#8394=CARTESIAN_POINT('Ctrl Pts',(2.44752646045938,0.26610557151962,0.));
#8395=CARTESIAN_POINT('Ctrl Pts',(2.45016619779299,0.26166223550183,0.));
#8396=CARTESIAN_POINT('Ctrl Pts',(2.45240191482381,0.257888224479615,0.));
#8397=CARTESIAN_POINT('',(2.44653563468181,0.267762173066283,0.01));
#8398=CARTESIAN_POINT('Ctrl Pts',(2.44653563468181,0.267762173066283,0.01));
#8399=CARTESIAN_POINT('Ctrl Pts',(2.44752646045938,0.26610557151962,0.01));
#8400=CARTESIAN_POINT('Ctrl Pts',(2.45016619779299,0.26166223550183,0.01));
#8401=CARTESIAN_POINT('Ctrl Pts',(2.45240191482381,0.257888224479615,0.01));
#8402=CARTESIAN_POINT('',(2.44653563468181,0.267762173066283,0.));
#8403=CARTESIAN_POINT('Ctrl Pts',(2.43517101089501,0.279503606417395,0.));
#8404=CARTESIAN_POINT('Ctrl Pts',(2.43517101089501,0.279503606417395,0.01));
#8405=CARTESIAN_POINT('Ctrl Pts',(2.43874168080611,0.277219531172955,0.));
#8406=CARTESIAN_POINT('Ctrl Pts',(2.43874168080611,0.277219531172955,0.01));
#8407=CARTESIAN_POINT('Ctrl Pts',(2.44433659299299,0.271439024008495,0.));
#8408=CARTESIAN_POINT('Ctrl Pts',(2.44433659299299,0.271439024008495,0.01));
#8409=CARTESIAN_POINT('Ctrl Pts',(2.44653563468181,0.267762173066283,0.));
#8410=CARTESIAN_POINT('Ctrl Pts',(2.44653563468181,0.267762173066283,0.01));
#8411=CARTESIAN_POINT('',(2.43517101089501,0.279503606417395,0.));
#8412=CARTESIAN_POINT('Ctrl Pts',(2.43517101089501,0.279503606417395,0.));
#8413=CARTESIAN_POINT('Ctrl Pts',(2.43874168080611,0.277219531172955,0.));
#8414=CARTESIAN_POINT('Ctrl Pts',(2.44433659299299,0.271439024008495,0.));
#8415=CARTESIAN_POINT('Ctrl Pts',(2.44653563468181,0.267762173066283,0.));
#8416=CARTESIAN_POINT('',(2.43517101089501,0.279503606417395,0.01));
#8417=CARTESIAN_POINT('Ctrl Pts',(2.43517101089501,0.279503606417395,0.01));
#8418=CARTESIAN_POINT('Ctrl Pts',(2.43874168080611,0.277219531172955,0.01));
#8419=CARTESIAN_POINT('Ctrl Pts',(2.44433659299299,0.271439024008495,0.01));
#8420=CARTESIAN_POINT('Ctrl Pts',(2.44653563468181,0.267762173066283,0.01));
#8421=CARTESIAN_POINT('',(2.43517101089501,0.279503606417395,0.));
#8422=CARTESIAN_POINT('Ctrl Pts',(2.42869515107301,0.282667150452951,0.));
#8423=CARTESIAN_POINT('Ctrl Pts',(2.42869515107301,0.282667150452951,0.01));
#8424=CARTESIAN_POINT('Ctrl Pts',(2.43080546209502,0.281855708506272,0.));
#8425=CARTESIAN_POINT('Ctrl Pts',(2.43080546209502,0.281855708506272,0.01));
#8426=CARTESIAN_POINT('Ctrl Pts',(2.43371951028466,0.280432098901849,0.));
#8427=CARTESIAN_POINT('Ctrl Pts',(2.43371951028466,0.280432098901849,0.01));
#8428=CARTESIAN_POINT('Ctrl Pts',(2.43517101089501,0.279503606417395,0.));
#8429=CARTESIAN_POINT('Ctrl Pts',(2.43517101089501,0.279503606417395,0.01));
#8430=CARTESIAN_POINT('',(2.42869515107301,0.282667150452951,0.));
#8431=CARTESIAN_POINT('Ctrl Pts',(2.42869515107301,0.282667150452951,0.));
#8432=CARTESIAN_POINT('Ctrl Pts',(2.43080546209502,0.281855708506272,0.));
#8433=CARTESIAN_POINT('Ctrl Pts',(2.43371951028466,0.280432098901849,0.));
#8434=CARTESIAN_POINT('Ctrl Pts',(2.43517101089501,0.279503606417395,0.));
#8435=CARTESIAN_POINT('',(2.42869515107301,0.282667150452951,0.01));
#8436=CARTESIAN_POINT('Ctrl Pts',(2.42869515107301,0.282667150452951,0.01));
#8437=CARTESIAN_POINT('Ctrl Pts',(2.43080546209502,0.281855708506272,0.01));
#8438=CARTESIAN_POINT('Ctrl Pts',(2.43371951028466,0.280432098901849,0.01));
#8439=CARTESIAN_POINT('Ctrl Pts',(2.43517101089501,0.279503606417395,0.01));
#8440=CARTESIAN_POINT('',(2.42869515107301,0.282667150452951,0.));
#8441=CARTESIAN_POINT('Origin',(2.42485843704621,0.284142534401395,0.));
#8442=CARTESIAN_POINT('',(2.42485843704621,0.284142534401395,0.));
#8443=CARTESIAN_POINT('',(2.42485843704621,0.284142534401395,0.));
#8444=CARTESIAN_POINT('',(2.42485843704621,0.284142534401395,0.01));
#8445=CARTESIAN_POINT('',(2.42485843704621,0.284142534401395,0.01));
#8446=CARTESIAN_POINT('',(2.42485843704621,0.284142534401395,0.));
#8447=CARTESIAN_POINT('Origin',(2.39054924593501,0.284443079957839,0.));
#8448=CARTESIAN_POINT('',(2.39054924593501,0.284443079957839,0.));
#8449=CARTESIAN_POINT('',(2.39054924593501,0.284443079957839,0.));
#8450=CARTESIAN_POINT('',(2.39054924593501,0.284443079957839,0.01));
#8451=CARTESIAN_POINT('',(2.39054924593501,0.284443079957839,0.01));
#8452=CARTESIAN_POINT('',(2.39054924593501,0.284443079957839,0.));
#8453=CARTESIAN_POINT('Origin',(2.39054924593501,0.264052772757839,0.));
#8454=CARTESIAN_POINT('',(2.39054924593501,0.264052772757839,0.));
#8455=CARTESIAN_POINT('',(2.39054924593501,0.264052772757839,0.));
#8456=CARTESIAN_POINT('',(2.39054924593501,0.264052772757839,0.01));
#8457=CARTESIAN_POINT('',(2.39054924593501,0.264052772757839,0.01));
#8458=CARTESIAN_POINT('',(2.39054924593501,0.264052772757839,0.));
#8459=CARTESIAN_POINT('Origin',(2.42059936504621,0.263802862835171,0.));
#8460=CARTESIAN_POINT('',(2.42059936504621,0.263802862835171,0.));
#8461=CARTESIAN_POINT('',(2.42059936504621,0.263802862835171,0.));
#8462=CARTESIAN_POINT('',(2.42059936504621,0.263802862835171,0.01));
#8463=CARTESIAN_POINT('',(2.42059936504621,0.263802862835171,0.01));
#8464=CARTESIAN_POINT('',(2.42059936504621,0.263802862835171,0.));
#8465=CARTESIAN_POINT('Origin',(2.42085106437061,0.238007379190867,0.));
#8466=CARTESIAN_POINT('',(2.42085106437061,0.238007379190867,0.));
#8467=CARTESIAN_POINT('',(2.42085106437061,0.238007379190867,0.));
#8468=CARTESIAN_POINT('',(2.42085106437061,0.238007379190867,0.01));
#8469=CARTESIAN_POINT('',(2.42085106437061,0.238007379190867,0.01));
#8470=CARTESIAN_POINT('',(2.42085106437061,0.238007379190867,0.));
#8471=CARTESIAN_POINT('Origin',(2.32973945814841,0.238248726604067,0.));
#8472=CARTESIAN_POINT('',(2.32973945814841,0.238248726604067,0.));
#8473=CARTESIAN_POINT('',(2.32973945814841,0.238248726604067,0.));
#8474=CARTESIAN_POINT('',(2.32973945814841,0.238248726604067,0.01));
#8475=CARTESIAN_POINT('',(2.32973945814841,0.238248726604067,0.01));
#8476=CARTESIAN_POINT('',(2.32973945814841,0.238248726604067,0.));
#8477=CARTESIAN_POINT('Origin',(2.32973945814841,0.263803158604059,0.));
#8478=CARTESIAN_POINT('',(2.32973945814841,0.263803158604059,0.));
#8479=CARTESIAN_POINT('',(2.32973945814841,0.263803158604059,0.01));
#8480=CARTESIAN_POINT('Origin',(2.42119303603976,0.286565122222457,0.01));
#8481=CARTESIAN_POINT('Origin',(2.42119303603976,0.286565122222457,0.));
#8482=CARTESIAN_POINT('Origin',(2.77755255907741,0.286281919505395,0.));
#8483=CARTESIAN_POINT('',(2.77755255907741,0.286281919505395,0.));
#8484=CARTESIAN_POINT('',(2.75352281569941,0.286281919505395,0.));
#8485=CARTESIAN_POINT('',(2.77755255907741,0.286281919505395,0.));
#8486=CARTESIAN_POINT('',(2.75352281569941,0.286281919505395,0.01));
#8487=CARTESIAN_POINT('',(2.75352281569941,0.286281919505395,0.));
#8488=CARTESIAN_POINT('',(2.77755255907741,0.286281919505395,0.01));
#8489=CARTESIAN_POINT('',(2.77755255907741,0.286281919505395,0.01));
#8490=CARTESIAN_POINT('',(2.77755255907741,0.286281919505395,0.));
#8491=CARTESIAN_POINT('Origin',(2.77785348913341,0.284677964820951,0.));
#8492=CARTESIAN_POINT('',(2.77785348913341,0.284677964820951,0.));
#8493=CARTESIAN_POINT('',(2.77785348913341,0.284677964820951,0.));
#8494=CARTESIAN_POINT('',(2.77785348913341,0.284677964820951,0.01));
#8495=CARTESIAN_POINT('',(2.77785348913341,0.284677964820951,0.01));
#8496=CARTESIAN_POINT('',(2.77785348913341,0.284677964820951,0.));
#8497=CARTESIAN_POINT('Ctrl Pts',(2.78370394563981,0.274697539434283,0.));
#8498=CARTESIAN_POINT('Ctrl Pts',(2.78370394563981,0.274697539434283,0.01));
#8499=CARTESIAN_POINT('Ctrl Pts',(2.78094501344468,0.277438725496508,0.));
#8500=CARTESIAN_POINT('Ctrl Pts',(2.78094501344468,0.277438725496508,0.01));
#8501=CARTESIAN_POINT('Ctrl Pts',(2.77839570744904,0.281787563354279,0.));
#8502=CARTESIAN_POINT('Ctrl Pts',(2.77839570744904,0.281787563354279,0.01));
#8503=CARTESIAN_POINT('Ctrl Pts',(2.77785348913341,0.284677964820951,0.));
#8504=CARTESIAN_POINT('Ctrl Pts',(2.77785348913341,0.284677964820951,0.01));
#8505=CARTESIAN_POINT('',(2.78370394563981,0.274697539434283,0.));
#8506=CARTESIAN_POINT('Ctrl Pts',(2.78370394563981,0.274697539434283,0.));
#8507=CARTESIAN_POINT('Ctrl Pts',(2.78094501344468,0.277438725496508,0.));
#8508=CARTESIAN_POINT('Ctrl Pts',(2.77839570744904,0.281787563354279,0.));
#8509=CARTESIAN_POINT('Ctrl Pts',(2.77785348913341,0.284677964820951,0.));
#8510=CARTESIAN_POINT('',(2.78370394563981,0.274697539434283,0.01));
#8511=CARTESIAN_POINT('Ctrl Pts',(2.78370394563981,0.274697539434283,0.01));
#8512=CARTESIAN_POINT('Ctrl Pts',(2.78094501344468,0.277438725496508,0.01));
#8513=CARTESIAN_POINT('Ctrl Pts',(2.77839570744904,0.281787563354279,0.01));
#8514=CARTESIAN_POINT('Ctrl Pts',(2.77785348913341,0.284677964820951,0.01));
#8515=CARTESIAN_POINT('',(2.78370394563981,0.274697539434283,0.));
#8516=CARTESIAN_POINT('Ctrl Pts',(2.80439593710661,0.262856431967615,0.));
#8517=CARTESIAN_POINT('Ctrl Pts',(2.80439593710661,0.262856431967615,0.01));
#8518=CARTESIAN_POINT('Ctrl Pts',(2.79465449298228,0.266403736136503,0.));
#8519=CARTESIAN_POINT('Ctrl Pts',(2.79465449298228,0.266403736136503,0.01));
#8520=CARTESIAN_POINT('Ctrl Pts',(2.78851566180911,0.269916878998737,0.));
#8521=CARTESIAN_POINT('Ctrl Pts',(2.78851566180911,0.269916878998737,0.01));
#8522=CARTESIAN_POINT('Ctrl Pts',(2.78370394563981,0.274697539434283,0.));
#8523=CARTESIAN_POINT('Ctrl Pts',(2.78370394563981,0.274697539434283,0.01));
#8524=CARTESIAN_POINT('',(2.80439593710661,0.262856431967615,0.));
#8525=CARTESIAN_POINT('Ctrl Pts',(2.80439593710661,0.262856431967615,0.));
#8526=CARTESIAN_POINT('Ctrl Pts',(2.79465449298228,0.266403736136503,0.));
#8527=CARTESIAN_POINT('Ctrl Pts',(2.78851566180911,0.269916878998737,0.));
#8528=CARTESIAN_POINT('Ctrl Pts',(2.78370394563981,0.274697539434283,0.));
#8529=CARTESIAN_POINT('',(2.80439593710661,0.262856431967615,0.01));
#8530=CARTESIAN_POINT('Ctrl Pts',(2.80439593710661,0.262856431967615,0.01));
#8531=CARTESIAN_POINT('Ctrl Pts',(2.79465449298228,0.266403736136503,0.01));
#8532=CARTESIAN_POINT('Ctrl Pts',(2.78851566180911,0.269916878998737,0.01));
#8533=CARTESIAN_POINT('Ctrl Pts',(2.78370394563981,0.274697539434283,0.01));
#8534=CARTESIAN_POINT('',(2.80439593710661,0.262856431967615,0.));
#8535=CARTESIAN_POINT('Ctrl Pts',(2.88447240608461,0.261546870846727,0.));
#8536=CARTESIAN_POINT('Ctrl Pts',(2.88447240608461,0.261546870846727,0.01));
#8537=CARTESIAN_POINT('Ctrl Pts',(2.86787089835101,0.253686117567619,0.));
#8538=CARTESIAN_POINT('Ctrl Pts',(2.86787089835101,0.253686117567619,0.01));
#8539=CARTESIAN_POINT('Ctrl Pts',(2.82777646777339,0.254341837194271,0.));
#8540=CARTESIAN_POINT('Ctrl Pts',(2.82777646777339,0.254341837194271,0.01));
#8541=CARTESIAN_POINT('Ctrl Pts',(2.80439593710661,0.262856431967615,0.));
#8542=CARTESIAN_POINT('Ctrl Pts',(2.80439593710661,0.262856431967615,0.01));
#8543=CARTESIAN_POINT('',(2.88447240608461,0.261546870846727,0.));
#8544=CARTESIAN_POINT('Ctrl Pts',(2.88447240608461,0.261546870846727,0.));
#8545=CARTESIAN_POINT('Ctrl Pts',(2.86787089835101,0.253686117567619,0.));
#8546=CARTESIAN_POINT('Ctrl Pts',(2.82777646777339,0.254341837194271,0.));
#8547=CARTESIAN_POINT('Ctrl Pts',(2.80439593710661,0.262856431967615,0.));
#8548=CARTESIAN_POINT('',(2.88447240608461,0.261546870846727,0.01));
#8549=CARTESIAN_POINT('Ctrl Pts',(2.88447240608461,0.261546870846727,0.01));
#8550=CARTESIAN_POINT('Ctrl Pts',(2.86787089835101,0.253686117567619,0.01));
#8551=CARTESIAN_POINT('Ctrl Pts',(2.82777646777339,0.254341837194271,0.01));
#8552=CARTESIAN_POINT('Ctrl Pts',(2.80439593710661,0.262856431967615,0.01));
#8553=CARTESIAN_POINT('',(2.88447240608461,0.261546870846727,0.));
#8554=CARTESIAN_POINT('Ctrl Pts',(2.89249765123101,0.268658190126727,0.));
#8555=CARTESIAN_POINT('Ctrl Pts',(2.89249765123101,0.268658190126727,0.01));
#8556=CARTESIAN_POINT('Ctrl Pts',(2.89162986531106,0.266581448873392,0.));
#8557=CARTESIAN_POINT('Ctrl Pts',(2.89162986531106,0.266581448873392,0.01));
#8558=CARTESIAN_POINT('Ctrl Pts',(2.88764186549779,0.263047602188947,0.));
#8559=CARTESIAN_POINT('Ctrl Pts',(2.88764186549779,0.263047602188947,0.01));
#8560=CARTESIAN_POINT('Ctrl Pts',(2.88447240608461,0.261546870846727,0.));
#8561=CARTESIAN_POINT('Ctrl Pts',(2.88447240608461,0.261546870846727,0.01));
#8562=CARTESIAN_POINT('',(2.89249765123101,0.268658190126727,0.));
#8563=CARTESIAN_POINT('Ctrl Pts',(2.89249765123101,0.268658190126727,0.));
#8564=CARTESIAN_POINT('Ctrl Pts',(2.89162986531106,0.266581448873392,0.));
#8565=CARTESIAN_POINT('Ctrl Pts',(2.88764186549779,0.263047602188947,0.));
#8566=CARTESIAN_POINT('Ctrl Pts',(2.88447240608461,0.261546870846727,0.));
#8567=CARTESIAN_POINT('',(2.89249765123101,0.268658190126727,0.01));
#8568=CARTESIAN_POINT('Ctrl Pts',(2.89249765123101,0.268658190126727,0.01));
#8569=CARTESIAN_POINT('Ctrl Pts',(2.89162986531106,0.266581448873392,0.01));
#8570=CARTESIAN_POINT('Ctrl Pts',(2.88764186549779,0.263047602188947,0.01));
#8571=CARTESIAN_POINT('Ctrl Pts',(2.88447240608461,0.261546870846727,0.01));
#8572=CARTESIAN_POINT('',(2.89249765123101,0.268658190126727,0.));
#8573=CARTESIAN_POINT('Ctrl Pts',(2.87814605743541,0.281120412260059,0.));
#8574=CARTESIAN_POINT('Ctrl Pts',(2.87814605743541,0.281120412260059,0.01));
#8575=CARTESIAN_POINT('Ctrl Pts',(2.88867823989461,0.278619094847212,0.));
#8576=CARTESIAN_POINT('Ctrl Pts',(2.88867823989461,0.278619094847212,0.01));
#8577=CARTESIAN_POINT('Ctrl Pts',(2.89453475955614,0.273533496563785,0.));
#8578=CARTESIAN_POINT('Ctrl Pts',(2.89453475955614,0.273533496563785,0.01));
#8579=CARTESIAN_POINT('Ctrl Pts',(2.89249765123101,0.268658190126727,0.));
#8580=CARTESIAN_POINT('Ctrl Pts',(2.89249765123101,0.268658190126727,0.01));
#8581=CARTESIAN_POINT('',(2.87814605743541,0.281120412260059,0.));
#8582=CARTESIAN_POINT('Ctrl Pts',(2.87814605743541,0.281120412260059,0.));
#8583=CARTESIAN_POINT('Ctrl Pts',(2.88867823989461,0.278619094847212,0.));
#8584=CARTESIAN_POINT('Ctrl Pts',(2.89453475955614,0.273533496563785,0.));
#8585=CARTESIAN_POINT('Ctrl Pts',(2.89249765123101,0.268658190126727,0.));
#8586=CARTESIAN_POINT('',(2.87814605743541,0.281120412260059,0.01));
#8587=CARTESIAN_POINT('Ctrl Pts',(2.87814605743541,0.281120412260059,0.01));
#8588=CARTESIAN_POINT('Ctrl Pts',(2.88867823989461,0.278619094847212,0.01));
#8589=CARTESIAN_POINT('Ctrl Pts',(2.89453475955614,0.273533496563785,0.01));
#8590=CARTESIAN_POINT('Ctrl Pts',(2.89249765123101,0.268658190126727,0.01));
#8591=CARTESIAN_POINT('',(2.87814605743541,0.281120412260059,0.));
#8592=CARTESIAN_POINT('Ctrl Pts',(2.84248963903541,0.283684580642283,0.));
#8593=CARTESIAN_POINT('Ctrl Pts',(2.84248963903541,0.283684580642283,0.01));
#8594=CARTESIAN_POINT('Ctrl Pts',(2.86503965061156,0.283526935548304,0.));
#8595=CARTESIAN_POINT('Ctrl Pts',(2.86503965061156,0.283526935548304,0.01));
#8596=CARTESIAN_POINT('Ctrl Pts',(2.86930449011114,0.283220223300401,0.));
#8597=CARTESIAN_POINT('Ctrl Pts',(2.86930449011114,0.283220223300401,0.01));
#8598=CARTESIAN_POINT('Ctrl Pts',(2.87814605743541,0.281120412260059,0.));
#8599=CARTESIAN_POINT('Ctrl Pts',(2.87814605743541,0.281120412260059,0.01));
#8600=CARTESIAN_POINT('',(2.84248963903541,0.283684580642283,0.));
#8601=CARTESIAN_POINT('Ctrl Pts',(2.84248963903541,0.283684580642283,0.));
#8602=CARTESIAN_POINT('Ctrl Pts',(2.86503965061156,0.283526935548304,0.));
#8603=CARTESIAN_POINT('Ctrl Pts',(2.86930449011114,0.283220223300401,0.));
#8604=CARTESIAN_POINT('Ctrl Pts',(2.87814605743541,0.281120412260059,0.));
#8605=CARTESIAN_POINT('',(2.84248963903541,0.283684580642283,0.01));
#8606=CARTESIAN_POINT('Ctrl Pts',(2.84248963903541,0.283684580642283,0.01));
#8607=CARTESIAN_POINT('Ctrl Pts',(2.86503965061156,0.283526935548304,0.01));
#8608=CARTESIAN_POINT('Ctrl Pts',(2.86930449011114,0.283220223300401,0.01));
#8609=CARTESIAN_POINT('Ctrl Pts',(2.87814605743541,0.281120412260059,0.01));
#8610=CARTESIAN_POINT('',(2.84248963903541,0.283684580642283,0.));
#8611=CARTESIAN_POINT('Ctrl Pts',(2.80368476081341,0.285850791984503,0.));
#8612=CARTESIAN_POINT('Ctrl Pts',(2.80368476081341,0.285850791984503,0.01));
#8613=CARTESIAN_POINT('Ctrl Pts',(2.81314936525774,0.284242711324066,0.));
#8614=CARTESIAN_POINT('Ctrl Pts',(2.81314936525774,0.284242711324066,0.01));
#8615=CARTESIAN_POINT('Ctrl Pts',(2.82037943574671,0.28383911988674,0.));
#8616=CARTESIAN_POINT('Ctrl Pts',(2.82037943574671,0.28383911988674,0.01));
#8617=CARTESIAN_POINT('Ctrl Pts',(2.84248963903541,0.283684580642283,0.));
#8618=CARTESIAN_POINT('Ctrl Pts',(2.84248963903541,0.283684580642283,0.01));
#8619=CARTESIAN_POINT('',(2.80368476081341,0.285850791984503,0.));
#8620=CARTESIAN_POINT('Ctrl Pts',(2.80368476081341,0.285850791984503,0.));
#8621=CARTESIAN_POINT('Ctrl Pts',(2.81314936525774,0.284242711324066,0.));
#8622=CARTESIAN_POINT('Ctrl Pts',(2.82037943574671,0.28383911988674,0.));
#8623=CARTESIAN_POINT('Ctrl Pts',(2.84248963903541,0.283684580642283,0.));
#8624=CARTESIAN_POINT('',(2.80368476081341,0.285850791984503,0.01));
#8625=CARTESIAN_POINT('Ctrl Pts',(2.80368476081341,0.285850791984503,0.01));
#8626=CARTESIAN_POINT('Ctrl Pts',(2.81314936525774,0.284242711324066,0.01));
#8627=CARTESIAN_POINT('Ctrl Pts',(2.82037943574671,0.28383911988674,0.01));
#8628=CARTESIAN_POINT('Ctrl Pts',(2.84248963903541,0.283684580642283,0.01));
#8629=CARTESIAN_POINT('',(2.80368476081341,0.285850791984503,0.));
#8630=CARTESIAN_POINT('Ctrl Pts',(2.76667519974661,0.299564708055615,0.));
#8631=CARTESIAN_POINT('Ctrl Pts',(2.76667519974661,0.299564708055615,0.01));
#8632=CARTESIAN_POINT('Ctrl Pts',(2.77567544703545,0.29282073373562,0.));
#8633=CARTESIAN_POINT('Ctrl Pts',(2.77567544703545,0.29282073373562,0.01));
#8634=CARTESIAN_POINT('Ctrl Pts',(2.78669431699103,0.288737644224511,0.));
#8635=CARTESIAN_POINT('Ctrl Pts',(2.78669431699103,0.288737644224511,0.01));
#8636=CARTESIAN_POINT('Ctrl Pts',(2.80368476081341,0.285850791984503,0.));
#8637=CARTESIAN_POINT('Ctrl Pts',(2.80368476081341,0.285850791984503,0.01));
#8638=CARTESIAN_POINT('',(2.76667519974661,0.299564708055615,0.));
#8639=CARTESIAN_POINT('Ctrl Pts',(2.76667519974661,0.299564708055615,0.));
#8640=CARTESIAN_POINT('Ctrl Pts',(2.77567544703545,0.29282073373562,0.));
#8641=CARTESIAN_POINT('Ctrl Pts',(2.78669431699103,0.288737644224511,0.));
#8642=CARTESIAN_POINT('Ctrl Pts',(2.80368476081341,0.285850791984503,0.));
#8643=CARTESIAN_POINT('',(2.76667519974661,0.299564708055615,0.01));
#8644=CARTESIAN_POINT('Ctrl Pts',(2.76667519974661,0.299564708055615,0.01));
#8645=CARTESIAN_POINT('Ctrl Pts',(2.77567544703545,0.29282073373562,0.01));
#8646=CARTESIAN_POINT('Ctrl Pts',(2.78669431699103,0.288737644224511,0.01));
#8647=CARTESIAN_POINT('Ctrl Pts',(2.80368476081341,0.285850791984503,0.01));
#8648=CARTESIAN_POINT('',(2.76667519974661,0.299564708055615,0.));
#8649=CARTESIAN_POINT('Ctrl Pts',(2.75541527814661,0.321300763700059,0.));
#8650=CARTESIAN_POINT('Ctrl Pts',(2.75541527814661,0.321300763700059,0.01));
#8651=CARTESIAN_POINT('Ctrl Pts',(2.75541527795012,0.31275496514115,0.));
#8652=CARTESIAN_POINT('Ctrl Pts',(2.75541527795012,0.31275496514115,0.01));
#8653=CARTESIAN_POINT('Ctrl Pts',(2.75943906591456,0.304987186872244,0.));
#8654=CARTESIAN_POINT('Ctrl Pts',(2.75943906591456,0.304987186872244,0.01));
#8655=CARTESIAN_POINT('Ctrl Pts',(2.76667519974661,0.299564708055615,0.));
#8656=CARTESIAN_POINT('Ctrl Pts',(2.76667519974661,0.299564708055615,0.01));
#8657=CARTESIAN_POINT('',(2.75541527814661,0.321300763700059,0.));
#8658=CARTESIAN_POINT('Ctrl Pts',(2.75541527814661,0.321300763700059,0.));
#8659=CARTESIAN_POINT('Ctrl Pts',(2.75541527795012,0.31275496514115,0.));
#8660=CARTESIAN_POINT('Ctrl Pts',(2.75943906591456,0.304987186872244,0.));
#8661=CARTESIAN_POINT('Ctrl Pts',(2.76667519974661,0.299564708055615,0.));
#8662=CARTESIAN_POINT('',(2.75541527814661,0.321300763700059,0.01));
#8663=CARTESIAN_POINT('Ctrl Pts',(2.75541527814661,0.321300763700059,0.01));
#8664=CARTESIAN_POINT('Ctrl Pts',(2.75541527795012,0.31275496514115,0.01));
#8665=CARTESIAN_POINT('Ctrl Pts',(2.75943906591456,0.304987186872244,0.01));
#8666=CARTESIAN_POINT('Ctrl Pts',(2.76667519974661,0.299564708055615,0.01));
#8667=CARTESIAN_POINT('',(2.75541527814661,0.321300763700059,0.));
#8668=CARTESIAN_POINT('Ctrl Pts',(2.79691608979101,0.355090880411267,0.));
#8669=CARTESIAN_POINT('Ctrl Pts',(2.79691608979101,0.355090880411267,0.01));
#8670=CARTESIAN_POINT('Ctrl Pts',(2.76976642888943,0.349796616997651,0.));
#8671=CARTESIAN_POINT('Ctrl Pts',(2.76976642888943,0.349796616997651,0.01));
#8672=CARTESIAN_POINT('Ctrl Pts',(2.75541527850094,0.338112267344475,0.));
#8673=CARTESIAN_POINT('Ctrl Pts',(2.75541527850094,0.338112267344475,0.01));
#8674=CARTESIAN_POINT('Ctrl Pts',(2.75541527814661,0.321300763700059,0.));
#8675=CARTESIAN_POINT('Ctrl Pts',(2.75541527814661,0.321300763700059,0.01));
#8676=CARTESIAN_POINT('',(2.79691608979101,0.355090880411267,0.));
#8677=CARTESIAN_POINT('Ctrl Pts',(2.79691608979101,0.355090880411267,0.));
#8678=CARTESIAN_POINT('Ctrl Pts',(2.76976642888943,0.349796616997651,0.));
#8679=CARTESIAN_POINT('Ctrl Pts',(2.75541527850094,0.338112267344475,0.));
#8680=CARTESIAN_POINT('Ctrl Pts',(2.75541527814661,0.321300763700059,0.));
#8681=CARTESIAN_POINT('',(2.79691608979101,0.355090880411267,0.01));
#8682=CARTESIAN_POINT('Ctrl Pts',(2.79691608979101,0.355090880411267,0.01));
#8683=CARTESIAN_POINT('Ctrl Pts',(2.76976642888943,0.349796616997651,0.01));
#8684=CARTESIAN_POINT('Ctrl Pts',(2.75541527850094,0.338112267344475,0.01));
#8685=CARTESIAN_POINT('Ctrl Pts',(2.75541527814661,0.321300763700059,0.01));
#8686=CARTESIAN_POINT('',(2.79691608979101,0.355090880411267,0.));
#8687=CARTESIAN_POINT('Ctrl Pts',(2.82971242303541,0.357942240384467,0.));
#8688=CARTESIAN_POINT('Ctrl Pts',(2.82971242303541,0.357942240384467,0.01));
#8689=CARTESIAN_POINT('Ctrl Pts',(2.8142673717175,0.357920648890003,0.));
#8690=CARTESIAN_POINT('Ctrl Pts',(2.8142673717175,0.357920648890003,0.01));
#8691=CARTESIAN_POINT('Ctrl Pts',(2.80914465455253,0.357475221051179,0.));
#8692=CARTESIAN_POINT('Ctrl Pts',(2.80914465455253,0.357475221051179,0.01));
#8693=CARTESIAN_POINT('Ctrl Pts',(2.79691608979101,0.355090880411267,0.));
#8694=CARTESIAN_POINT('Ctrl Pts',(2.79691608979101,0.355090880411267,0.01));
#8695=CARTESIAN_POINT('',(2.82971242303541,0.357942240384467,0.));
#8696=CARTESIAN_POINT('Ctrl Pts',(2.82971242303541,0.357942240384467,0.));
#8697=CARTESIAN_POINT('Ctrl Pts',(2.8142673717175,0.357920648890003,0.));
#8698=CARTESIAN_POINT('Ctrl Pts',(2.80914465455253,0.357475221051179,0.));
#8699=CARTESIAN_POINT('Ctrl Pts',(2.79691608979101,0.355090880411267,0.));
#8700=CARTESIAN_POINT('',(2.82971242303541,0.357942240384467,0.01));
#8701=CARTESIAN_POINT('Ctrl Pts',(2.82971242303541,0.357942240384467,0.01));
#8702=CARTESIAN_POINT('Ctrl Pts',(2.8142673717175,0.357920648890003,0.01));
#8703=CARTESIAN_POINT('Ctrl Pts',(2.80914465455253,0.357475221051179,0.01));
#8704=CARTESIAN_POINT('Ctrl Pts',(2.79691608979101,0.355090880411267,0.01));
#8705=CARTESIAN_POINT('',(2.82971242303541,0.357942240384467,0.));
#8706=CARTESIAN_POINT('Ctrl Pts',(2.85100778303541,0.356871941506467,0.));
#8707=CARTESIAN_POINT('Ctrl Pts',(2.85100778303541,0.356871941506467,0.01));
#8708=CARTESIAN_POINT('Ctrl Pts',(2.84490754970069,0.357841294236437,0.));
#8709=CARTESIAN_POINT('Ctrl Pts',(2.84490754970069,0.357841294236437,0.01));
#8710=CARTESIAN_POINT('Ctrl Pts',(2.84254287743557,0.357960178576491,0.));
#8711=CARTESIAN_POINT('Ctrl Pts',(2.84254287743557,0.357960178576491,0.01));
#8712=CARTESIAN_POINT('Ctrl Pts',(2.82971242303541,0.357942240384467,0.));
#8713=CARTESIAN_POINT('Ctrl Pts',(2.82971242303541,0.357942240384467,0.01));
#8714=CARTESIAN_POINT('',(2.85100778303541,0.356871941506467,0.));
#8715=CARTESIAN_POINT('Ctrl Pts',(2.85100778303541,0.356871941506467,0.));
#8716=CARTESIAN_POINT('Ctrl Pts',(2.84490754970069,0.357841294236437,0.));
#8717=CARTESIAN_POINT('Ctrl Pts',(2.84254287743557,0.357960178576491,0.));
#8718=CARTESIAN_POINT('Ctrl Pts',(2.82971242303541,0.357942240384467,0.));
#8719=CARTESIAN_POINT('',(2.85100778303541,0.356871941506467,0.01));
#8720=CARTESIAN_POINT('Ctrl Pts',(2.85100778303541,0.356871941506467,0.01));
#8721=CARTESIAN_POINT('Ctrl Pts',(2.84490754970069,0.357841294236437,0.01));
#8722=CARTESIAN_POINT('Ctrl Pts',(2.84254287743557,0.357960178576491,0.01));
#8723=CARTESIAN_POINT('Ctrl Pts',(2.82971242303541,0.357942240384467,0.01));
#8724=CARTESIAN_POINT('',(2.85100778303541,0.356871941506467,0.));
#8725=CARTESIAN_POINT('Ctrl Pts',(2.89538198943541,0.342769089346467,0.));
#8726=CARTESIAN_POINT('Ctrl Pts',(2.89538198943541,0.342769089346467,0.01));
#8727=CARTESIAN_POINT('Ctrl Pts',(2.88526669343542,0.349230160724072,0.));
#8728=CARTESIAN_POINT('Ctrl Pts',(2.88526669343542,0.349230160724072,0.01));
#8729=CARTESIAN_POINT('Ctrl Pts',(2.8714380190354,0.353625138528456,0.));
#8730=CARTESIAN_POINT('Ctrl Pts',(2.8714380190354,0.353625138528456,0.01));
#8731=CARTESIAN_POINT('Ctrl Pts',(2.85100778303541,0.356871941506467,0.));
#8732=CARTESIAN_POINT('Ctrl Pts',(2.85100778303541,0.356871941506467,0.01));
#8733=CARTESIAN_POINT('',(2.89538198943541,0.342769089346467,0.));
#8734=CARTESIAN_POINT('Ctrl Pts',(2.89538198943541,0.342769089346467,0.));
#8735=CARTESIAN_POINT('Ctrl Pts',(2.88526669343542,0.349230160724072,0.));
#8736=CARTESIAN_POINT('Ctrl Pts',(2.8714380190354,0.353625138528456,0.));
#8737=CARTESIAN_POINT('Ctrl Pts',(2.85100778303541,0.356871941506467,0.));
#8738=CARTESIAN_POINT('',(2.89538198943541,0.342769089346467,0.01));
#8739=CARTESIAN_POINT('Ctrl Pts',(2.89538198943541,0.342769089346467,0.01));
#8740=CARTESIAN_POINT('Ctrl Pts',(2.88526669343542,0.349230160724072,0.01));
#8741=CARTESIAN_POINT('Ctrl Pts',(2.8714380190354,0.353625138528456,0.01));
#8742=CARTESIAN_POINT('Ctrl Pts',(2.85100778303541,0.356871941506467,0.01));
#8743=CARTESIAN_POINT('',(2.89538198943541,0.342769089346467,0.));
#8744=CARTESIAN_POINT('Ctrl Pts',(2.89810306321341,0.341176225995267,0.));
#8745=CARTESIAN_POINT('Ctrl Pts',(2.89810306321341,0.341176225995267,0.01));
#8746=CARTESIAN_POINT('Ctrl Pts',(2.89797795297348,0.341176225995271,0.));
#8747=CARTESIAN_POINT('Ctrl Pts',(2.89797795297348,0.341176225995271,0.01));
#8748=CARTESIAN_POINT('Ctrl Pts',(2.89675349935032,0.341893021897265,0.));
#8749=CARTESIAN_POINT('Ctrl Pts',(2.89675349935032,0.341893021897265,0.01));
#8750=CARTESIAN_POINT('Ctrl Pts',(2.89538198943541,0.342769089346467,0.));
#8751=CARTESIAN_POINT('Ctrl Pts',(2.89538198943541,0.342769089346467,0.01));
#8752=CARTESIAN_POINT('',(2.89810306321341,0.341176225995267,0.));
#8753=CARTESIAN_POINT('Ctrl Pts',(2.89810306321341,0.341176225995267,0.));
#8754=CARTESIAN_POINT('Ctrl Pts',(2.89797795297348,0.341176225995271,0.));
#8755=CARTESIAN_POINT('Ctrl Pts',(2.89675349935032,0.341893021897265,0.));
#8756=CARTESIAN_POINT('Ctrl Pts',(2.89538198943541,0.342769089346467,0.));
#8757=CARTESIAN_POINT('',(2.89810306321341,0.341176225995267,0.01));
#8758=CARTESIAN_POINT('Ctrl Pts',(2.89810306321341,0.341176225995267,0.01));
#8759=CARTESIAN_POINT('Ctrl Pts',(2.89797795297348,0.341176225995271,0.01));
#8760=CARTESIAN_POINT('Ctrl Pts',(2.89675349935032,0.341893021897265,0.01));
#8761=CARTESIAN_POINT('Ctrl Pts',(2.89538198943541,0.342769089346467,0.01));
#8762=CARTESIAN_POINT('',(2.89810306321341,0.341176225995267,0.));
#8763=CARTESIAN_POINT('Ctrl Pts',(2.89833049470061,0.347099145879667,0.));
#8764=CARTESIAN_POINT('Ctrl Pts',(2.89833049470061,0.347099145879667,0.01));
#8765=CARTESIAN_POINT('Ctrl Pts',(2.89833049470063,0.343841547337263,0.));
#8766=CARTESIAN_POINT('Ctrl Pts',(2.89833049470063,0.343841547337263,0.01));
#8767=CARTESIAN_POINT('Ctrl Pts',(2.89822817345337,0.34117622599527,0.));
#8768=CARTESIAN_POINT('Ctrl Pts',(2.89822817345337,0.34117622599527,0.01));
#8769=CARTESIAN_POINT('Ctrl Pts',(2.89810306321341,0.341176225995267,0.));
#8770=CARTESIAN_POINT('Ctrl Pts',(2.89810306321341,0.341176225995267,0.01));
#8771=CARTESIAN_POINT('',(2.89833049470061,0.347099145879667,0.));
#8772=CARTESIAN_POINT('Ctrl Pts',(2.89833049470061,0.347099145879667,0.));
#8773=CARTESIAN_POINT('Ctrl Pts',(2.89833049470063,0.343841547337263,0.));
#8774=CARTESIAN_POINT('Ctrl Pts',(2.89822817345337,0.34117622599527,0.));
#8775=CARTESIAN_POINT('Ctrl Pts',(2.89810306321341,0.341176225995267,0.));
#8776=CARTESIAN_POINT('',(2.89833049470061,0.347099145879667,0.01));
#8777=CARTESIAN_POINT('Ctrl Pts',(2.89833049470061,0.347099145879667,0.01));
#8778=CARTESIAN_POINT('Ctrl Pts',(2.89833049470063,0.343841547337263,0.01));
#8779=CARTESIAN_POINT('Ctrl Pts',(2.89822817345337,0.34117622599527,0.01));
#8780=CARTESIAN_POINT('Ctrl Pts',(2.89810306321341,0.341176225995267,0.01));
#8781=CARTESIAN_POINT('',(2.89833049470061,0.347099145879667,0.));
#8782=CARTESIAN_POINT('Origin',(2.89833049470061,0.353022065764067,0.));
#8783=CARTESIAN_POINT('',(2.89833049470061,0.353022065764067,0.));
#8784=CARTESIAN_POINT('',(2.89833049470061,0.353022065764067,0.));
#8785=CARTESIAN_POINT('',(2.89833049470061,0.353022065764067,0.01));
#8786=CARTESIAN_POINT('',(2.89833049470061,0.353022065764067,0.01));
#8787=CARTESIAN_POINT('',(2.89833049470061,0.353022065764067,0.));
#8788=CARTESIAN_POINT('Origin',(2.92459477203381,0.352770484747267,0.));
#8789=CARTESIAN_POINT('',(2.92459477203381,0.352770484747267,0.));
#8790=CARTESIAN_POINT('',(2.92459477203381,0.352770484747267,0.));
#8791=CARTESIAN_POINT('',(2.92459477203381,0.352770484747267,0.01));
#8792=CARTESIAN_POINT('',(2.92459477203381,0.352770484747267,0.01));
#8793=CARTESIAN_POINT('',(2.92459477203381,0.352770484747267,0.));
#8794=CARTESIAN_POINT('Origin',(2.92459477203381,0.306867153191615,0.));
#8795=CARTESIAN_POINT('',(2.92459477203381,0.306867153191615,0.));
#8796=CARTESIAN_POINT('',(2.92459477203381,0.306867153191615,0.));
#8797=CARTESIAN_POINT('',(2.92459477203381,0.306867153191615,0.01));
#8798=CARTESIAN_POINT('',(2.92459477203381,0.306867153191615,0.01));
#8799=CARTESIAN_POINT('',(2.92459477203381,0.306867153191615,0.));
#8800=CARTESIAN_POINT('Origin',(2.89929913781141,0.306615128521395,0.));
#8801=CARTESIAN_POINT('',(2.89929913781141,0.306615128521395,0.));
#8802=CARTESIAN_POINT('',(2.89929913781141,0.306615128521395,0.));
#8803=CARTESIAN_POINT('',(2.89929913781141,0.306615128521395,0.01));
#8804=CARTESIAN_POINT('',(2.89929913781141,0.306615128521395,0.01));
#8805=CARTESIAN_POINT('',(2.89929913781141,0.306615128521395,0.));
#8806=CARTESIAN_POINT('Origin',(2.89905153488621,0.307805908856503,0.));
#8807=CARTESIAN_POINT('',(2.89905153488621,0.307805908856503,0.));
#8808=CARTESIAN_POINT('',(2.89905153488621,0.307805908856503,0.));
#8809=CARTESIAN_POINT('',(2.89905153488621,0.307805908856503,0.01));
#8810=CARTESIAN_POINT('',(2.89905153488621,0.307805908856503,0.01));
#8811=CARTESIAN_POINT('',(2.89905153488621,0.307805908856503,0.));
#8812=CARTESIAN_POINT('Origin',(2.89854528206741,0.310231953167615,0.));
#8813=CARTESIAN_POINT('',(2.89854528206741,0.310231953167615,0.));
#8814=CARTESIAN_POINT('Ctrl Pts',(2.89854528206741,0.310231953167615,0.));
#8815=CARTESIAN_POINT('Ctrl Pts',(2.89868757651669,0.309552572037522,0.));
#8816=CARTESIAN_POINT('Ctrl Pts',(2.89891533332686,0.308460844698493,0.));
#8817=CARTESIAN_POINT('Ctrl Pts',(2.89905153488621,0.307805908856503,0.));
#8818=CARTESIAN_POINT('',(2.89854528206741,0.310231953167615,0.01));
#8819=CARTESIAN_POINT('Ctrl Pts',(2.89854528206741,0.310231953167615,0.01));
#8820=CARTESIAN_POINT('Ctrl Pts',(2.89868757651669,0.309552572037522,0.01));
#8821=CARTESIAN_POINT('Ctrl Pts',(2.89891533332686,0.308460844698493,0.01));
#8822=CARTESIAN_POINT('Ctrl Pts',(2.89905153488621,0.307805908856503,0.01));
#8823=CARTESIAN_POINT('',(2.89854528206741,0.310231953167615,0.));
#8824=CARTESIAN_POINT('Ctrl Pts',(2.89322351244981,0.319011556865395,0.));
#8825=CARTESIAN_POINT('Ctrl Pts',(2.89322351244981,0.319011556865395,0.01));
#8826=CARTESIAN_POINT('Ctrl Pts',(2.8961288501605,0.315931715389391,0.));
#8827=CARTESIAN_POINT('Ctrl Pts',(2.8961288501605,0.315931715389391,0.01));
#8828=CARTESIAN_POINT('Ctrl Pts',(2.89799694129691,0.31284980359501,0.));
#8829=CARTESIAN_POINT('Ctrl Pts',(2.89799694129691,0.31284980359501,0.01));
#8830=CARTESIAN_POINT('Ctrl Pts',(2.89854528206741,0.310231953167615,0.));
#8831=CARTESIAN_POINT('Ctrl Pts',(2.89854528206741,0.310231953167615,0.01));
#8832=CARTESIAN_POINT('',(2.89322351244981,0.319011556865395,0.));
#8833=CARTESIAN_POINT('Ctrl Pts',(2.89322351244981,0.319011556865395,0.));
#8834=CARTESIAN_POINT('Ctrl Pts',(2.8961288501605,0.315931715389391,0.));
#8835=CARTESIAN_POINT('Ctrl Pts',(2.89799694129691,0.31284980359501,0.));
#8836=CARTESIAN_POINT('Ctrl Pts',(2.89854528206741,0.310231953167615,0.));
#8837=CARTESIAN_POINT('',(2.89322351244981,0.319011556865395,0.01));
#8838=CARTESIAN_POINT('Ctrl Pts',(2.89322351244981,0.319011556865395,0.01));
#8839=CARTESIAN_POINT('Ctrl Pts',(2.8961288501605,0.315931715389391,0.01));
#8840=CARTESIAN_POINT('Ctrl Pts',(2.89799694129691,0.31284980359501,0.01));
#8841=CARTESIAN_POINT('Ctrl Pts',(2.89854528206741,0.310231953167615,0.01));
#8842=CARTESIAN_POINT('',(2.89322351244981,0.319011556865395,0.));
#8843=CARTESIAN_POINT('Ctrl Pts',(2.83468197627181,0.336089252509667,0.));
#8844=CARTESIAN_POINT('Ctrl Pts',(2.83468197627181,0.336089252509667,0.01));
#8845=CARTESIAN_POINT('Ctrl Pts',(2.86184095449411,0.336031577576468,0.));
#8846=CARTESIAN_POINT('Ctrl Pts',(2.86184095449411,0.336031577576468,0.01));
#8847=CARTESIAN_POINT('Ctrl Pts',(2.88298724697429,0.329862577976508,0.));
#8848=CARTESIAN_POINT('Ctrl Pts',(2.88298724697429,0.329862577976508,0.01));
#8849=CARTESIAN_POINT('Ctrl Pts',(2.89322351244981,0.319011556865395,0.));
#8850=CARTESIAN_POINT('Ctrl Pts',(2.89322351244981,0.319011556865395,0.01));
#8851=CARTESIAN_POINT('',(2.83468197627181,0.336089252509667,0.));
#8852=CARTESIAN_POINT('Ctrl Pts',(2.83468197627181,0.336089252509667,0.));
#8853=CARTESIAN_POINT('Ctrl Pts',(2.86184095449411,0.336031577576468,0.));
#8854=CARTESIAN_POINT('Ctrl Pts',(2.88298724697429,0.329862577976508,0.));
#8855=CARTESIAN_POINT('Ctrl Pts',(2.89322351244981,0.319011556865395,0.));
#8856=CARTESIAN_POINT('',(2.83468197627181,0.336089252509667,0.01));
#8857=CARTESIAN_POINT('Ctrl Pts',(2.83468197627181,0.336089252509667,0.01));
#8858=CARTESIAN_POINT('Ctrl Pts',(2.86184095449411,0.336031577576468,0.01));
#8859=CARTESIAN_POINT('Ctrl Pts',(2.88298724697429,0.329862577976508,0.01));
#8860=CARTESIAN_POINT('Ctrl Pts',(2.89322351244981,0.319011556865395,0.01));
#8861=CARTESIAN_POINT('',(2.83468197627181,0.336089252509667,0.));
#8862=CARTESIAN_POINT('Ctrl Pts',(2.80397820791661,0.331987085905395,0.));
#8863=CARTESIAN_POINT('Ctrl Pts',(2.80397820791661,0.331987085905395,0.01));
#8864=CARTESIAN_POINT('Ctrl Pts',(2.81156172222736,0.334841758490461,0.));
#8865=CARTESIAN_POINT('Ctrl Pts',(2.81156172222736,0.334841758490461,0.01));
#8866=CARTESIAN_POINT('Ctrl Pts',(2.8211156488765,0.336118119553274,0.));
#8867=CARTESIAN_POINT('Ctrl Pts',(2.8211156488765,0.336118119553274,0.01));
#8868=CARTESIAN_POINT('Ctrl Pts',(2.83468197627181,0.336089252509667,0.));
#8869=CARTESIAN_POINT('Ctrl Pts',(2.83468197627181,0.336089252509667,0.01));
#8870=CARTESIAN_POINT('',(2.80397820791661,0.331987085905395,0.));
#8871=CARTESIAN_POINT('Ctrl Pts',(2.80397820791661,0.331987085905395,0.));
#8872=CARTESIAN_POINT('Ctrl Pts',(2.81156172222736,0.334841758490461,0.));
#8873=CARTESIAN_POINT('Ctrl Pts',(2.8211156488765,0.336118119553274,0.));
#8874=CARTESIAN_POINT('Ctrl Pts',(2.83468197627181,0.336089252509667,0.));
#8875=CARTESIAN_POINT('',(2.80397820791661,0.331987085905395,0.01));
#8876=CARTESIAN_POINT('Ctrl Pts',(2.80397820791661,0.331987085905395,0.01));
#8877=CARTESIAN_POINT('Ctrl Pts',(2.81156172222736,0.334841758490461,0.01));
#8878=CARTESIAN_POINT('Ctrl Pts',(2.8211156488765,0.336118119553274,0.01));
#8879=CARTESIAN_POINT('Ctrl Pts',(2.83468197627181,0.336089252509667,0.01));
#8880=CARTESIAN_POINT('',(2.80397820791661,0.331987085905395,0.));
#8881=CARTESIAN_POINT('Ctrl Pts',(2.79232787138301,0.321064488723171,0.));
#8882=CARTESIAN_POINT('Ctrl Pts',(2.79232787138301,0.321064488723171,0.01));
#8883=CARTESIAN_POINT('Ctrl Pts',(2.79232787148849,0.324901202576223,0.));
#8884=CARTESIAN_POINT('Ctrl Pts',(2.79232787148849,0.324901202576223,0.01));
#8885=CARTESIAN_POINT('Ctrl Pts',(2.7971409185501,0.32941345281684,0.));
#8886=CARTESIAN_POINT('Ctrl Pts',(2.7971409185501,0.32941345281684,0.01));
#8887=CARTESIAN_POINT('Ctrl Pts',(2.80397820791661,0.331987085905395,0.));
#8888=CARTESIAN_POINT('Ctrl Pts',(2.80397820791661,0.331987085905395,0.01));
#8889=CARTESIAN_POINT('',(2.79232787138301,0.321064488723171,0.));
#8890=CARTESIAN_POINT('Ctrl Pts',(2.79232787138301,0.321064488723171,0.));
#8891=CARTESIAN_POINT('Ctrl Pts',(2.79232787148849,0.324901202576223,0.));
#8892=CARTESIAN_POINT('Ctrl Pts',(2.7971409185501,0.32941345281684,0.));
#8893=CARTESIAN_POINT('Ctrl Pts',(2.80397820791661,0.331987085905395,0.));
#8894=CARTESIAN_POINT('',(2.79232787138301,0.321064488723171,0.01));
#8895=CARTESIAN_POINT('Ctrl Pts',(2.79232787138301,0.321064488723171,0.01));
#8896=CARTESIAN_POINT('Ctrl Pts',(2.79232787148849,0.324901202576223,0.01));
#8897=CARTESIAN_POINT('Ctrl Pts',(2.7971409185501,0.32941345281684,0.01));
#8898=CARTESIAN_POINT('Ctrl Pts',(2.80397820791661,0.331987085905395,0.01));
#8899=CARTESIAN_POINT('',(2.79232787138301,0.321064488723171,0.));
#8900=CARTESIAN_POINT('Ctrl Pts',(2.79585284500101,0.314963072314283,0.));
#8901=CARTESIAN_POINT('Ctrl Pts',(2.79585284500101,0.314963072314283,0.01));
#8902=CARTESIAN_POINT('Ctrl Pts',(2.79395164268109,0.316413227210727,0.));
#8903=CARTESIAN_POINT('Ctrl Pts',(2.79395164268109,0.316413227210727,0.01));
#8904=CARTESIAN_POINT('Ctrl Pts',(2.79232787142169,0.319223918927601,0.));
#8905=CARTESIAN_POINT('Ctrl Pts',(2.79232787142169,0.319223918927601,0.01));
#8906=CARTESIAN_POINT('Ctrl Pts',(2.79232787138301,0.321064488723171,0.));
#8907=CARTESIAN_POINT('Ctrl Pts',(2.79232787138301,0.321064488723171,0.01));
#8908=CARTESIAN_POINT('',(2.79585284500101,0.314963072314283,0.));
#8909=CARTESIAN_POINT('Ctrl Pts',(2.79585284500101,0.314963072314283,0.));
#8910=CARTESIAN_POINT('Ctrl Pts',(2.79395164268109,0.316413227210727,0.));
#8911=CARTESIAN_POINT('Ctrl Pts',(2.79232787142169,0.319223918927601,0.));
#8912=CARTESIAN_POINT('Ctrl Pts',(2.79232787138301,0.321064488723171,0.));
#8913=CARTESIAN_POINT('',(2.79585284500101,0.314963072314283,0.01));
#8914=CARTESIAN_POINT('Ctrl Pts',(2.79585284500101,0.314963072314283,0.01));
#8915=CARTESIAN_POINT('Ctrl Pts',(2.79395164268109,0.316413227210727,0.01));
#8916=CARTESIAN_POINT('Ctrl Pts',(2.79232787142169,0.319223918927601,0.01));
#8917=CARTESIAN_POINT('Ctrl Pts',(2.79232787138301,0.321064488723171,0.01));
#8918=CARTESIAN_POINT('',(2.79585284500101,0.314963072314283,0.));
#8919=CARTESIAN_POINT('Ctrl Pts',(2.84075647771181,0.308826755176503,0.));
#8920=CARTESIAN_POINT('Ctrl Pts',(2.84075647771181,0.308826755176503,0.01));
#8921=CARTESIAN_POINT('Ctrl Pts',(2.81311243851185,0.308351158803171,0.));
#8922=CARTESIAN_POINT('Ctrl Pts',(2.81311243851185,0.308351158803171,0.01));
#8923=CARTESIAN_POINT('Ctrl Pts',(2.80264650849411,0.309781349265397,0.));
#8924=CARTESIAN_POINT('Ctrl Pts',(2.80264650849411,0.309781349265397,0.01));
#8925=CARTESIAN_POINT('Ctrl Pts',(2.79585284500101,0.314963072314283,0.));
#8926=CARTESIAN_POINT('Ctrl Pts',(2.79585284500101,0.314963072314283,0.01));
#8927=CARTESIAN_POINT('',(2.84075647771181,0.308826755176503,0.));
#8928=CARTESIAN_POINT('Ctrl Pts',(2.84075647771181,0.308826755176503,0.));
#8929=CARTESIAN_POINT('Ctrl Pts',(2.81311243851185,0.308351158803171,0.));
#8930=CARTESIAN_POINT('Ctrl Pts',(2.80264650849411,0.309781349265397,0.));
#8931=CARTESIAN_POINT('Ctrl Pts',(2.79585284500101,0.314963072314283,0.));
#8932=CARTESIAN_POINT('',(2.84075647771181,0.308826755176503,0.01));
#8933=CARTESIAN_POINT('Ctrl Pts',(2.84075647771181,0.308826755176503,0.01));
#8934=CARTESIAN_POINT('Ctrl Pts',(2.81311243851185,0.308351158803171,0.01));
#8935=CARTESIAN_POINT('Ctrl Pts',(2.80264650849411,0.309781349265397,0.01));
#8936=CARTESIAN_POINT('Ctrl Pts',(2.79585284500101,0.314963072314283,0.01));
#8937=CARTESIAN_POINT('',(2.84075647771181,0.308826755176503,0.));
#8938=CARTESIAN_POINT('Ctrl Pts',(2.87656225940101,0.307295855407615,0.));
#8939=CARTESIAN_POINT('Ctrl Pts',(2.87656225940101,0.307295855407615,0.01));
#8940=CARTESIAN_POINT('Ctrl Pts',(2.86644104802309,0.30878104409473,0.));
#8941=CARTESIAN_POINT('Ctrl Pts',(2.86644104802309,0.30878104409473,0.01));
#8942=CARTESIAN_POINT('Ctrl Pts',(2.85830888242307,0.309128735212071,0.));
#8943=CARTESIAN_POINT('Ctrl Pts',(2.85830888242307,0.309128735212071,0.01));
#8944=CARTESIAN_POINT('Ctrl Pts',(2.84075647771181,0.308826755176503,0.));
#8945=CARTESIAN_POINT('Ctrl Pts',(2.84075647771181,0.308826755176503,0.01));
#8946=CARTESIAN_POINT('',(2.87656225940101,0.307295855407615,0.));
#8947=CARTESIAN_POINT('Ctrl Pts',(2.87656225940101,0.307295855407615,0.));
#8948=CARTESIAN_POINT('Ctrl Pts',(2.86644104802309,0.30878104409473,0.));
#8949=CARTESIAN_POINT('Ctrl Pts',(2.85830888242307,0.309128735212071,0.));
#8950=CARTESIAN_POINT('Ctrl Pts',(2.84075647771181,0.308826755176503,0.));
#8951=CARTESIAN_POINT('',(2.87656225940101,0.307295855407615,0.01));
#8952=CARTESIAN_POINT('Ctrl Pts',(2.87656225940101,0.307295855407615,0.01));
#8953=CARTESIAN_POINT('Ctrl Pts',(2.86644104802309,0.30878104409473,0.01));
#8954=CARTESIAN_POINT('Ctrl Pts',(2.85830888242307,0.309128735212071,0.01));
#8955=CARTESIAN_POINT('Ctrl Pts',(2.84075647771181,0.308826755176503,0.01));
#8956=CARTESIAN_POINT('',(2.87656225940101,0.307295855407615,0.));
#8957=CARTESIAN_POINT('Ctrl Pts',(2.92767112340101,0.268758648029839,0.));
#8958=CARTESIAN_POINT('Ctrl Pts',(2.92767112340101,0.268758648029839,0.01));
#8959=CARTESIAN_POINT('Ctrl Pts',(2.92767112369001,0.287903768969189,0.));
#8960=CARTESIAN_POINT('Ctrl Pts',(2.92767112369001,0.287903768969189,0.01));
#8961=CARTESIAN_POINT('Ctrl Pts',(2.90808974418084,0.302669438917407,0.));
#8962=CARTESIAN_POINT('Ctrl Pts',(2.90808974418084,0.302669438917407,0.01));
#8963=CARTESIAN_POINT('Ctrl Pts',(2.87656225940101,0.307295855407615,0.));
#8964=CARTESIAN_POINT('Ctrl Pts',(2.87656225940101,0.307295855407615,0.01));
#8965=CARTESIAN_POINT('',(2.92767112340101,0.268758648029839,0.));
#8966=CARTESIAN_POINT('Ctrl Pts',(2.92767112340101,0.268758648029839,0.));
#8967=CARTESIAN_POINT('Ctrl Pts',(2.92767112369001,0.287903768969189,0.));
#8968=CARTESIAN_POINT('Ctrl Pts',(2.90808974418084,0.302669438917407,0.));
#8969=CARTESIAN_POINT('Ctrl Pts',(2.87656225940101,0.307295855407615,0.));
#8970=CARTESIAN_POINT('',(2.92767112340101,0.268758648029839,0.01));
#8971=CARTESIAN_POINT('Ctrl Pts',(2.92767112340101,0.268758648029839,0.01));
#8972=CARTESIAN_POINT('Ctrl Pts',(2.92767112369001,0.287903768969189,0.01));
#8973=CARTESIAN_POINT('Ctrl Pts',(2.90808974418084,0.302669438917407,0.01));
#8974=CARTESIAN_POINT('Ctrl Pts',(2.87656225940101,0.307295855407615,0.01));
#8975=CARTESIAN_POINT('',(2.92767112340101,0.268758648029839,0.));
#8976=CARTESIAN_POINT('Ctrl Pts',(2.92088145278741,0.252794522252067,0.));
#8977=CARTESIAN_POINT('Ctrl Pts',(2.92088145278741,0.252794522252067,0.01));
#8978=CARTESIAN_POINT('Ctrl Pts',(2.92578012500983,0.257911324029851,0.));
#8979=CARTESIAN_POINT('Ctrl Pts',(2.92578012500983,0.257911324029851,0.01));
#8980=CARTESIAN_POINT('Ctrl Pts',(2.92767112340104,0.26235776562094,0.));
#8981=CARTESIAN_POINT('Ctrl Pts',(2.92767112340104,0.26235776562094,0.01));
#8982=CARTESIAN_POINT('Ctrl Pts',(2.92767112340101,0.268758648029839,0.));
#8983=CARTESIAN_POINT('Ctrl Pts',(2.92767112340101,0.268758648029839,0.01));
#8984=CARTESIAN_POINT('',(2.92088145278741,0.252794522252067,0.));
#8985=CARTESIAN_POINT('Ctrl Pts',(2.92088145278741,0.252794522252067,0.));
#8986=CARTESIAN_POINT('Ctrl Pts',(2.92578012500983,0.257911324029851,0.));
#8987=CARTESIAN_POINT('Ctrl Pts',(2.92767112340104,0.26235776562094,0.));
#8988=CARTESIAN_POINT('Ctrl Pts',(2.92767112340101,0.268758648029839,0.));
#8989=CARTESIAN_POINT('',(2.92088145278741,0.252794522252067,0.01));
#8990=CARTESIAN_POINT('Ctrl Pts',(2.92088145278741,0.252794522252067,0.01));
#8991=CARTESIAN_POINT('Ctrl Pts',(2.92578012500983,0.257911324029851,0.01));
#8992=CARTESIAN_POINT('Ctrl Pts',(2.92767112340104,0.26235776562094,0.01));
#8993=CARTESIAN_POINT('Ctrl Pts',(2.92767112340101,0.268758648029839,0.01));
#8994=CARTESIAN_POINT('',(2.92088145278741,0.252794522252067,0.));
#8995=CARTESIAN_POINT('Ctrl Pts',(2.88673641340981,0.236830396474467,0.));
#8996=CARTESIAN_POINT('Ctrl Pts',(2.88673641340981,0.236830396474467,0.01));
#8997=CARTESIAN_POINT('Ctrl Pts',(2.90243582603173,0.240337476074459,0.));
#8998=CARTESIAN_POINT('Ctrl Pts',(2.90243582603173,0.240337476074459,0.01));
#8999=CARTESIAN_POINT('Ctrl Pts',(2.91424011027181,0.245856671425259,0.));
#9000=CARTESIAN_POINT('Ctrl Pts',(2.91424011027181,0.245856671425259,0.01));
#9001=CARTESIAN_POINT('Ctrl Pts',(2.92088145278741,0.252794522252067,0.));
#9002=CARTESIAN_POINT('Ctrl Pts',(2.92088145278741,0.252794522252067,0.01));
#9003=CARTESIAN_POINT('',(2.88673641340981,0.236830396474467,0.));
#9004=CARTESIAN_POINT('Ctrl Pts',(2.88673641340981,0.236830396474467,0.));
#9005=CARTESIAN_POINT('Ctrl Pts',(2.90243582603173,0.240337476074459,0.));
#9006=CARTESIAN_POINT('Ctrl Pts',(2.91424011027181,0.245856671425259,0.));
#9007=CARTESIAN_POINT('Ctrl Pts',(2.92088145278741,0.252794522252067,0.));
#9008=CARTESIAN_POINT('',(2.88673641340981,0.236830396474467,0.01));
#9009=CARTESIAN_POINT('Ctrl Pts',(2.88673641340981,0.236830396474467,0.01));
#9010=CARTESIAN_POINT('Ctrl Pts',(2.90243582603173,0.240337476074459,0.01));
#9011=CARTESIAN_POINT('Ctrl Pts',(2.91424011027181,0.245856671425259,0.01));
#9012=CARTESIAN_POINT('Ctrl Pts',(2.92088145278741,0.252794522252067,0.01));
#9013=CARTESIAN_POINT('',(2.88673641340981,0.236830396474467,0.));
#9014=CARTESIAN_POINT('Ctrl Pts',(2.85979630416541,0.233042780083267,0.));
#9015=CARTESIAN_POINT('Ctrl Pts',(2.85979630416541,0.233042780083267,0.01));
#9016=CARTESIAN_POINT('Ctrl Pts',(2.8666004674543,0.233346534732082,0.));
#9017=CARTESIAN_POINT('Ctrl Pts',(2.8666004674543,0.233346534732082,0.01));
#9018=CARTESIAN_POINT('Ctrl Pts',(2.87885505982739,0.235069536394455,0.));
#9019=CARTESIAN_POINT('Ctrl Pts',(2.87885505982739,0.235069536394455,0.01));
#9020=CARTESIAN_POINT('Ctrl Pts',(2.88673641340981,0.236830396474467,0.));
#9021=CARTESIAN_POINT('Ctrl Pts',(2.88673641340981,0.236830396474467,0.01));
#9022=CARTESIAN_POINT('',(2.85979630416541,0.233042780083267,0.));
#9023=CARTESIAN_POINT('Ctrl Pts',(2.85979630416541,0.233042780083267,0.));
#9024=CARTESIAN_POINT('Ctrl Pts',(2.8666004674543,0.233346534732082,0.));
#9025=CARTESIAN_POINT('Ctrl Pts',(2.87885505982739,0.235069536394455,0.));
#9026=CARTESIAN_POINT('Ctrl Pts',(2.88673641340981,0.236830396474467,0.));
#9027=CARTESIAN_POINT('',(2.85979630416541,0.233042780083267,0.01));
#9028=CARTESIAN_POINT('Ctrl Pts',(2.85979630416541,0.233042780083267,0.01));
#9029=CARTESIAN_POINT('Ctrl Pts',(2.8666004674543,0.233346534732082,0.01));
#9030=CARTESIAN_POINT('Ctrl Pts',(2.87885505982739,0.235069536394455,0.01));
#9031=CARTESIAN_POINT('Ctrl Pts',(2.88673641340981,0.236830396474467,0.01));
#9032=CARTESIAN_POINT('',(2.85979630416541,0.233042780083267,0.));
#9033=CARTESIAN_POINT('Origin',(2.85053400564101,0.232633731709667,0.));
#9034=CARTESIAN_POINT('',(2.85053400564101,0.232633731709667,0.));
#9035=CARTESIAN_POINT('Ctrl Pts',(2.85053400564101,0.232633731709667,0.));
#9036=CARTESIAN_POINT('Ctrl Pts',(2.85248608031432,0.232718424977227,0.));
#9037=CARTESIAN_POINT('Ctrl Pts',(2.85665405549276,0.232902496833055,0.));
#9038=CARTESIAN_POINT('Ctrl Pts',(2.85979630416541,0.233042780083267,0.));
#9039=CARTESIAN_POINT('',(2.85053400564101,0.232633731709667,0.01));
#9040=CARTESIAN_POINT('Ctrl Pts',(2.85053400564101,0.232633731709667,0.01));
#9041=CARTESIAN_POINT('Ctrl Pts',(2.85248608031432,0.232718424977227,0.01));
#9042=CARTESIAN_POINT('Ctrl Pts',(2.85665405549276,0.232902496833055,0.01));
#9043=CARTESIAN_POINT('Ctrl Pts',(2.85979630416541,0.233042780083267,0.01));
#9044=CARTESIAN_POINT('',(2.85053400564101,0.232633731709667,0.));
#9045=CARTESIAN_POINT('Ctrl Pts',(2.83965025873127,0.232839974010011,0.));
#9046=CARTESIAN_POINT('Ctrl Pts',(2.83965025873127,0.232839974010011,0.01));
#9047=CARTESIAN_POINT('Ctrl Pts',(2.8436844418694,0.23264185694568,0.));
#9048=CARTESIAN_POINT('Ctrl Pts',(2.8436844418694,0.23264185694568,0.01));
#9049=CARTESIAN_POINT('Ctrl Pts',(2.84858201939293,0.232549042124629,0.));
#9050=CARTESIAN_POINT('Ctrl Pts',(2.84858201939293,0.232549042124629,0.01));
#9051=CARTESIAN_POINT('Ctrl Pts',(2.85053400564101,0.232633731709667,0.));
#9052=CARTESIAN_POINT('Ctrl Pts',(2.85053400564101,0.232633731709667,0.01));
#9053=CARTESIAN_POINT('',(2.83965025873127,0.232839974010011,0.));
#9054=CARTESIAN_POINT('Ctrl Pts',(2.83965025873127,0.232839974010011,0.));
#9055=CARTESIAN_POINT('Ctrl Pts',(2.8436844418694,0.23264185694568,0.));
#9056=CARTESIAN_POINT('Ctrl Pts',(2.84858201939293,0.232549042124629,0.));
#9057=CARTESIAN_POINT('Ctrl Pts',(2.85053400564101,0.232633731709667,0.));
#9058=CARTESIAN_POINT('',(2.83965025873127,0.232839974010011,0.01));
#9059=CARTESIAN_POINT('Ctrl Pts',(2.83965025873127,0.232839974010011,0.01));
#9060=CARTESIAN_POINT('Ctrl Pts',(2.8436844418694,0.23264185694568,0.01));
#9061=CARTESIAN_POINT('Ctrl Pts',(2.84858201939293,0.232549042124629,0.01));
#9062=CARTESIAN_POINT('Ctrl Pts',(2.85053400564101,0.232633731709667,0.01));
#9063=CARTESIAN_POINT('',(2.83965025873127,0.232839974010011,0.));
#9064=CARTESIAN_POINT('Ctrl Pts',(2.78536152322381,0.248217469119667,0.));
#9065=CARTESIAN_POINT('Ctrl Pts',(2.78536152322381,0.248217469119667,0.01));
#9066=CARTESIAN_POINT('Ctrl Pts',(2.79724821735436,0.239947791185233,0.));
#9067=CARTESIAN_POINT('Ctrl Pts',(2.79724821735436,0.239947791185233,0.01));
#9068=CARTESIAN_POINT('Ctrl Pts',(2.81870717689702,0.233868935165216,0.));
#9069=CARTESIAN_POINT('Ctrl Pts',(2.81870717689702,0.233868935165216,0.01));
#9070=CARTESIAN_POINT('Ctrl Pts',(2.83965025873127,0.232839974010011,0.));
#9071=CARTESIAN_POINT('Ctrl Pts',(2.83965025873127,0.232839974010011,0.01));
#9072=CARTESIAN_POINT('',(2.78536152322381,0.248217469119667,0.));
#9073=CARTESIAN_POINT('Ctrl Pts',(2.78536152322381,0.248217469119667,0.));
#9074=CARTESIAN_POINT('Ctrl Pts',(2.79724821735436,0.239947791185233,0.));
#9075=CARTESIAN_POINT('Ctrl Pts',(2.81870717689702,0.233868935165216,0.));
#9076=CARTESIAN_POINT('Ctrl Pts',(2.83965025873127,0.232839974010011,0.));
#9077=CARTESIAN_POINT('',(2.78536152322381,0.248217469119667,0.01));
#9078=CARTESIAN_POINT('Ctrl Pts',(2.78536152322381,0.248217469119667,0.01));
#9079=CARTESIAN_POINT('Ctrl Pts',(2.79724821735436,0.239947791185233,0.01));
#9080=CARTESIAN_POINT('Ctrl Pts',(2.81870717689702,0.233868935165216,0.01));
#9081=CARTESIAN_POINT('Ctrl Pts',(2.83965025873127,0.232839974010011,0.01));
#9082=CARTESIAN_POINT('',(2.78536152322381,0.248217469119667,0.));
#9083=CARTESIAN_POINT('Origin',(2.78241773547301,0.250265816559667,0.));
#9084=CARTESIAN_POINT('',(2.78241773547301,0.250265816559667,0.));
#9085=CARTESIAN_POINT('',(2.78241773547301,0.250265816559667,0.));
#9086=CARTESIAN_POINT('',(2.78241773547301,0.250265816559667,0.01));
#9087=CARTESIAN_POINT('',(2.78241773547301,0.250265816559667,0.01));
#9088=CARTESIAN_POINT('',(2.78241773547301,0.250265816559667,0.));
#9089=CARTESIAN_POINT('Origin',(2.78228552677941,0.244257715235267,0.));
#9090=CARTESIAN_POINT('',(2.78228552677941,0.244257715235267,0.));
#9091=CARTESIAN_POINT('',(2.78228552677941,0.244257715235267,0.));
#9092=CARTESIAN_POINT('',(2.78228552677941,0.244257715235267,0.01));
#9093=CARTESIAN_POINT('',(2.78228552677941,0.244257715235267,0.01));
#9094=CARTESIAN_POINT('',(2.78228552677941,0.244257715235267,0.));
#9095=CARTESIAN_POINT('Origin',(2.78215324414381,0.238249613910867,0.));
#9096=CARTESIAN_POINT('',(2.78215324414381,0.238249613910867,0.));
#9097=CARTESIAN_POINT('',(2.78215324414381,0.238249613910867,0.));
#9098=CARTESIAN_POINT('',(2.78215324414381,0.238249613910867,0.01));
#9099=CARTESIAN_POINT('',(2.78215324414381,0.238249613910867,0.01));
#9100=CARTESIAN_POINT('',(2.78215324414381,0.238249613910867,0.));
#9101=CARTESIAN_POINT('Origin',(2.75352281569941,0.237999127238867,0.));
#9102=CARTESIAN_POINT('',(2.75352281569941,0.237999127238867,0.));
#9103=CARTESIAN_POINT('',(2.75352281569941,0.237999127238867,0.));
#9104=CARTESIAN_POINT('',(2.75352281569941,0.237999127238867,0.01));
#9105=CARTESIAN_POINT('',(2.75352281569941,0.237999127238867,0.01));
#9106=CARTESIAN_POINT('',(2.75352281569941,0.237999127238867,0.));
#9107=CARTESIAN_POINT('Origin',(2.75352281569941,0.286281919505395,0.));
#9108=CARTESIAN_POINT('',(2.75352281569941,0.286281919505395,0.));
#9109=CARTESIAN_POINT('',(2.75352281569941,0.286281919505395,0.01));
#9110=CARTESIAN_POINT('Origin',(2.84016156751264,0.295194493230909,0.01));
#9111=CARTESIAN_POINT('Origin',(2.84016156751264,0.295194493230909,0.));
#9112=CARTESIAN_POINT('Ctrl Pts',(2.14192665735741,0.264010344710727,0.));
#9113=CARTESIAN_POINT('Ctrl Pts',(2.14192665735741,0.264010344710727,0.01));
#9114=CARTESIAN_POINT('Ctrl Pts',(2.1469709957574,0.254381736417391,0.));
#9115=CARTESIAN_POINT('Ctrl Pts',(2.1469709957574,0.254381736417391,0.01));
#9116=CARTESIAN_POINT('Ctrl Pts',(2.1571365724687,0.247052731235258,0.));
#9117=CARTESIAN_POINT('Ctrl Pts',(2.1571365724687,0.247052731235258,0.01));
#9118=CARTESIAN_POINT('Ctrl Pts',(2.17263338340181,0.241870564532867,0.));
#9119=CARTESIAN_POINT('Ctrl Pts',(2.17263338340181,0.241870564532867,0.01));
#9120=CARTESIAN_POINT('',(2.17263338340181,0.241870564532867,0.));
#9121=CARTESIAN_POINT('',(2.14192665735741,0.264010344710727,0.));
#9122=CARTESIAN_POINT('Ctrl Pts',(2.17263338340181,0.241870564532867,0.));
#9123=CARTESIAN_POINT('Ctrl Pts',(2.1571365724687,0.247052731235258,0.));
#9124=CARTESIAN_POINT('Ctrl Pts',(2.1469709957574,0.254381736417391,0.));
#9125=CARTESIAN_POINT('Ctrl Pts',(2.14192665735741,0.264010344710727,0.));
#9126=CARTESIAN_POINT('',(2.17263338340181,0.241870564532867,0.01));
#9127=CARTESIAN_POINT('',(2.17263338340181,0.241870564532867,0.));
#9128=CARTESIAN_POINT('',(2.14192665735741,0.264010344710727,0.01));
#9129=CARTESIAN_POINT('Ctrl Pts',(2.14192665735741,0.264010344710727,0.01));
#9130=CARTESIAN_POINT('Ctrl Pts',(2.1469709957574,0.254381736417391,0.01));
#9131=CARTESIAN_POINT('Ctrl Pts',(2.1571365724687,0.247052731235258,0.01));
#9132=CARTESIAN_POINT('Ctrl Pts',(2.17263338340181,0.241870564532867,0.01));
#9133=CARTESIAN_POINT('',(2.14192665735741,0.264010344710727,0.));
#9134=CARTESIAN_POINT('Ctrl Pts',(2.13844738003301,0.299888589777395,0.));
#9135=CARTESIAN_POINT('Ctrl Pts',(2.13844738003301,0.299888589777395,0.01));
#9136=CARTESIAN_POINT('Ctrl Pts',(2.13864717191743,0.26981673165296,0.));
#9137=CARTESIAN_POINT('Ctrl Pts',(2.13864717191743,0.26981673165296,0.01));
#9138=CARTESIAN_POINT('Ctrl Pts',(2.13859319409499,0.27037366447074,0.));
#9139=CARTESIAN_POINT('Ctrl Pts',(2.13859319409499,0.27037366447074,0.01));
#9140=CARTESIAN_POINT('Ctrl Pts',(2.14192665735741,0.264010344710727,0.));
#9141=CARTESIAN_POINT('Ctrl Pts',(2.14192665735741,0.264010344710727,0.01));
#9142=CARTESIAN_POINT('',(2.13844738003301,0.299888589777395,0.));
#9143=CARTESIAN_POINT('Ctrl Pts',(2.14192665735741,0.264010344710727,0.));
#9144=CARTESIAN_POINT('Ctrl Pts',(2.13859319409499,0.27037366447074,0.));
#9145=CARTESIAN_POINT('Ctrl Pts',(2.13864717191743,0.26981673165296,0.));
#9146=CARTESIAN_POINT('Ctrl Pts',(2.13844738003301,0.299888589777395,0.));
#9147=CARTESIAN_POINT('',(2.13844738003301,0.299888589777395,0.01));
#9148=CARTESIAN_POINT('Ctrl Pts',(2.13844738003301,0.299888589777395,0.01));
#9149=CARTESIAN_POINT('Ctrl Pts',(2.13864717191743,0.26981673165296,0.01));
#9150=CARTESIAN_POINT('Ctrl Pts',(2.13859319409499,0.27037366447074,0.01));
#9151=CARTESIAN_POINT('Ctrl Pts',(2.14192665735741,0.264010344710727,0.01));
#9152=CARTESIAN_POINT('',(2.13844738003301,0.299888589777395,0.));
#9153=CARTESIAN_POINT('Origin',(2.13826736029861,0.326981019999615,0.));
#9154=CARTESIAN_POINT('',(2.13826736029861,0.326981019999615,0.));
#9155=CARTESIAN_POINT('',(2.13844738003301,0.299888589777395,0.));
#9156=CARTESIAN_POINT('',(2.13826736029861,0.326981019999615,0.01));
#9157=CARTESIAN_POINT('',(2.13844738003301,0.299888589777395,0.01));
#9158=CARTESIAN_POINT('',(2.13826736029861,0.326981019999615,0.));
#9159=CARTESIAN_POINT('Origin',(2.10803682216541,0.326981019999615,0.));
#9160=CARTESIAN_POINT('',(2.10803682216541,0.326981019999615,0.));
#9161=CARTESIAN_POINT('',(2.13826736029861,0.326981019999615,0.));
#9162=CARTESIAN_POINT('',(2.10803682216541,0.326981019999615,0.01));
#9163=CARTESIAN_POINT('',(2.13826736029861,0.326981019999615,0.01));
#9164=CARTESIAN_POINT('',(2.10803682216541,0.326981019999615,0.));
#9165=CARTESIAN_POINT('Origin',(2.10803682216541,0.353008682221667,0.));
#9166=CARTESIAN_POINT('',(2.10803682216541,0.353008682221667,0.));
#9167=CARTESIAN_POINT('',(2.10803682216541,0.326981019999615,0.));
#9168=CARTESIAN_POINT('',(2.10803682216541,0.353008682221667,0.01));
#9169=CARTESIAN_POINT('',(2.10803682216541,0.326981019999615,0.01));
#9170=CARTESIAN_POINT('',(2.10803682216541,0.353008682221667,0.));
#9171=CARTESIAN_POINT('Origin',(2.19984348527661,0.353008682221667,0.));
#9172=CARTESIAN_POINT('',(2.19984348527661,0.353008682221667,0.));
#9173=CARTESIAN_POINT('',(2.10803682216541,0.353008682221667,0.));
#9174=CARTESIAN_POINT('',(2.19984348527661,0.353008682221667,0.01));
#9175=CARTESIAN_POINT('',(2.10803682216541,0.353008682221667,0.01));
#9176=CARTESIAN_POINT('',(2.19984348527661,0.353008682221667,0.));
#9177=CARTESIAN_POINT('Origin',(2.19984348527661,0.326994329599615,0.));
#9178=CARTESIAN_POINT('',(2.19984348527661,0.326994329599615,0.));
#9179=CARTESIAN_POINT('',(2.19984348527661,0.353008682221667,0.));
#9180=CARTESIAN_POINT('',(2.19984348527661,0.326994329599615,0.01));
#9181=CARTESIAN_POINT('',(2.19984348527661,0.353008682221667,0.01));
#9182=CARTESIAN_POINT('',(2.19984348527661,0.326994329599615,0.));
#9183=CARTESIAN_POINT('Origin',(2.16884690572101,0.326744774599615,0.));
#9184=CARTESIAN_POINT('',(2.16884690572101,0.326744774599615,0.));
#9185=CARTESIAN_POINT('',(2.19984348527661,0.326994329599615,0.));
#9186=CARTESIAN_POINT('',(2.16884690572101,0.326744774599615,0.01));
#9187=CARTESIAN_POINT('',(2.19984348527661,0.326994329599615,0.01));
#9188=CARTESIAN_POINT('',(2.16884690572101,0.326744774599615,0.));
#9189=CARTESIAN_POINT('Origin',(2.16884690572101,0.279421752377395,0.));
#9190=CARTESIAN_POINT('',(2.16884690572101,0.279421752377395,0.));
#9191=CARTESIAN_POINT('',(2.16884690572101,0.326744774599615,0.));
#9192=CARTESIAN_POINT('',(2.16884690572101,0.279421752377395,0.01));
#9193=CARTESIAN_POINT('',(2.16884690572101,0.326744774599615,0.01));
#9194=CARTESIAN_POINT('',(2.16884690572101,0.279421752377395,0.));
#9195=CARTESIAN_POINT('Origin',(2.17000353953781,0.277055601266283,0.));
#9196=CARTESIAN_POINT('',(2.17000353953781,0.277055601266283,0.));
#9197=CARTESIAN_POINT('',(2.16884690572101,0.279421752377395,0.));
#9198=CARTESIAN_POINT('',(2.17000353953781,0.277055601266283,0.01));
#9199=CARTESIAN_POINT('',(2.16884690572101,0.279421752377395,0.01));
#9200=CARTESIAN_POINT('',(2.17000353953781,0.277055601266283,0.));
#9201=CARTESIAN_POINT('Ctrl Pts',(2.18719066967101,0.265249098759615,0.));
#9202=CARTESIAN_POINT('Ctrl Pts',(2.18719066967101,0.265249098759615,0.01));
#9203=CARTESIAN_POINT('Ctrl Pts',(2.1785567321509,0.267707086110729,0.));
#9204=CARTESIAN_POINT('Ctrl Pts',(2.1785567321509,0.267707086110729,0.01));
#9205=CARTESIAN_POINT('Ctrl Pts',(2.17255957427549,0.271826555195164,0.));
#9206=CARTESIAN_POINT('Ctrl Pts',(2.17255957427549,0.271826555195164,0.01));
#9207=CARTESIAN_POINT('Ctrl Pts',(2.17000353953781,0.277055601266283,0.));
#9208=CARTESIAN_POINT('Ctrl Pts',(2.17000353953781,0.277055601266283,0.01));
#9209=CARTESIAN_POINT('',(2.18719066967101,0.265249098759615,0.));
#9210=CARTESIAN_POINT('Ctrl Pts',(2.17000353953781,0.277055601266283,0.));
#9211=CARTESIAN_POINT('Ctrl Pts',(2.17255957427549,0.271826555195164,0.));
#9212=CARTESIAN_POINT('Ctrl Pts',(2.1785567321509,0.267707086110729,0.));
#9213=CARTESIAN_POINT('Ctrl Pts',(2.18719066967101,0.265249098759615,0.));
#9214=CARTESIAN_POINT('',(2.18719066967101,0.265249098759615,0.01));
#9215=CARTESIAN_POINT('Ctrl Pts',(2.18719066967101,0.265249098759615,0.01));
#9216=CARTESIAN_POINT('Ctrl Pts',(2.1785567321509,0.267707086110729,0.01));
#9217=CARTESIAN_POINT('Ctrl Pts',(2.17255957427549,0.271826555195164,0.01));
#9218=CARTESIAN_POINT('Ctrl Pts',(2.17000353953781,0.277055601266283,0.01));
#9219=CARTESIAN_POINT('',(2.18719066967101,0.265249098759615,0.));
#9220=CARTESIAN_POINT('Ctrl Pts',(2.25084309224901,0.268537605150727,0.));
#9221=CARTESIAN_POINT('Ctrl Pts',(2.25084309224901,0.268537605150727,0.01));
#9222=CARTESIAN_POINT('Ctrl Pts',(2.23500171055974,0.261033800555165,0.));
#9223=CARTESIAN_POINT('Ctrl Pts',(2.23500171055974,0.261033800555165,0.01));
#9224=CARTESIAN_POINT('Ctrl Pts',(2.20706929669341,0.259590596261843,0.));
#9225=CARTESIAN_POINT('Ctrl Pts',(2.20706929669341,0.259590596261843,0.01));
#9226=CARTESIAN_POINT('Ctrl Pts',(2.18719066967101,0.265249098759615,0.));
#9227=CARTESIAN_POINT('Ctrl Pts',(2.18719066967101,0.265249098759615,0.01));
#9228=CARTESIAN_POINT('',(2.25084309224901,0.268537605150727,0.));
#9229=CARTESIAN_POINT('Ctrl Pts',(2.18719066967101,0.265249098759615,0.));
#9230=CARTESIAN_POINT('Ctrl Pts',(2.20706929669341,0.259590596261843,0.));
#9231=CARTESIAN_POINT('Ctrl Pts',(2.23500171055974,0.261033800555165,0.));
#9232=CARTESIAN_POINT('Ctrl Pts',(2.25084309224901,0.268537605150727,0.));
#9233=CARTESIAN_POINT('',(2.25084309224901,0.268537605150727,0.01));
#9234=CARTESIAN_POINT('Ctrl Pts',(2.25084309224901,0.268537605150727,0.01));
#9235=CARTESIAN_POINT('Ctrl Pts',(2.23500171055974,0.261033800555165,0.01));
#9236=CARTESIAN_POINT('Ctrl Pts',(2.20706929669341,0.259590596261843,0.01));
#9237=CARTESIAN_POINT('Ctrl Pts',(2.18719066967101,0.265249098759615,0.01));
#9238=CARTESIAN_POINT('',(2.25084309224901,0.268537605150727,0.));
#9239=CARTESIAN_POINT('Ctrl Pts',(2.25826896174221,0.273636808679615,0.));
#9240=CARTESIAN_POINT('Ctrl Pts',(2.25826896174221,0.273636808679615,0.01));
#9241=CARTESIAN_POINT('Ctrl Pts',(2.25596048562341,0.271328332393999,0.));
#9242=CARTESIAN_POINT('Ctrl Pts',(2.25596048562341,0.271328332393999,0.01));
#9243=CARTESIAN_POINT('Ctrl Pts',(2.25423881489605,0.270146144181403,0.));
#9244=CARTESIAN_POINT('Ctrl Pts',(2.25423881489605,0.270146144181403,0.01));
#9245=CARTESIAN_POINT('Ctrl Pts',(2.25084309224901,0.268537605150727,0.));
#9246=CARTESIAN_POINT('Ctrl Pts',(2.25084309224901,0.268537605150727,0.01));
#9247=CARTESIAN_POINT('',(2.25826896174221,0.273636808679615,0.));
#9248=CARTESIAN_POINT('Ctrl Pts',(2.25084309224901,0.268537605150727,0.));
#9249=CARTESIAN_POINT('Ctrl Pts',(2.25423881489605,0.270146144181403,0.));
#9250=CARTESIAN_POINT('Ctrl Pts',(2.25596048562341,0.271328332393999,0.));
#9251=CARTESIAN_POINT('Ctrl Pts',(2.25826896174221,0.273636808679615,0.));
#9252=CARTESIAN_POINT('',(2.25826896174221,0.273636808679615,0.01));
#9253=CARTESIAN_POINT('Ctrl Pts',(2.25826896174221,0.273636808679615,0.01));
#9254=CARTESIAN_POINT('Ctrl Pts',(2.25596048562341,0.271328332393999,0.01));
#9255=CARTESIAN_POINT('Ctrl Pts',(2.25423881489605,0.270146144181403,0.01));
#9256=CARTESIAN_POINT('Ctrl Pts',(2.25084309224901,0.268537605150727,0.01));
#9257=CARTESIAN_POINT('',(2.25826896174221,0.273636808679615,0.));
#9258=CARTESIAN_POINT('Ctrl Pts',(2.26278298652461,0.304352407790727,0.));
#9259=CARTESIAN_POINT('Ctrl Pts',(2.26278298652461,0.304352407790727,0.01));
#9260=CARTESIAN_POINT('Ctrl Pts',(2.26278298658162,0.277465980532363,0.));
#9261=CARTESIAN_POINT('Ctrl Pts',(2.26278298658162,0.277465980532363,0.01));
#9262=CARTESIAN_POINT('Ctrl Pts',(2.26290099838014,0.278268845179479,0.));
#9263=CARTESIAN_POINT('Ctrl Pts',(2.26290099838014,0.278268845179479,0.01));
#9264=CARTESIAN_POINT('Ctrl Pts',(2.25826896174221,0.273636808679615,0.));
#9265=CARTESIAN_POINT('Ctrl Pts',(2.25826896174221,0.273636808679615,0.01));
#9266=CARTESIAN_POINT('',(2.26278298652461,0.304352407790727,0.));
#9267=CARTESIAN_POINT('Ctrl Pts',(2.25826896174221,0.273636808679615,0.));
#9268=CARTESIAN_POINT('Ctrl Pts',(2.26290099838014,0.278268845179479,0.));
#9269=CARTESIAN_POINT('Ctrl Pts',(2.26278298658162,0.277465980532363,0.));
#9270=CARTESIAN_POINT('Ctrl Pts',(2.26278298652461,0.304352407790727,0.));
#9271=CARTESIAN_POINT('',(2.26278298652461,0.304352407790727,0.01));
#9272=CARTESIAN_POINT('Ctrl Pts',(2.26278298652461,0.304352407790727,0.01));
#9273=CARTESIAN_POINT('Ctrl Pts',(2.26278298658162,0.277465980532363,0.01));
#9274=CARTESIAN_POINT('Ctrl Pts',(2.26290099838014,0.278268845179479,0.01));
#9275=CARTESIAN_POINT('Ctrl Pts',(2.25826896174221,0.273636808679615,0.01));
#9276=CARTESIAN_POINT('',(2.26278298652461,0.304352407790727,0.));
#9277=CARTESIAN_POINT('Origin',(2.26278298652461,0.326981685479615,0.));
#9278=CARTESIAN_POINT('',(2.26278298652461,0.326981685479615,0.));
#9279=CARTESIAN_POINT('',(2.26278298652461,0.304352407790727,0.));
#9280=CARTESIAN_POINT('',(2.26278298652461,0.326981685479615,0.01));
#9281=CARTESIAN_POINT('',(2.26278298652461,0.304352407790727,0.01));
#9282=CARTESIAN_POINT('',(2.26278298652461,0.326981685479615,0.));
#9283=CARTESIAN_POINT('Origin',(2.23344271274661,0.326981685479615,0.));
#9284=CARTESIAN_POINT('',(2.23344271274661,0.326981685479615,0.));
#9285=CARTESIAN_POINT('',(2.26278298652461,0.326981685479615,0.));
#9286=CARTESIAN_POINT('',(2.23344271274661,0.326981685479615,0.01));
#9287=CARTESIAN_POINT('',(2.26278298652461,0.326981685479615,0.01));
#9288=CARTESIAN_POINT('',(2.23344271274661,0.326981685479615,0.));
#9289=CARTESIAN_POINT('Origin',(2.23344271274661,0.353009347701667,0.));
#9290=CARTESIAN_POINT('',(2.23344271274661,0.353009347701667,0.));
#9291=CARTESIAN_POINT('',(2.23344271274661,0.326981685479615,0.));
#9292=CARTESIAN_POINT('',(2.23344271274661,0.353009347701667,0.01));
#9293=CARTESIAN_POINT('',(2.23344271274661,0.326981685479615,0.01));
#9294=CARTESIAN_POINT('',(2.23344271274661,0.353009347701667,0.));
#9295=CARTESIAN_POINT('Origin',(2.32240999452441,0.353009347701667,0.));
#9296=CARTESIAN_POINT('',(2.32240999452441,0.353009347701667,0.));
#9297=CARTESIAN_POINT('',(2.23344271274661,0.353009347701667,0.));
#9298=CARTESIAN_POINT('',(2.32240999452441,0.353009347701667,0.01));
#9299=CARTESIAN_POINT('',(2.23344271274661,0.353009347701667,0.01));
#9300=CARTESIAN_POINT('',(2.32240999452441,0.353009347701667,0.));
#9301=CARTESIAN_POINT('Origin',(2.32240999452441,0.326981685479615,0.));
#9302=CARTESIAN_POINT('',(2.32240999452441,0.326981685479615,0.));
#9303=CARTESIAN_POINT('',(2.32240999452441,0.353009347701667,0.));
#9304=CARTESIAN_POINT('',(2.32240999452441,0.326981685479615,0.01));
#9305=CARTESIAN_POINT('',(2.32240999452441,0.353009347701667,0.01));
#9306=CARTESIAN_POINT('',(2.32240999452441,0.326981685479615,0.));
#9307=CARTESIAN_POINT('Origin',(2.29264677123552,0.326981685479615,0.));
#9308=CARTESIAN_POINT('',(2.29264677123552,0.326981685479615,0.));
#9309=CARTESIAN_POINT('',(2.32240999452441,0.326981685479615,0.));
#9310=CARTESIAN_POINT('',(2.29264677123552,0.326981685479615,0.01));
#9311=CARTESIAN_POINT('',(2.32240999452441,0.326981685479615,0.01));
#9312=CARTESIAN_POINT('',(2.29264677123552,0.326981685479615,0.));
#9313=CARTESIAN_POINT('Origin',(2.29235898810664,0.273270055257395,0.));
#9314=CARTESIAN_POINT('',(2.29235898810664,0.273270055257395,0.));
#9315=CARTESIAN_POINT('',(2.29264677123552,0.326981685479615,0.));
#9316=CARTESIAN_POINT('',(2.29235898810664,0.273270055257395,0.01));
#9317=CARTESIAN_POINT('',(2.29264677123552,0.326981685479615,0.01));
#9318=CARTESIAN_POINT('',(2.29235898810664,0.273270055257395,0.));
#9319=CARTESIAN_POINT('Origin',(2.29097937412441,0.269317547710727,0.));
#9320=CARTESIAN_POINT('',(2.29097937412441,0.269317547710727,0.));
#9321=CARTESIAN_POINT('',(2.29235898810664,0.273270055257395,0.));
#9322=CARTESIAN_POINT('',(2.29097937412441,0.269317547710727,0.01));
#9323=CARTESIAN_POINT('',(2.29235898810664,0.273270055257395,0.01));
#9324=CARTESIAN_POINT('',(2.29097937412441,0.269317547710727,0.));
#9325=CARTESIAN_POINT('Ctrl Pts',(2.26826136576901,0.246540385577267,0.));
#9326=CARTESIAN_POINT('Ctrl Pts',(2.26826136576901,0.246540385577267,0.01));
#9327=CARTESIAN_POINT('Ctrl Pts',(2.28023246366222,0.252301963532869,0.));
#9328=CARTESIAN_POINT('Ctrl Pts',(2.28023246366222,0.252301963532869,0.01));
#9329=CARTESIAN_POINT('Ctrl Pts',(2.28762860838223,0.259717776884071,0.));
#9330=CARTESIAN_POINT('Ctrl Pts',(2.28762860838223,0.259717776884071,0.01));
#9331=CARTESIAN_POINT('Ctrl Pts',(2.29097937412441,0.269317547710727,0.));
#9332=CARTESIAN_POINT('Ctrl Pts',(2.29097937412441,0.269317547710727,0.01));
#9333=CARTESIAN_POINT('',(2.26826136576901,0.246540385577267,0.));
#9334=CARTESIAN_POINT('Ctrl Pts',(2.29097937412441,0.269317547710727,0.));
#9335=CARTESIAN_POINT('Ctrl Pts',(2.28762860838223,0.259717776884071,0.));
#9336=CARTESIAN_POINT('Ctrl Pts',(2.28023246366222,0.252301963532869,0.));
#9337=CARTESIAN_POINT('Ctrl Pts',(2.26826136576901,0.246540385577267,0.));
#9338=CARTESIAN_POINT('',(2.26826136576901,0.246540385577267,0.01));
#9339=CARTESIAN_POINT('Ctrl Pts',(2.26826136576901,0.246540385577267,0.01));
#9340=CARTESIAN_POINT('Ctrl Pts',(2.28023246366222,0.252301963532869,0.01));
#9341=CARTESIAN_POINT('Ctrl Pts',(2.28762860838223,0.259717776884071,0.01));
#9342=CARTESIAN_POINT('Ctrl Pts',(2.29097937412441,0.269317547710727,0.01));
#9343=CARTESIAN_POINT('',(2.26826136576901,0.246540385577267,0.));
#9344=CARTESIAN_POINT('Ctrl Pts',(2.23959544505781,0.237602693408467,0.));
#9345=CARTESIAN_POINT('Ctrl Pts',(2.23959544505781,0.237602693408467,0.01));
#9346=CARTESIAN_POINT('Ctrl Pts',(2.25096332219707,0.239478459959437,0.));
#9347=CARTESIAN_POINT('Ctrl Pts',(2.25096332219707,0.239478459959437,0.01));
#9348=CARTESIAN_POINT('Ctrl Pts',(2.25841788130729,0.241802907546343,0.));
#9349=CARTESIAN_POINT('Ctrl Pts',(2.25841788130729,0.241802907546343,0.01));
#9350=CARTESIAN_POINT('Ctrl Pts',(2.26826136576901,0.246540385577267,0.));
#9351=CARTESIAN_POINT('Ctrl Pts',(2.26826136576901,0.246540385577267,0.01));
#9352=CARTESIAN_POINT('',(2.23959544505781,0.237602693408467,0.));
#9353=CARTESIAN_POINT('Ctrl Pts',(2.26826136576901,0.246540385577267,0.));
#9354=CARTESIAN_POINT('Ctrl Pts',(2.25841788130729,0.241802907546343,0.));
#9355=CARTESIAN_POINT('Ctrl Pts',(2.25096332219707,0.239478459959437,0.));
#9356=CARTESIAN_POINT('Ctrl Pts',(2.23959544505781,0.237602693408467,0.));
#9357=CARTESIAN_POINT('',(2.23959544505781,0.237602693408467,0.01));
#9358=CARTESIAN_POINT('Ctrl Pts',(2.23959544505781,0.237602693408467,0.01));
#9359=CARTESIAN_POINT('Ctrl Pts',(2.25096332219707,0.239478459959437,0.01));
#9360=CARTESIAN_POINT('Ctrl Pts',(2.25841788130729,0.241802907546343,0.01));
#9361=CARTESIAN_POINT('Ctrl Pts',(2.26826136576901,0.246540385577267,0.01));
#9362=CARTESIAN_POINT('',(2.23959544505781,0.237602693408467,0.));
#9363=CARTESIAN_POINT('Ctrl Pts',(2.20268351581724,0.236171465296534,0.));
#9364=CARTESIAN_POINT('Ctrl Pts',(2.20268351581724,0.236171465296534,0.01));
#9365=CARTESIAN_POINT('Ctrl Pts',(2.21420370848897,0.23516319248678,0.));
#9366=CARTESIAN_POINT('Ctrl Pts',(2.21420370848897,0.23516319248678,0.01));
#9367=CARTESIAN_POINT('Ctrl Pts',(2.22806993236386,0.235700753114459,0.));
#9368=CARTESIAN_POINT('Ctrl Pts',(2.22806993236386,0.235700753114459,0.01));
#9369=CARTESIAN_POINT('Ctrl Pts',(2.23959544505781,0.237602693408467,0.));
#9370=CARTESIAN_POINT('Ctrl Pts',(2.23959544505781,0.237602693408467,0.01));
#9371=CARTESIAN_POINT('',(2.20268351581724,0.236171465296534,0.));
#9372=CARTESIAN_POINT('Ctrl Pts',(2.23959544505781,0.237602693408467,0.));
#9373=CARTESIAN_POINT('Ctrl Pts',(2.22806993236386,0.235700753114459,0.));
#9374=CARTESIAN_POINT('Ctrl Pts',(2.21420370848897,0.23516319248678,0.));
#9375=CARTESIAN_POINT('Ctrl Pts',(2.20268351581724,0.236171465296534,0.));
#9376=CARTESIAN_POINT('',(2.20268351581724,0.236171465296534,0.01));
#9377=CARTESIAN_POINT('Ctrl Pts',(2.20268351581724,0.236171465296534,0.01));
#9378=CARTESIAN_POINT('Ctrl Pts',(2.21420370848897,0.23516319248678,0.01));
#9379=CARTESIAN_POINT('Ctrl Pts',(2.22806993236386,0.235700753114459,0.01));
#9380=CARTESIAN_POINT('Ctrl Pts',(2.23959544505781,0.237602693408467,0.01));
#9381=CARTESIAN_POINT('',(2.20268351581724,0.236171465296534,0.));
#9382=CARTESIAN_POINT('Ctrl Pts',(2.17263338340181,0.241870564532867,0.));
#9383=CARTESIAN_POINT('Ctrl Pts',(2.17263338340181,0.241870564532867,0.01));
#9384=CARTESIAN_POINT('Ctrl Pts',(2.18065170190024,0.239189264608267,0.));
#9385=CARTESIAN_POINT('Ctrl Pts',(2.18065170190024,0.239189264608267,0.01));
#9386=CARTESIAN_POINT('Ctrl Pts',(2.19132142030744,0.23716582679597,0.));
#9387=CARTESIAN_POINT('Ctrl Pts',(2.19132142030744,0.23716582679597,0.01));
#9388=CARTESIAN_POINT('Ctrl Pts',(2.20268351581724,0.236171465296534,0.));
#9389=CARTESIAN_POINT('Ctrl Pts',(2.20268351581724,0.236171465296534,0.01));
#9390=CARTESIAN_POINT('Ctrl Pts',(2.20268351581724,0.236171465296534,0.));
#9391=CARTESIAN_POINT('Ctrl Pts',(2.19132142030744,0.23716582679597,0.));
#9392=CARTESIAN_POINT('Ctrl Pts',(2.18065170190024,0.239189264608267,0.));
#9393=CARTESIAN_POINT('Ctrl Pts',(2.17263338340181,0.241870564532867,0.));
#9394=CARTESIAN_POINT('Ctrl Pts',(2.17263338340181,0.241870564532867,0.01));
#9395=CARTESIAN_POINT('Ctrl Pts',(2.18065170190024,0.239189264608267,0.01));
#9396=CARTESIAN_POINT('Ctrl Pts',(2.19132142030744,0.23716582679597,0.01));
#9397=CARTESIAN_POINT('Ctrl Pts',(2.20268351581724,0.236171465296534,0.01));
#9398=CARTESIAN_POINT('Origin',(2.21567682529283,0.309140360433879,0.));
#9399=CARTESIAN_POINT('Origin',(2.21567682529283,0.309140360433879,0.01));
#9400=CARTESIAN_POINT('Origin',(2.57132259928621,0.264055612139171,0.));
#9401=CARTESIAN_POINT('',(2.57132259928621,0.264055612139171,0.));
#9402=CARTESIAN_POINT('',(2.54411186150861,0.263804489564059,0.));
#9403=CARTESIAN_POINT('',(2.57132259928621,0.264055612139171,0.));
#9404=CARTESIAN_POINT('',(2.54411186150861,0.263804489564059,0.01));
#9405=CARTESIAN_POINT('',(2.54411186150861,0.263804489564059,0.));
#9406=CARTESIAN_POINT('',(2.57132259928621,0.264055612139171,0.01));
#9407=CARTESIAN_POINT('',(2.57132259928621,0.264055612139171,0.01));
#9408=CARTESIAN_POINT('',(2.57132259928621,0.264055612139171,0.));
#9409=CARTESIAN_POINT('Origin',(2.57132259928621,0.326980443250283,0.));
#9410=CARTESIAN_POINT('',(2.57132259928621,0.326980443250283,0.));
#9411=CARTESIAN_POINT('',(2.57132259928621,0.326980443250283,0.));
#9412=CARTESIAN_POINT('',(2.57132259928621,0.326980443250283,0.01));
#9413=CARTESIAN_POINT('',(2.57132259928621,0.326980443250283,0.01));
#9414=CARTESIAN_POINT('',(2.57132259928621,0.326980443250283,0.));
#9415=CARTESIAN_POINT('Origin',(2.54387524639741,0.326980443250283,0.));
#9416=CARTESIAN_POINT('',(2.54387524639741,0.326980443250283,0.));
#9417=CARTESIAN_POINT('',(2.54387524639741,0.326980443250283,0.));
#9418=CARTESIAN_POINT('',(2.54387524639741,0.326980443250283,0.01));
#9419=CARTESIAN_POINT('',(2.54387524639741,0.326980443250283,0.01));
#9420=CARTESIAN_POINT('',(2.54387524639741,0.326980443250283,0.));
#9421=CARTESIAN_POINT('Origin',(2.54387524639741,0.353008105472467,0.));
#9422=CARTESIAN_POINT('',(2.54387524639741,0.353008105472467,0.));
#9423=CARTESIAN_POINT('',(2.54387524639741,0.353008105472467,0.));
#9424=CARTESIAN_POINT('',(2.54387524639741,0.353008105472467,0.01));
#9425=CARTESIAN_POINT('',(2.54387524639741,0.353008105472467,0.01));
#9426=CARTESIAN_POINT('',(2.54387524639741,0.353008105472467,0.));
#9427=CARTESIAN_POINT('Origin',(2.61249362861941,0.353008105472467,0.));
#9428=CARTESIAN_POINT('',(2.61249362861941,0.353008105472467,0.));
#9429=CARTESIAN_POINT('',(2.61249362861941,0.353008105472467,0.));
#9430=CARTESIAN_POINT('',(2.61249362861941,0.353008105472467,0.01));
#9431=CARTESIAN_POINT('',(2.61249362861941,0.353008105472467,0.01));
#9432=CARTESIAN_POINT('',(2.61249362861941,0.353008105472467,0.));
#9433=CARTESIAN_POINT('Origin',(2.61710791905501,0.348657345116867,0.));
#9434=CARTESIAN_POINT('',(2.61710791905501,0.348657345116867,0.));
#9435=CARTESIAN_POINT('',(2.61710791905501,0.348657345116867,0.));
#9436=CARTESIAN_POINT('',(2.61710791905501,0.348657345116867,0.01));
#9437=CARTESIAN_POINT('',(2.61710791905501,0.348657345116867,0.01));
#9438=CARTESIAN_POINT('',(2.61710791905501,0.348657345116867,0.));
#9439=CARTESIAN_POINT('Ctrl Pts',(2.62505434179301,0.341203969116867,0.));
#9440=CARTESIAN_POINT('Ctrl Pts',(2.62505434179301,0.341203969116867,0.01));
#9441=CARTESIAN_POINT('Ctrl Pts',(2.62322160987301,0.342910407721269,0.));
#9442=CARTESIAN_POINT('Ctrl Pts',(2.62322160987301,0.342910407721269,0.01));
#9443=CARTESIAN_POINT('Ctrl Pts',(2.61964576400626,0.346264426921255,0.));
#9444=CARTESIAN_POINT('Ctrl Pts',(2.61964576400626,0.346264426921255,0.01));
#9445=CARTESIAN_POINT('Ctrl Pts',(2.61710791905501,0.348657345116867,0.));
#9446=CARTESIAN_POINT('Ctrl Pts',(2.61710791905501,0.348657345116867,0.01));
#9447=CARTESIAN_POINT('',(2.62505434179301,0.341203969116867,0.));
#9448=CARTESIAN_POINT('Ctrl Pts',(2.62505434179301,0.341203969116867,0.));
#9449=CARTESIAN_POINT('Ctrl Pts',(2.62322160987301,0.342910407721269,0.));
#9450=CARTESIAN_POINT('Ctrl Pts',(2.61964576400626,0.346264426921255,0.));
#9451=CARTESIAN_POINT('Ctrl Pts',(2.61710791905501,0.348657345116867,0.));
#9452=CARTESIAN_POINT('',(2.62505434179301,0.341203969116867,0.01));
#9453=CARTESIAN_POINT('Ctrl Pts',(2.62505434179301,0.341203969116867,0.01));
#9454=CARTESIAN_POINT('Ctrl Pts',(2.62322160987301,0.342910407721269,0.01));
#9455=CARTESIAN_POINT('Ctrl Pts',(2.61964576400626,0.346264426921255,0.01));
#9456=CARTESIAN_POINT('Ctrl Pts',(2.61710791905501,0.348657345116867,0.01));
#9457=CARTESIAN_POINT('',(2.62505434179301,0.341203969116867,0.));
#9458=CARTESIAN_POINT('Ctrl Pts',(2.64966231334861,0.318188713028059,0.));
#9459=CARTESIAN_POINT('Ctrl Pts',(2.64966231334861,0.318188713028059,0.01));
#9460=CARTESIAN_POINT('Ctrl Pts',(2.6379606609131,0.329140739214714,0.));
#9461=CARTESIAN_POINT('Ctrl Pts',(2.6379606609131,0.329140739214714,0.01));
#9462=CARTESIAN_POINT('Ctrl Pts',(2.62688707371301,0.339497530512453,0.));
#9463=CARTESIAN_POINT('Ctrl Pts',(2.62688707371301,0.339497530512453,0.01));
#9464=CARTESIAN_POINT('Ctrl Pts',(2.62505434179301,0.341203969116867,0.));
#9465=CARTESIAN_POINT('Ctrl Pts',(2.62505434179301,0.341203969116867,0.01));
#9466=CARTESIAN_POINT('',(2.64966231334861,0.318188713028059,0.));
#9467=CARTESIAN_POINT('Ctrl Pts',(2.64966231334861,0.318188713028059,0.));
#9468=CARTESIAN_POINT('Ctrl Pts',(2.6379606609131,0.329140739214714,0.));
#9469=CARTESIAN_POINT('Ctrl Pts',(2.62688707371301,0.339497530512453,0.));
#9470=CARTESIAN_POINT('Ctrl Pts',(2.62505434179301,0.341203969116867,0.));
#9471=CARTESIAN_POINT('',(2.64966231334861,0.318188713028059,0.01));
#9472=CARTESIAN_POINT('Ctrl Pts',(2.64966231334861,0.318188713028059,0.01));
#9473=CARTESIAN_POINT('Ctrl Pts',(2.6379606609131,0.329140739214714,0.01));
#9474=CARTESIAN_POINT('Ctrl Pts',(2.62688707371301,0.339497530512453,0.01));
#9475=CARTESIAN_POINT('Ctrl Pts',(2.62505434179301,0.341203969116867,0.01));
#9476=CARTESIAN_POINT('',(2.64966231334861,0.318188713028059,0.));
#9477=CARTESIAN_POINT('Origin',(2.68417262730381,0.285890750361395,0.));
#9478=CARTESIAN_POINT('',(2.68417262730381,0.285890750361395,0.));
#9479=CARTESIAN_POINT('Ctrl Pts',(2.68417262730381,0.285890750361395,0.));
#9480=CARTESIAN_POINT('Ctrl Pts',(2.67689375494868,0.292702307872504,0.));
#9481=CARTESIAN_POINT('Ctrl Pts',(2.66136396578382,0.307236834725826,0.));
#9482=CARTESIAN_POINT('Ctrl Pts',(2.64966231334861,0.318188713028059,0.));
#9483=CARTESIAN_POINT('',(2.68417262730381,0.285890750361395,0.01));
#9484=CARTESIAN_POINT('Ctrl Pts',(2.68417262730381,0.285890750361395,0.01));
#9485=CARTESIAN_POINT('Ctrl Pts',(2.67689375494868,0.292702307872504,0.01));
#9486=CARTESIAN_POINT('Ctrl Pts',(2.66136396578382,0.307236834725826,0.01));
#9487=CARTESIAN_POINT('Ctrl Pts',(2.64966231334861,0.318188713028059,0.01));
#9488=CARTESIAN_POINT('',(2.68417262730381,0.285890750361395,0.));
#9489=CARTESIAN_POINT('Ctrl Pts',(2.69778198907301,0.273505280254727,0.));
#9490=CARTESIAN_POINT('Ctrl Pts',(2.69778198907301,0.273505280254727,0.01));
#9491=CARTESIAN_POINT('Ctrl Pts',(2.69757583789639,0.273505279972285,0.));
#9492=CARTESIAN_POINT('Ctrl Pts',(2.69757583789639,0.273505279972285,0.01));
#9493=CARTESIAN_POINT('Ctrl Pts',(2.69145179528513,0.279078749043567,0.));
#9494=CARTESIAN_POINT('Ctrl Pts',(2.69145179528513,0.279078749043567,0.01));
#9495=CARTESIAN_POINT('Ctrl Pts',(2.68417262730381,0.285890750361395,0.));
#9496=CARTESIAN_POINT('Ctrl Pts',(2.68417262730381,0.285890750361395,0.01));
#9497=CARTESIAN_POINT('',(2.69778198907301,0.273505280254727,0.));
#9498=CARTESIAN_POINT('Ctrl Pts',(2.69778198907301,0.273505280254727,0.));
#9499=CARTESIAN_POINT('Ctrl Pts',(2.69757583789639,0.273505279972285,0.));
#9500=CARTESIAN_POINT('Ctrl Pts',(2.69145179528513,0.279078749043567,0.));
#9501=CARTESIAN_POINT('Ctrl Pts',(2.68417262730381,0.285890750361395,0.));
#9502=CARTESIAN_POINT('',(2.69778198907301,0.273505280254727,0.01));
#9503=CARTESIAN_POINT('Ctrl Pts',(2.69778198907301,0.273505280254727,0.01));
#9504=CARTESIAN_POINT('Ctrl Pts',(2.69757583789639,0.273505279972285,0.01));
#9505=CARTESIAN_POINT('Ctrl Pts',(2.69145179528513,0.279078749043567,0.01));
#9506=CARTESIAN_POINT('Ctrl Pts',(2.68417262730381,0.285890750361395,0.01));
#9507=CARTESIAN_POINT('',(2.69778198907301,0.273505280254727,0.));
#9508=CARTESIAN_POINT('Ctrl Pts',(2.69803436866581,0.300124480254727,0.));
#9509=CARTESIAN_POINT('Ctrl Pts',(2.69803436866581,0.300124480254727,0.01));
#9510=CARTESIAN_POINT('Ctrl Pts',(2.69810161172252,0.28548392025473,0.));
#9511=CARTESIAN_POINT('Ctrl Pts',(2.69810161172252,0.28548392025473,0.01));
#9512=CARTESIAN_POINT('Ctrl Pts',(2.69798803646932,0.273505280254737,0.));
#9513=CARTESIAN_POINT('Ctrl Pts',(2.69798803646932,0.273505280254737,0.01));
#9514=CARTESIAN_POINT('Ctrl Pts',(2.69778198907301,0.273505280254727,0.));
#9515=CARTESIAN_POINT('Ctrl Pts',(2.69778198907301,0.273505280254727,0.01));
#9516=CARTESIAN_POINT('',(2.69803436866581,0.300124480254727,0.));
#9517=CARTESIAN_POINT('Ctrl Pts',(2.69803436866581,0.300124480254727,0.));
#9518=CARTESIAN_POINT('Ctrl Pts',(2.69810161172252,0.28548392025473,0.));
#9519=CARTESIAN_POINT('Ctrl Pts',(2.69798803646932,0.273505280254737,0.));
#9520=CARTESIAN_POINT('Ctrl Pts',(2.69778198907301,0.273505280254727,0.));
#9521=CARTESIAN_POINT('',(2.69803436866581,0.300124480254727,0.01));
#9522=CARTESIAN_POINT('Ctrl Pts',(2.69803436866581,0.300124480254727,0.01));
#9523=CARTESIAN_POINT('Ctrl Pts',(2.69810161172252,0.28548392025473,0.01));
#9524=CARTESIAN_POINT('Ctrl Pts',(2.69798803646932,0.273505280254737,0.01));
#9525=CARTESIAN_POINT('Ctrl Pts',(2.69778198907301,0.273505280254727,0.01));
#9526=CARTESIAN_POINT('',(2.69803436866581,0.300124480254727,0.));
#9527=CARTESIAN_POINT('Origin',(2.69791206823021,0.326743680254727,0.));
#9528=CARTESIAN_POINT('',(2.69791206823021,0.326743680254727,0.));
#9529=CARTESIAN_POINT('',(2.69791206823021,0.326743680254727,0.));
#9530=CARTESIAN_POINT('',(2.69791206823021,0.326743680254727,0.01));
#9531=CARTESIAN_POINT('',(2.69791206823021,0.326743680254727,0.01));
#9532=CARTESIAN_POINT('',(2.69791206823021,0.326743680254727,0.));
#9533=CARTESIAN_POINT('Origin',(2.67153983525261,0.327216910476951,0.));
#9534=CARTESIAN_POINT('',(2.67153983525261,0.327216910476951,0.));
#9535=CARTESIAN_POINT('',(2.67153983525261,0.327216910476951,0.));
#9536=CARTESIAN_POINT('',(2.67153983525261,0.327216910476951,0.01));
#9537=CARTESIAN_POINT('',(2.67153983525261,0.327216910476951,0.01));
#9538=CARTESIAN_POINT('',(2.67153983525261,0.327216910476951,0.));
#9539=CARTESIAN_POINT('Origin',(2.67158153866581,0.339520896254867,0.));
#9540=CARTESIAN_POINT('',(2.67158153866581,0.339520896254867,0.));
#9541=CARTESIAN_POINT('',(2.67158153866581,0.339520896254867,0.));
#9542=CARTESIAN_POINT('',(2.67158153866581,0.339520896254867,0.01));
#9543=CARTESIAN_POINT('',(2.67158153866581,0.339520896254867,0.01));
#9544=CARTESIAN_POINT('',(2.67158153866581,0.339520896254867,0.));
#9545=CARTESIAN_POINT('Ctrl Pts',(2.67163566437261,0.352416419810467,0.));
#9546=CARTESIAN_POINT('Ctrl Pts',(2.67163566437261,0.352416419810467,0.01));
#9547=CARTESIAN_POINT('Ctrl Pts',(2.67162886168776,0.352091074032467,0.));
#9548=CARTESIAN_POINT('Ctrl Pts',(2.67162886168776,0.352091074032467,0.01));
#9549=CARTESIAN_POINT('Ctrl Pts',(2.67160431287012,0.346288088432477,0.));
#9550=CARTESIAN_POINT('Ctrl Pts',(2.67160431287012,0.346288088432477,0.01));
#9551=CARTESIAN_POINT('Ctrl Pts',(2.67158153866581,0.339520896254867,0.));
#9552=CARTESIAN_POINT('Ctrl Pts',(2.67158153866581,0.339520896254867,0.01));
#9553=CARTESIAN_POINT('',(2.67163566437261,0.352416419810467,0.));
#9554=CARTESIAN_POINT('Ctrl Pts',(2.67163566437261,0.352416419810467,0.));
#9555=CARTESIAN_POINT('Ctrl Pts',(2.67162886168776,0.352091074032467,0.));
#9556=CARTESIAN_POINT('Ctrl Pts',(2.67160431287012,0.346288088432477,0.));
#9557=CARTESIAN_POINT('Ctrl Pts',(2.67158153866581,0.339520896254867,0.));
#9558=CARTESIAN_POINT('',(2.67163566437261,0.352416419810467,0.01));
#9559=CARTESIAN_POINT('Ctrl Pts',(2.67163566437261,0.352416419810467,0.01));
#9560=CARTESIAN_POINT('Ctrl Pts',(2.67162886168776,0.352091074032467,0.01));
#9561=CARTESIAN_POINT('Ctrl Pts',(2.67160431287012,0.346288088432477,0.01));
#9562=CARTESIAN_POINT('Ctrl Pts',(2.67158153866581,0.339520896254867,0.01));
#9563=CARTESIAN_POINT('',(2.67163566437261,0.352416419810467,0.));
#9564=CARTESIAN_POINT('Ctrl Pts',(2.71187354286141,0.353007957588067,0.));
#9565=CARTESIAN_POINT('Ctrl Pts',(2.71187354286141,0.353007957588067,0.01));
#9566=CARTESIAN_POINT('Ctrl Pts',(2.68001538853253,0.353007957588075,0.));
#9567=CARTESIAN_POINT('Ctrl Pts',(2.68001538853253,0.353007957588075,0.01));
#9568=CARTESIAN_POINT('Ctrl Pts',(2.67164601628351,0.352884917730468,0.));
#9569=CARTESIAN_POINT('Ctrl Pts',(2.67164601628351,0.352884917730468,0.01));
#9570=CARTESIAN_POINT('Ctrl Pts',(2.67163566437261,0.352416419810467,0.));
#9571=CARTESIAN_POINT('Ctrl Pts',(2.67163566437261,0.352416419810467,0.01));
#9572=CARTESIAN_POINT('',(2.71187354286141,0.353007957588067,0.));
#9573=CARTESIAN_POINT('Ctrl Pts',(2.71187354286141,0.353007957588067,0.));
#9574=CARTESIAN_POINT('Ctrl Pts',(2.68001538853253,0.353007957588075,0.));
#9575=CARTESIAN_POINT('Ctrl Pts',(2.67164601628351,0.352884917730468,0.));
#9576=CARTESIAN_POINT('Ctrl Pts',(2.67163566437261,0.352416419810467,0.));
#9577=CARTESIAN_POINT('',(2.71187354286141,0.353007957588067,0.01));
#9578=CARTESIAN_POINT('Ctrl Pts',(2.71187354286141,0.353007957588067,0.01));
#9579=CARTESIAN_POINT('Ctrl Pts',(2.68001538853253,0.353007957588075,0.01));
#9580=CARTESIAN_POINT('Ctrl Pts',(2.67164601628351,0.352884917730468,0.01));
#9581=CARTESIAN_POINT('Ctrl Pts',(2.67163566437261,0.352416419810467,0.01));
#9582=CARTESIAN_POINT('',(2.71187354286141,0.353007957588067,0.));
#9583=CARTESIAN_POINT('Origin',(2.75209811175021,0.353007957588067,0.));
#9584=CARTESIAN_POINT('',(2.75209811175021,0.353007957588067,0.));
#9585=CARTESIAN_POINT('',(2.75209811175021,0.353007957588067,0.));
#9586=CARTESIAN_POINT('',(2.75209811175021,0.353007957588067,0.01));
#9587=CARTESIAN_POINT('',(2.75209811175021,0.353007957588067,0.01));
#9588=CARTESIAN_POINT('',(2.75209811175021,0.353007957588067,0.));
#9589=CARTESIAN_POINT('Origin',(2.75209811175021,0.326996562654727,0.));
#9590=CARTESIAN_POINT('',(2.75209811175021,0.326996562654727,0.));
#9591=CARTESIAN_POINT('',(2.75209811175021,0.326996562654727,0.));
#9592=CARTESIAN_POINT('',(2.75209811175021,0.326996562654727,0.01));
#9593=CARTESIAN_POINT('',(2.75209811175021,0.326996562654727,0.01));
#9594=CARTESIAN_POINT('',(2.75209811175021,0.326996562654727,0.));
#9595=CARTESIAN_POINT('Origin',(2.72725352508341,0.326744227427171,0.));
#9596=CARTESIAN_POINT('',(2.72725352508341,0.326744227427171,0.));
#9597=CARTESIAN_POINT('',(2.72725352508341,0.326744227427171,0.));
#9598=CARTESIAN_POINT('',(2.72725352508341,0.326744227427171,0.01));
#9599=CARTESIAN_POINT('',(2.72725352508341,0.326744227427171,0.01));
#9600=CARTESIAN_POINT('',(2.72725352508341,0.326744227427171,0.));
#9601=CARTESIAN_POINT('Origin',(2.72713285137701,0.282378894093839,0.));
#9602=CARTESIAN_POINT('',(2.72713285137701,0.282378894093839,0.));
#9603=CARTESIAN_POINT('',(2.72713285137701,0.282378894093839,0.));
#9604=CARTESIAN_POINT('',(2.72713285137701,0.282378894093839,0.01));
#9605=CARTESIAN_POINT('',(2.72713285137701,0.282378894093839,0.01));
#9606=CARTESIAN_POINT('',(2.72713285137701,0.282378894093839,0.));
#9607=CARTESIAN_POINT('Origin',(2.72701202978581,0.238013560760467,0.));
#9608=CARTESIAN_POINT('',(2.72701202978581,0.238013560760467,0.));
#9609=CARTESIAN_POINT('',(2.72701202978581,0.238013560760467,0.));
#9610=CARTESIAN_POINT('',(2.72701202978581,0.238013560760467,0.01));
#9611=CARTESIAN_POINT('',(2.72701202978581,0.238013560760467,0.01));
#9612=CARTESIAN_POINT('',(2.72701202978581,0.238013560760467,0.));
#9613=CARTESIAN_POINT('Origin',(2.69162032454141,0.238013560760467,0.));
#9614=CARTESIAN_POINT('',(2.69162032454141,0.238013560760467,0.));
#9615=CARTESIAN_POINT('',(2.69162032454141,0.238013560760467,0.));
#9616=CARTESIAN_POINT('',(2.69162032454141,0.238013560760467,0.01));
#9617=CARTESIAN_POINT('',(2.69162032454141,0.238013560760467,0.01));
#9618=CARTESIAN_POINT('',(2.69162032454141,0.238013560760467,0.));
#9619=CARTESIAN_POINT('Origin',(2.68740103345701,0.241917710093667,0.));
#9620=CARTESIAN_POINT('',(2.68740103345701,0.241917710093667,0.));
#9621=CARTESIAN_POINT('',(2.68740103345701,0.241917710093667,0.));
#9622=CARTESIAN_POINT('',(2.68740103345701,0.241917710093667,0.01));
#9623=CARTESIAN_POINT('',(2.68740103345701,0.241917710093667,0.01));
#9624=CARTESIAN_POINT('',(2.68740103345701,0.241917710093667,0.));
#9625=CARTESIAN_POINT('Ctrl Pts',(2.65919651221261,0.267973470360503,0.));
#9626=CARTESIAN_POINT('Ctrl Pts',(2.65919651221261,0.267973470360503,0.01));
#9627=CARTESIAN_POINT('Ctrl Pts',(2.66500984972346,0.262630405382734,0.));
#9628=CARTESIAN_POINT('Ctrl Pts',(2.66500984972346,0.262630405382734,0.01));
#9629=CARTESIAN_POINT('Ctrl Pts',(2.66917131799011,0.258785409827177,0.));
#9630=CARTESIAN_POINT('Ctrl Pts',(2.66917131799011,0.258785409827177,0.01));
#9631=CARTESIAN_POINT('Ctrl Pts',(2.68740103345701,0.241917710093667,0.));
#9632=CARTESIAN_POINT('Ctrl Pts',(2.68740103345701,0.241917710093667,0.01));
#9633=CARTESIAN_POINT('',(2.65919651221261,0.267973470360503,0.));
#9634=CARTESIAN_POINT('Ctrl Pts',(2.65919651221261,0.267973470360503,0.));
#9635=CARTESIAN_POINT('Ctrl Pts',(2.66500984972346,0.262630405382734,0.));
#9636=CARTESIAN_POINT('Ctrl Pts',(2.66917131799011,0.258785409827177,0.));
#9637=CARTESIAN_POINT('Ctrl Pts',(2.68740103345701,0.241917710093667,0.));
#9638=CARTESIAN_POINT('',(2.65919651221261,0.267973470360503,0.01));
#9639=CARTESIAN_POINT('Ctrl Pts',(2.65919651221261,0.267973470360503,0.01));
#9640=CARTESIAN_POINT('Ctrl Pts',(2.66500984972346,0.262630405382734,0.01));
#9641=CARTESIAN_POINT('Ctrl Pts',(2.66917131799011,0.258785409827177,0.01));
#9642=CARTESIAN_POINT('Ctrl Pts',(2.68740103345701,0.241917710093667,0.01));
#9643=CARTESIAN_POINT('',(2.65919651221261,0.267973470360503,0.));
#9644=CARTESIAN_POINT('Ctrl Pts',(2.64071243550141,0.285040814093839,0.));
#9645=CARTESIAN_POINT('Ctrl Pts',(2.64071243550141,0.285040814093839,0.01));
#9646=CARTESIAN_POINT('Ctrl Pts',(2.64725144198137,0.278987903782717,0.));
#9647=CARTESIAN_POINT('Ctrl Pts',(2.64725144198137,0.278987903782717,0.01));
#9648=CARTESIAN_POINT('Ctrl Pts',(2.65556949832775,0.27130752516049,0.));
#9649=CARTESIAN_POINT('Ctrl Pts',(2.65556949832775,0.27130752516049,0.01));
#9650=CARTESIAN_POINT('Ctrl Pts',(2.65919651221261,0.267973470360503,0.));
#9651=CARTESIAN_POINT('Ctrl Pts',(2.65919651221261,0.267973470360503,0.01));
#9652=CARTESIAN_POINT('',(2.64071243550141,0.285040814093839,0.));
#9653=CARTESIAN_POINT('Ctrl Pts',(2.64071243550141,0.285040814093839,0.));
#9654=CARTESIAN_POINT('Ctrl Pts',(2.64725144198137,0.278987903782717,0.));
#9655=CARTESIAN_POINT('Ctrl Pts',(2.65556949832775,0.27130752516049,0.));
#9656=CARTESIAN_POINT('Ctrl Pts',(2.65919651221261,0.267973470360503,0.));
#9657=CARTESIAN_POINT('',(2.64071243550141,0.285040814093839,0.01));
#9658=CARTESIAN_POINT('Ctrl Pts',(2.64071243550141,0.285040814093839,0.01));
#9659=CARTESIAN_POINT('Ctrl Pts',(2.64725144198137,0.278987903782717,0.01));
#9660=CARTESIAN_POINT('Ctrl Pts',(2.65556949832775,0.27130752516049,0.01));
#9661=CARTESIAN_POINT('Ctrl Pts',(2.65919651221261,0.267973470360503,0.01));
#9662=CARTESIAN_POINT('',(2.64071243550141,0.285040814093839,0.));
#9663=CARTESIAN_POINT('Origin',(2.62172407283461,0.302609486093839,0.));
#9664=CARTESIAN_POINT('',(2.62172407283461,0.302609486093839,0.));
#9665=CARTESIAN_POINT('Ctrl Pts',(2.62172407283461,0.302609486093839,0.));
#9666=CARTESIAN_POINT('Ctrl Pts',(2.62562822216778,0.298999626804957,0.));
#9667=CARTESIAN_POINT('Ctrl Pts',(2.6341729853679,0.291093872289393,0.));
#9668=CARTESIAN_POINT('Ctrl Pts',(2.64071243550141,0.285040814093839,0.));
#9669=CARTESIAN_POINT('',(2.62172407283461,0.302609486093839,0.01));
#9670=CARTESIAN_POINT('Ctrl Pts',(2.62172407283461,0.302609486093839,0.01));
#9671=CARTESIAN_POINT('Ctrl Pts',(2.62562822216778,0.298999626804957,0.01));
#9672=CARTESIAN_POINT('Ctrl Pts',(2.6341729853679,0.291093872289393,0.01));
#9673=CARTESIAN_POINT('Ctrl Pts',(2.64071243550141,0.285040814093839,0.01));
#9674=CARTESIAN_POINT('',(2.62172407283461,0.302609486093839,0.));
#9675=CARTESIAN_POINT('Origin',(2.60918347194581,0.314208950378283,0.));
#9676=CARTESIAN_POINT('',(2.60918347194581,0.314208950378283,0.));
#9677=CARTESIAN_POINT('Ctrl Pts',(2.60918347194581,0.314208950378283,0.));
#9678=CARTESIAN_POINT('Ctrl Pts',(2.61217665310138,0.31143863108051,0.));
#9679=CARTESIAN_POINT('Ctrl Pts',(2.61781992350147,0.306218901729401,0.));
#9680=CARTESIAN_POINT('Ctrl Pts',(2.62172407283461,0.302609486093839,0.));
#9681=CARTESIAN_POINT('',(2.60918347194581,0.314208950378283,0.01));
#9682=CARTESIAN_POINT('Ctrl Pts',(2.60918347194581,0.314208950378283,0.01));
#9683=CARTESIAN_POINT('Ctrl Pts',(2.61217665310138,0.31143863108051,0.01));
#9684=CARTESIAN_POINT('Ctrl Pts',(2.61781992350147,0.306218901729401,0.01));
#9685=CARTESIAN_POINT('Ctrl Pts',(2.62172407283461,0.302609486093839,0.01));
#9686=CARTESIAN_POINT('',(2.60918347194581,0.314208950378283,0.));
#9687=CARTESIAN_POINT('Ctrl Pts',(2.59908148554581,0.322873056324951,0.));
#9688=CARTESIAN_POINT('Ctrl Pts',(2.59908148554581,0.322873056324951,0.01));
#9689=CARTESIAN_POINT('Ctrl Pts',(2.59940520459463,0.323196923258295,0.));
#9690=CARTESIAN_POINT('Ctrl Pts',(2.59940520459463,0.323196923258295,0.01));
#9691=CARTESIAN_POINT('Ctrl Pts',(2.60031853892346,0.322413431471623,0.));
#9692=CARTESIAN_POINT('Ctrl Pts',(2.60031853892346,0.322413431471623,0.01));
#9693=CARTESIAN_POINT('Ctrl Pts',(2.60918347194581,0.314208950378283,0.));
#9694=CARTESIAN_POINT('Ctrl Pts',(2.60918347194581,0.314208950378283,0.01));
#9695=CARTESIAN_POINT('',(2.59908148554581,0.322873056324951,0.));
#9696=CARTESIAN_POINT('Ctrl Pts',(2.59908148554581,0.322873056324951,0.));
#9697=CARTESIAN_POINT('Ctrl Pts',(2.59940520459463,0.323196923258295,0.));
#9698=CARTESIAN_POINT('Ctrl Pts',(2.60031853892346,0.322413431471623,0.));
#9699=CARTESIAN_POINT('Ctrl Pts',(2.60918347194581,0.314208950378283,0.));
#9700=CARTESIAN_POINT('',(2.59908148554581,0.322873056324951,0.01));
#9701=CARTESIAN_POINT('Ctrl Pts',(2.59908148554581,0.322873056324951,0.01));
#9702=CARTESIAN_POINT('Ctrl Pts',(2.59940520459463,0.323196923258295,0.01));
#9703=CARTESIAN_POINT('Ctrl Pts',(2.60031853892346,0.322413431471623,0.01));
#9704=CARTESIAN_POINT('Ctrl Pts',(2.60918347194581,0.314208950378283,0.01));
#9705=CARTESIAN_POINT('',(2.59908148554581,0.322873056324951,0.));
#9706=CARTESIAN_POINT('Ctrl Pts',(2.59877246621061,0.293302082813838,0.));
#9707=CARTESIAN_POINT('Ctrl Pts',(2.59877246621061,0.293302082813838,0.01));
#9708=CARTESIAN_POINT('Ctrl Pts',(2.59877246621072,0.309396346902739,0.));
#9709=CARTESIAN_POINT('Ctrl Pts',(2.59877246621072,0.309396346902739,0.01));
#9710=CARTESIAN_POINT('Ctrl Pts',(2.59891150716547,0.322703107521381,0.));
#9711=CARTESIAN_POINT('Ctrl Pts',(2.59891150716547,0.322703107521381,0.01));
#9712=CARTESIAN_POINT('Ctrl Pts',(2.59908148554581,0.322873056324951,0.));
#9713=CARTESIAN_POINT('Ctrl Pts',(2.59908148554581,0.322873056324951,0.01));
#9714=CARTESIAN_POINT('',(2.59877246621061,0.293302082813838,0.));
#9715=CARTESIAN_POINT('Ctrl Pts',(2.59877246621061,0.293302082813838,0.));
#9716=CARTESIAN_POINT('Ctrl Pts',(2.59877246621072,0.309396346902739,0.));
#9717=CARTESIAN_POINT('Ctrl Pts',(2.59891150716547,0.322703107521381,0.));
#9718=CARTESIAN_POINT('Ctrl Pts',(2.59908148554581,0.322873056324951,0.));
#9719=CARTESIAN_POINT('',(2.59877246621061,0.293302082813838,0.01));
#9720=CARTESIAN_POINT('Ctrl Pts',(2.59877246621061,0.293302082813838,0.01));
#9721=CARTESIAN_POINT('Ctrl Pts',(2.59877246621072,0.309396346902739,0.01));
#9722=CARTESIAN_POINT('Ctrl Pts',(2.59891150716547,0.322703107521381,0.01));
#9723=CARTESIAN_POINT('Ctrl Pts',(2.59908148554581,0.322873056324951,0.01));
#9724=CARTESIAN_POINT('',(2.59877246621061,0.293302082813838,0.));
#9725=CARTESIAN_POINT('Origin',(2.59877246621061,0.264040187791615,0.));
#9726=CARTESIAN_POINT('',(2.59877246621061,0.264040187791615,0.));
#9727=CARTESIAN_POINT('',(2.59877246621061,0.264040187791615,0.));
#9728=CARTESIAN_POINT('',(2.59877246621061,0.264040187791615,0.01));
#9729=CARTESIAN_POINT('',(2.59877246621061,0.264040187791615,0.01));
#9730=CARTESIAN_POINT('',(2.59877246621061,0.264040187791615,0.));
#9731=CARTESIAN_POINT('Origin',(2.62763950976621,0.264040187791615,0.));
#9732=CARTESIAN_POINT('',(2.62763950976621,0.264040187791615,0.));
#9733=CARTESIAN_POINT('',(2.62763950976621,0.264040187791615,0.));
#9734=CARTESIAN_POINT('',(2.62763950976621,0.264040187791615,0.01));
#9735=CARTESIAN_POINT('',(2.62763950976621,0.264040187791615,0.01));
#9736=CARTESIAN_POINT('',(2.62763950976621,0.264040187791615,0.));
#9737=CARTESIAN_POINT('Origin',(2.62763950976621,0.238012525569267,0.));
#9738=CARTESIAN_POINT('',(2.62763950976621,0.238012525569267,0.));
#9739=CARTESIAN_POINT('',(2.62763950976621,0.238012525569267,0.));
#9740=CARTESIAN_POINT('',(2.62763950976621,0.238012525569267,0.01));
#9741=CARTESIAN_POINT('',(2.62763950976621,0.238012525569267,0.01));
#9742=CARTESIAN_POINT('',(2.62763950976621,0.238012525569267,0.));
#9743=CARTESIAN_POINT('Origin',(2.54386297198861,0.238012525569267,0.));
#9744=CARTESIAN_POINT('',(2.54386297198861,0.238012525569267,0.));
#9745=CARTESIAN_POINT('',(2.54386297198861,0.238012525569267,0.));
#9746=CARTESIAN_POINT('',(2.54386297198861,0.238012525569267,0.01));
#9747=CARTESIAN_POINT('',(2.54386297198861,0.238012525569267,0.01));
#9748=CARTESIAN_POINT('',(2.54386297198861,0.238012525569267,0.));
#9749=CARTESIAN_POINT('Origin',(2.54398601184621,0.250908966008467,0.));
#9750=CARTESIAN_POINT('',(2.54398601184621,0.250908966008467,0.));
#9751=CARTESIAN_POINT('',(2.54398601184621,0.250908966008467,0.));
#9752=CARTESIAN_POINT('',(2.54398601184621,0.250908966008467,0.01));
#9753=CARTESIAN_POINT('',(2.54398601184621,0.250908966008467,0.01));
#9754=CARTESIAN_POINT('',(2.54398601184621,0.250908966008467,0.));
#9755=CARTESIAN_POINT('Origin',(2.54411186150861,0.263804489564059,0.));
#9756=CARTESIAN_POINT('',(2.54411186150861,0.263804489564059,0.));
#9757=CARTESIAN_POINT('',(2.54411186150861,0.263804489564059,0.01));
#9758=CARTESIAN_POINT('Origin',(2.64154912013026,0.297486972157561,0.01));
#9759=CARTESIAN_POINT('Origin',(2.64154912013026,0.297486972157561,0.));
#9760=CARTESIAN_POINT('Ctrl Pts',(1.96866228455741,0.314143748126727,0.));
#9761=CARTESIAN_POINT('Ctrl Pts',(1.96866228455741,0.314143748126727,0.01));
#9762=CARTESIAN_POINT('Ctrl Pts',(1.95988386393504,0.304890618437852,0.));
#9763=CARTESIAN_POINT('Ctrl Pts',(1.95988386393504,0.304890618437852,0.01));
#9764=CARTESIAN_POINT('Ctrl Pts',(1.9579363736862,0.292931203415607,0.));
#9765=CARTESIAN_POINT('Ctrl Pts',(1.9579363736862,0.292931203415607,0.01));
#9766=CARTESIAN_POINT('Ctrl Pts',(1.96353720125061,0.282672459504503,0.));
#9767=CARTESIAN_POINT('Ctrl Pts',(1.96353720125061,0.282672459504503,0.01));
#9768=CARTESIAN_POINT('',(1.96866228455741,0.314143748126727,0.));
#9769=CARTESIAN_POINT('',(1.96353720125061,0.282672459504503,0.));
#9770=CARTESIAN_POINT('Ctrl Pts',(1.96866228455741,0.314143748126727,0.));
#9771=CARTESIAN_POINT('Ctrl Pts',(1.95988386393504,0.304890618437852,0.));
#9772=CARTESIAN_POINT('Ctrl Pts',(1.9579363736862,0.292931203415607,0.));
#9773=CARTESIAN_POINT('Ctrl Pts',(1.96353720125061,0.282672459504503,0.));
#9774=CARTESIAN_POINT('',(1.96866228455741,0.314143748126727,0.01));
#9775=CARTESIAN_POINT('',(1.96866228455741,0.314143748126727,0.));
#9776=CARTESIAN_POINT('',(1.96353720125061,0.282672459504503,0.01));
#9777=CARTESIAN_POINT('Ctrl Pts',(1.96353720125061,0.282672459504503,0.01));
#9778=CARTESIAN_POINT('Ctrl Pts',(1.9579363736862,0.292931203415607,0.01));
#9779=CARTESIAN_POINT('Ctrl Pts',(1.95988386393504,0.304890618437852,0.01));
#9780=CARTESIAN_POINT('Ctrl Pts',(1.96866228455741,0.314143748126727,0.01));
#9781=CARTESIAN_POINT('',(1.96353720125061,0.282672459504503,0.));
#9782=CARTESIAN_POINT('Ctrl Pts',(1.99000348873501,0.327127410811171,0.));
#9783=CARTESIAN_POINT('Ctrl Pts',(1.99000348873501,0.327127410811171,0.01));
#9784=CARTESIAN_POINT('Ctrl Pts',(1.98041717539305,0.323791877166739,0.));
#9785=CARTESIAN_POINT('Ctrl Pts',(1.98041717539305,0.323791877166739,0.01));
#9786=CARTESIAN_POINT('Ctrl Pts',(1.97426414731312,0.320048330340072,0.));
#9787=CARTESIAN_POINT('Ctrl Pts',(1.97426414731312,0.320048330340072,0.01));
#9788=CARTESIAN_POINT('Ctrl Pts',(1.96866228455741,0.314143748126727,0.));
#9789=CARTESIAN_POINT('Ctrl Pts',(1.96866228455741,0.314143748126727,0.01));
#9790=CARTESIAN_POINT('',(1.99000348873501,0.327127410811171,0.));
#9791=CARTESIAN_POINT('Ctrl Pts',(1.99000348873501,0.327127410811171,0.));
#9792=CARTESIAN_POINT('Ctrl Pts',(1.98041717539305,0.323791877166739,0.));
#9793=CARTESIAN_POINT('Ctrl Pts',(1.97426414731312,0.320048330340072,0.));
#9794=CARTESIAN_POINT('Ctrl Pts',(1.96866228455741,0.314143748126727,0.));
#9795=CARTESIAN_POINT('',(1.99000348873501,0.327127410811171,0.01));
#9796=CARTESIAN_POINT('',(1.99000348873501,0.327127410811171,0.));
#9797=CARTESIAN_POINT('Ctrl Pts',(1.96866228455741,0.314143748126727,0.01));
#9798=CARTESIAN_POINT('Ctrl Pts',(1.97426414731312,0.320048330340072,0.01));
#9799=CARTESIAN_POINT('Ctrl Pts',(1.98041717539305,0.323791877166739,0.01));
#9800=CARTESIAN_POINT('Ctrl Pts',(1.99000348873501,0.327127410811171,0.01));
#9801=CARTESIAN_POINT('Ctrl Pts',(2.05068639166861,0.327619585030727,0.));
#9802=CARTESIAN_POINT('Ctrl Pts',(2.05068639166861,0.327619585030727,0.01));
#9803=CARTESIAN_POINT('Ctrl Pts',(2.03257942029051,0.333693051279664,0.));
#9804=CARTESIAN_POINT('Ctrl Pts',(2.03257942029051,0.333693051279664,0.01));
#9805=CARTESIAN_POINT('Ctrl Pts',(2.0083071464237,0.333496217084055,0.));
#9806=CARTESIAN_POINT('Ctrl Pts',(2.0083071464237,0.333496217084055,0.01));
#9807=CARTESIAN_POINT('Ctrl Pts',(1.99000348873501,0.327127410811171,0.));
#9808=CARTESIAN_POINT('Ctrl Pts',(1.99000348873501,0.327127410811171,0.01));
#9809=CARTESIAN_POINT('',(2.05068639166861,0.327619585030727,0.));
#9810=CARTESIAN_POINT('Ctrl Pts',(2.05068639166861,0.327619585030727,0.));
#9811=CARTESIAN_POINT('Ctrl Pts',(2.03257942029051,0.333693051279664,0.));
#9812=CARTESIAN_POINT('Ctrl Pts',(2.0083071464237,0.333496217084055,0.));
#9813=CARTESIAN_POINT('Ctrl Pts',(1.99000348873501,0.327127410811171,0.));
#9814=CARTESIAN_POINT('',(2.05068639166861,0.327619585030727,0.01));
#9815=CARTESIAN_POINT('',(2.05068639166861,0.327619585030727,0.));
#9816=CARTESIAN_POINT('Ctrl Pts',(1.99000348873501,0.327127410811171,0.01));
#9817=CARTESIAN_POINT('Ctrl Pts',(2.0083071464237,0.333496217084055,0.01));
#9818=CARTESIAN_POINT('Ctrl Pts',(2.03257942029051,0.333693051279664,0.01));
#9819=CARTESIAN_POINT('Ctrl Pts',(2.05068639166861,0.327619585030727,0.01));
#9820=CARTESIAN_POINT('Ctrl Pts',(2.08031799780181,0.289595536675171,0.));
#9821=CARTESIAN_POINT('Ctrl Pts',(2.08031799780181,0.289595536675171,0.01));
#9822=CARTESIAN_POINT('Ctrl Pts',(2.08404749560615,0.30542065107516,0.));
#9823=CARTESIAN_POINT('Ctrl Pts',(2.08404749560615,0.30542065107516,0.01));
#9824=CARTESIAN_POINT('Ctrl Pts',(2.07243161614851,0.320325924230723,0.));
#9825=CARTESIAN_POINT('Ctrl Pts',(2.07243161614851,0.320325924230723,0.01));
#9826=CARTESIAN_POINT('Ctrl Pts',(2.05068639166861,0.327619585030727,0.));
#9827=CARTESIAN_POINT('Ctrl Pts',(2.05068639166861,0.327619585030727,0.01));
#9828=CARTESIAN_POINT('',(2.08031799780181,0.289595536675171,0.));
#9829=CARTESIAN_POINT('Ctrl Pts',(2.08031799780181,0.289595536675171,0.));
#9830=CARTESIAN_POINT('Ctrl Pts',(2.08404749560615,0.30542065107516,0.));
#9831=CARTESIAN_POINT('Ctrl Pts',(2.07243161614851,0.320325924230723,0.));
#9832=CARTESIAN_POINT('Ctrl Pts',(2.05068639166861,0.327619585030727,0.));
#9833=CARTESIAN_POINT('',(2.08031799780181,0.289595536675171,0.01));
#9834=CARTESIAN_POINT('',(2.08031799780181,0.289595536675171,0.));
#9835=CARTESIAN_POINT('Ctrl Pts',(2.05068639166861,0.327619585030727,0.01));
#9836=CARTESIAN_POINT('Ctrl Pts',(2.07243161614851,0.320325924230723,0.01));
#9837=CARTESIAN_POINT('Ctrl Pts',(2.08404749560615,0.30542065107516,0.01));
#9838=CARTESIAN_POINT('Ctrl Pts',(2.08031799780181,0.289595536675171,0.01));
#9839=CARTESIAN_POINT('Ctrl Pts',(2.03087135495741,0.258850360675171,0.));
#9840=CARTESIAN_POINT('Ctrl Pts',(2.03087135495741,0.258850360675171,0.01));
#9841=CARTESIAN_POINT('Ctrl Pts',(2.05672303469069,0.261138428799622,0.));
#9842=CARTESIAN_POINT('Ctrl Pts',(2.05672303469069,0.261138428799622,0.01));
#9843=CARTESIAN_POINT('Ctrl Pts',(2.07651145220173,0.273442118808497,0.));
#9844=CARTESIAN_POINT('Ctrl Pts',(2.07651145220173,0.273442118808497,0.01));
#9845=CARTESIAN_POINT('Ctrl Pts',(2.08031799780181,0.289595536675171,0.));
#9846=CARTESIAN_POINT('Ctrl Pts',(2.08031799780181,0.289595536675171,0.01));
#9847=CARTESIAN_POINT('',(2.03087135495741,0.258850360675171,0.));
#9848=CARTESIAN_POINT('Ctrl Pts',(2.03087135495741,0.258850360675171,0.));
#9849=CARTESIAN_POINT('Ctrl Pts',(2.05672303469069,0.261138428799622,0.));
#9850=CARTESIAN_POINT('Ctrl Pts',(2.07651145220173,0.273442118808497,0.));
#9851=CARTESIAN_POINT('Ctrl Pts',(2.08031799780181,0.289595536675171,0.));
#9852=CARTESIAN_POINT('',(2.03087135495741,0.258850360675171,0.01));
#9853=CARTESIAN_POINT('',(2.03087135495741,0.258850360675171,0.));
#9854=CARTESIAN_POINT('Ctrl Pts',(2.08031799780181,0.289595536675171,0.01));
#9855=CARTESIAN_POINT('Ctrl Pts',(2.07651145220173,0.273442118808497,0.01));
#9856=CARTESIAN_POINT('Ctrl Pts',(2.05672303469069,0.261138428799622,0.01));
#9857=CARTESIAN_POINT('Ctrl Pts',(2.03087135495741,0.258850360675171,0.01));
#9858=CARTESIAN_POINT('Ctrl Pts',(2.01504180402381,0.258663760083171,0.));
#9859=CARTESIAN_POINT('Ctrl Pts',(2.01504180402381,0.258663760083171,0.01));
#9860=CARTESIAN_POINT('Ctrl Pts',(2.01819619241224,0.258308751100549,0.));
#9861=CARTESIAN_POINT('Ctrl Pts',(2.01819619241224,0.258308751100549,0.01));
#9862=CARTESIAN_POINT('Ctrl Pts',(2.02576196059063,0.258397928471092,0.));
#9863=CARTESIAN_POINT('Ctrl Pts',(2.02576196059063,0.258397928471092,0.01));
#9864=CARTESIAN_POINT('Ctrl Pts',(2.03087135495741,0.258850360675171,0.));
#9865=CARTESIAN_POINT('Ctrl Pts',(2.03087135495741,0.258850360675171,0.01));
#9866=CARTESIAN_POINT('',(2.01504180402381,0.258663760083171,0.));
#9867=CARTESIAN_POINT('Ctrl Pts',(2.01504180402381,0.258663760083171,0.));
#9868=CARTESIAN_POINT('Ctrl Pts',(2.01819619241224,0.258308751100549,0.));
#9869=CARTESIAN_POINT('Ctrl Pts',(2.02576196059063,0.258397928471092,0.));
#9870=CARTESIAN_POINT('Ctrl Pts',(2.03087135495741,0.258850360675171,0.));
#9871=CARTESIAN_POINT('',(2.01504180402381,0.258663760083171,0.01));
#9872=CARTESIAN_POINT('',(2.01504180402381,0.258663760083171,0.));
#9873=CARTESIAN_POINT('Ctrl Pts',(2.03087135495741,0.258850360675171,0.01));
#9874=CARTESIAN_POINT('Ctrl Pts',(2.02576196059063,0.258397928471092,0.01));
#9875=CARTESIAN_POINT('Ctrl Pts',(2.01819619241224,0.258308751100549,0.01));
#9876=CARTESIAN_POINT('Ctrl Pts',(2.01504180402381,0.258663760083171,0.01));
#9877=CARTESIAN_POINT('Ctrl Pts',(2.00865319602381,0.259355371264503,0.));
#9878=CARTESIAN_POINT('Ctrl Pts',(2.00865319602381,0.259355371264503,0.01));
#9879=CARTESIAN_POINT('Ctrl Pts',(2.01138610055735,0.259062900198719,0.));
#9880=CARTESIAN_POINT('Ctrl Pts',(2.01138610055735,0.259062900198719,0.01));
#9881=CARTESIAN_POINT('Ctrl Pts',(2.01426097415742,0.258751677385393,0.));
#9882=CARTESIAN_POINT('Ctrl Pts',(2.01426097415742,0.258751677385393,0.01));
#9883=CARTESIAN_POINT('Ctrl Pts',(2.01504180402381,0.258663760083171,0.));
#9884=CARTESIAN_POINT('Ctrl Pts',(2.01504180402381,0.258663760083171,0.01));
#9885=CARTESIAN_POINT('',(2.00865319602381,0.259355371264503,0.));
#9886=CARTESIAN_POINT('Ctrl Pts',(2.00865319602381,0.259355371264503,0.));
#9887=CARTESIAN_POINT('Ctrl Pts',(2.01138610055735,0.259062900198719,0.));
#9888=CARTESIAN_POINT('Ctrl Pts',(2.01426097415742,0.258751677385393,0.));
#9889=CARTESIAN_POINT('Ctrl Pts',(2.01504180402381,0.258663760083171,0.));
#9890=CARTESIAN_POINT('',(2.00865319602381,0.259355371264503,0.01));
#9891=CARTESIAN_POINT('',(2.00865319602381,0.259355371264503,0.));
#9892=CARTESIAN_POINT('Ctrl Pts',(2.01504180402381,0.258663760083171,0.01));
#9893=CARTESIAN_POINT('Ctrl Pts',(2.01426097415742,0.258751677385393,0.01));
#9894=CARTESIAN_POINT('Ctrl Pts',(2.01138610055735,0.259062900198719,0.01));
#9895=CARTESIAN_POINT('Ctrl Pts',(2.00865319602381,0.259355371264503,0.01));
#9896=CARTESIAN_POINT('Ctrl Pts',(1.97736972064621,0.269512814331171,0.));
#9897=CARTESIAN_POINT('Ctrl Pts',(1.97736972064621,0.269512814331171,0.01));
#9898=CARTESIAN_POINT('Ctrl Pts',(1.98550232997177,0.264657916025699,0.));
#9899=CARTESIAN_POINT('Ctrl Pts',(1.98550232997177,0.264657916025699,0.01));
#9900=CARTESIAN_POINT('Ctrl Pts',(1.99848022522573,0.260444096859085,0.));
#9901=CARTESIAN_POINT('Ctrl Pts',(1.99848022522573,0.260444096859085,0.01));
#9902=CARTESIAN_POINT('Ctrl Pts',(2.00865319602381,0.259355371264503,0.));
#9903=CARTESIAN_POINT('Ctrl Pts',(2.00865319602381,0.259355371264503,0.01));
#9904=CARTESIAN_POINT('',(1.97736972064621,0.269512814331171,0.));
#9905=CARTESIAN_POINT('Ctrl Pts',(1.97736972064621,0.269512814331171,0.));
#9906=CARTESIAN_POINT('Ctrl Pts',(1.98550232997177,0.264657916025699,0.));
#9907=CARTESIAN_POINT('Ctrl Pts',(1.99848022522573,0.260444096859085,0.));
#9908=CARTESIAN_POINT('Ctrl Pts',(2.00865319602381,0.259355371264503,0.));
#9909=CARTESIAN_POINT('',(1.97736972064621,0.269512814331171,0.01));
#9910=CARTESIAN_POINT('',(1.97736972064621,0.269512814331171,0.));
#9911=CARTESIAN_POINT('Ctrl Pts',(2.00865319602381,0.259355371264503,0.01));
#9912=CARTESIAN_POINT('Ctrl Pts',(1.99848022522573,0.260444096859085,0.01));
#9913=CARTESIAN_POINT('Ctrl Pts',(1.98550232997177,0.264657916025699,0.01));
#9914=CARTESIAN_POINT('Ctrl Pts',(1.97736972064621,0.269512814331171,0.01));
#9915=CARTESIAN_POINT('Ctrl Pts',(1.96353720125061,0.282672459504503,0.));
#9916=CARTESIAN_POINT('Ctrl Pts',(1.96353720125061,0.282672459504503,0.01));
#9917=CARTESIAN_POINT('Ctrl Pts',(1.96539729179308,0.279265201904515,0.));
#9918=CARTESIAN_POINT('Ctrl Pts',(1.96539729179308,0.279265201904515,0.01));
#9919=CARTESIAN_POINT('Ctrl Pts',(1.97274862752612,0.272271450757832,0.));
#9920=CARTESIAN_POINT('Ctrl Pts',(1.97274862752612,0.272271450757832,0.01));
#9921=CARTESIAN_POINT('Ctrl Pts',(1.97736972064621,0.269512814331171,0.));
#9922=CARTESIAN_POINT('Ctrl Pts',(1.97736972064621,0.269512814331171,0.01));
#9923=CARTESIAN_POINT('Ctrl Pts',(1.96353720125061,0.282672459504503,0.));
#9924=CARTESIAN_POINT('Ctrl Pts',(1.96539729179308,0.279265201904515,0.));
#9925=CARTESIAN_POINT('Ctrl Pts',(1.97274862752612,0.272271450757832,0.));
#9926=CARTESIAN_POINT('Ctrl Pts',(1.97736972064621,0.269512814331171,0.));
#9927=CARTESIAN_POINT('Ctrl Pts',(1.97736972064621,0.269512814331171,0.01));
#9928=CARTESIAN_POINT('Ctrl Pts',(1.97274862752612,0.272271450757832,0.01));
#9929=CARTESIAN_POINT('Ctrl Pts',(1.96539729179308,0.279265201904515,0.01));
#9930=CARTESIAN_POINT('Ctrl Pts',(1.96353720125061,0.282672459504503,0.01));
#9931=CARTESIAN_POINT('Ctrl Pts',(1.94094430313501,0.260728641004059,0.));
#9932=CARTESIAN_POINT('Ctrl Pts',(1.94094430313501,0.260728641004059,0.01));
#9933=CARTESIAN_POINT('Ctrl Pts',(1.94748966864629,0.254230894284049,0.));
#9934=CARTESIAN_POINT('Ctrl Pts',(1.94748966864629,0.254230894284049,0.01));
#9935=CARTESIAN_POINT('Ctrl Pts',(1.95323882430871,0.250198085484064,0.));
#9936=CARTESIAN_POINT('Ctrl Pts',(1.95323882430871,0.250198085484064,0.01));
#9937=CARTESIAN_POINT('Ctrl Pts',(1.96251324935741,0.245597104648467,0.));
#9938=CARTESIAN_POINT('Ctrl Pts',(1.96251324935741,0.245597104648467,0.01));
#9939=CARTESIAN_POINT('',(1.96251324935741,0.245597104648467,0.));
#9940=CARTESIAN_POINT('',(1.94094430313501,0.260728641004059,0.));
#9941=CARTESIAN_POINT('Ctrl Pts',(1.96251324935741,0.245597104648467,0.));
#9942=CARTESIAN_POINT('Ctrl Pts',(1.95323882430871,0.250198085484064,0.));
#9943=CARTESIAN_POINT('Ctrl Pts',(1.94748966864629,0.254230894284049,0.));
#9944=CARTESIAN_POINT('Ctrl Pts',(1.94094430313501,0.260728641004059,0.));
#9945=CARTESIAN_POINT('',(1.96251324935741,0.245597104648467,0.01));
#9946=CARTESIAN_POINT('',(1.96251324935741,0.245597104648467,0.));
#9947=CARTESIAN_POINT('',(1.94094430313501,0.260728641004059,0.01));
#9948=CARTESIAN_POINT('Ctrl Pts',(1.94094430313501,0.260728641004059,0.01));
#9949=CARTESIAN_POINT('Ctrl Pts',(1.94748966864629,0.254230894284049,0.01));
#9950=CARTESIAN_POINT('Ctrl Pts',(1.95323882430871,0.250198085484064,0.01));
#9951=CARTESIAN_POINT('Ctrl Pts',(1.96251324935741,0.245597104648467,0.01));
#9952=CARTESIAN_POINT('',(1.94094430313501,0.260728641004059,0.));
#9953=CARTESIAN_POINT('Ctrl Pts',(1.92743624221061,0.282325685270727,0.));
#9954=CARTESIAN_POINT('Ctrl Pts',(1.92743624221061,0.282325685270727,0.01));
#9955=CARTESIAN_POINT('Ctrl Pts',(1.92996343948188,0.273970066275157,0.));
#9956=CARTESIAN_POINT('Ctrl Pts',(1.92996343948188,0.273970066275157,0.01));
#9957=CARTESIAN_POINT('Ctrl Pts',(1.93382780789937,0.267791897839618,0.));
#9958=CARTESIAN_POINT('Ctrl Pts',(1.93382780789937,0.267791897839618,0.01));
#9959=CARTESIAN_POINT('Ctrl Pts',(1.94094430313501,0.260728641004059,0.));
#9960=CARTESIAN_POINT('Ctrl Pts',(1.94094430313501,0.260728641004059,0.01));
#9961=CARTESIAN_POINT('',(1.92743624221061,0.282325685270727,0.));
#9962=CARTESIAN_POINT('Ctrl Pts',(1.94094430313501,0.260728641004059,0.));
#9963=CARTESIAN_POINT('Ctrl Pts',(1.93382780789937,0.267791897839618,0.));
#9964=CARTESIAN_POINT('Ctrl Pts',(1.92996343948188,0.273970066275157,0.));
#9965=CARTESIAN_POINT('Ctrl Pts',(1.92743624221061,0.282325685270727,0.));
#9966=CARTESIAN_POINT('',(1.92743624221061,0.282325685270727,0.01));
#9967=CARTESIAN_POINT('Ctrl Pts',(1.92743624221061,0.282325685270727,0.01));
#9968=CARTESIAN_POINT('Ctrl Pts',(1.92996343948188,0.273970066275157,0.01));
#9969=CARTESIAN_POINT('Ctrl Pts',(1.93382780789937,0.267791897839618,0.01));
#9970=CARTESIAN_POINT('Ctrl Pts',(1.94094430313501,0.260728641004059,0.01));
#9971=CARTESIAN_POINT('',(1.92743624221061,0.282325685270727,0.));
#9972=CARTESIAN_POINT('Ctrl Pts',(1.92613809776901,0.293618732986282,0.));
#9973=CARTESIAN_POINT('Ctrl Pts',(1.92613809776901,0.293618732986282,0.01));
#9974=CARTESIAN_POINT('Ctrl Pts',(1.92616418458498,0.287328616026282,0.));
#9975=CARTESIAN_POINT('Ctrl Pts',(1.92616418458498,0.287328616026282,0.01));
#9976=CARTESIAN_POINT('Ctrl Pts',(1.92631200987543,0.286042612897407,0.));
#9977=CARTESIAN_POINT('Ctrl Pts',(1.92631200987543,0.286042612897407,0.01));
#9978=CARTESIAN_POINT('Ctrl Pts',(1.92743624221061,0.282325685270727,0.));
#9979=CARTESIAN_POINT('Ctrl Pts',(1.92743624221061,0.282325685270727,0.01));
#9980=CARTESIAN_POINT('',(1.92613809776901,0.293618732986282,0.));
#9981=CARTESIAN_POINT('Ctrl Pts',(1.92743624221061,0.282325685270727,0.));
#9982=CARTESIAN_POINT('Ctrl Pts',(1.92631200987543,0.286042612897407,0.));
#9983=CARTESIAN_POINT('Ctrl Pts',(1.92616418458498,0.287328616026282,0.));
#9984=CARTESIAN_POINT('Ctrl Pts',(1.92613809776901,0.293618732986282,0.));
#9985=CARTESIAN_POINT('',(1.92613809776901,0.293618732986282,0.01));
#9986=CARTESIAN_POINT('Ctrl Pts',(1.92613809776901,0.293618732986282,0.01));
#9987=CARTESIAN_POINT('Ctrl Pts',(1.92616418458498,0.287328616026282,0.01));
#9988=CARTESIAN_POINT('Ctrl Pts',(1.92631200987543,0.286042612897407,0.01));
#9989=CARTESIAN_POINT('Ctrl Pts',(1.92743624221061,0.282325685270727,0.01));
#9990=CARTESIAN_POINT('',(1.92613809776901,0.293618732986282,0.));
#9991=CARTESIAN_POINT('Ctrl Pts',(1.93470859286221,0.322012546319615,0.));
#9992=CARTESIAN_POINT('Ctrl Pts',(1.93470859286221,0.322012546319615,0.01));
#9993=CARTESIAN_POINT('Ctrl Pts',(1.92829321777783,0.312370480541828,0.));
#9994=CARTESIAN_POINT('Ctrl Pts',(1.92829321777783,0.312370480541828,0.01));
#9995=CARTESIAN_POINT('Ctrl Pts',(1.92609062686217,0.305073714168512,0.));
#9996=CARTESIAN_POINT('Ctrl Pts',(1.92609062686217,0.305073714168512,0.01));
#9997=CARTESIAN_POINT('Ctrl Pts',(1.92613809776901,0.293618732986282,0.));
#9998=CARTESIAN_POINT('Ctrl Pts',(1.92613809776901,0.293618732986282,0.01));
#9999=CARTESIAN_POINT('',(1.93470859286221,0.322012546319615,0.));
#10000=CARTESIAN_POINT('Ctrl Pts',(1.92613809776901,0.293618732986282,0.));
#10001=CARTESIAN_POINT('Ctrl Pts',(1.92609062686217,0.305073714168512,0.));
#10002=CARTESIAN_POINT('Ctrl Pts',(1.92829321777783,0.312370480541828,0.));
#10003=CARTESIAN_POINT('Ctrl Pts',(1.93470859286221,0.322012546319615,0.));
#10004=CARTESIAN_POINT('',(1.93470859286221,0.322012546319615,0.01));
#10005=CARTESIAN_POINT('Ctrl Pts',(1.93470859286221,0.322012546319615,0.01));
#10006=CARTESIAN_POINT('Ctrl Pts',(1.92829321777783,0.312370480541828,0.01));
#10007=CARTESIAN_POINT('Ctrl Pts',(1.92609062686217,0.305073714168512,0.01));
#10008=CARTESIAN_POINT('Ctrl Pts',(1.92613809776901,0.293618732986282,0.01));
#10009=CARTESIAN_POINT('',(1.93470859286221,0.322012546319615,0.));
#10010=CARTESIAN_POINT('Ctrl Pts',(1.96377823810661,0.345860391830867,0.));
#10011=CARTESIAN_POINT('Ctrl Pts',(1.96377823810661,0.345860391830867,0.01));
#10012=CARTESIAN_POINT('Ctrl Pts',(1.95046715926212,0.339520585697272,0.));
#10013=CARTESIAN_POINT('Ctrl Pts',(1.95046715926212,0.339520585697272,0.01));
#10014=CARTESIAN_POINT('Ctrl Pts',(1.94141914529784,0.332097526008511,0.));
#10015=CARTESIAN_POINT('Ctrl Pts',(1.94141914529784,0.332097526008511,0.01));
#10016=CARTESIAN_POINT('Ctrl Pts',(1.93470859286221,0.322012546319615,0.));
#10017=CARTESIAN_POINT('Ctrl Pts',(1.93470859286221,0.322012546319615,0.01));
#10018=CARTESIAN_POINT('',(1.96377823810661,0.345860391830867,0.));
#10019=CARTESIAN_POINT('Ctrl Pts',(1.93470859286221,0.322012546319615,0.));
#10020=CARTESIAN_POINT('Ctrl Pts',(1.94141914529784,0.332097526008511,0.));
#10021=CARTESIAN_POINT('Ctrl Pts',(1.95046715926212,0.339520585697272,0.));
#10022=CARTESIAN_POINT('Ctrl Pts',(1.96377823810661,0.345860391830867,0.));
#10023=CARTESIAN_POINT('',(1.96377823810661,0.345860391830867,0.01));
#10024=CARTESIAN_POINT('Ctrl Pts',(1.96377823810661,0.345860391830867,0.01));
#10025=CARTESIAN_POINT('Ctrl Pts',(1.95046715926212,0.339520585697272,0.01));
#10026=CARTESIAN_POINT('Ctrl Pts',(1.94141914529784,0.332097526008511,0.01));
#10027=CARTESIAN_POINT('Ctrl Pts',(1.93470859286221,0.322012546319615,0.01));
#10028=CARTESIAN_POINT('',(1.96377823810661,0.345860391830867,0.));
#10029=CARTESIAN_POINT('Ctrl Pts',(1.98404580121781,0.353187622399667,0.));
#10030=CARTESIAN_POINT('Ctrl Pts',(1.98404580121781,0.353187622399667,0.01));
#10031=CARTESIAN_POINT('Ctrl Pts',(1.97544987013244,0.350998784436019,0.));
#10032=CARTESIAN_POINT('Ctrl Pts',(1.97544987013244,0.350998784436019,0.01));
#10033=CARTESIAN_POINT('Ctrl Pts',(1.97178204010738,0.349672704717505,0.));
#10034=CARTESIAN_POINT('Ctrl Pts',(1.97178204010738,0.349672704717505,0.01));
#10035=CARTESIAN_POINT('Ctrl Pts',(1.96377823810661,0.345860391830867,0.));
#10036=CARTESIAN_POINT('Ctrl Pts',(1.96377823810661,0.345860391830867,0.01));
#10037=CARTESIAN_POINT('',(1.98404580121781,0.353187622399667,0.));
#10038=CARTESIAN_POINT('Ctrl Pts',(1.96377823810661,0.345860391830867,0.));
#10039=CARTESIAN_POINT('Ctrl Pts',(1.97178204010738,0.349672704717505,0.));
#10040=CARTESIAN_POINT('Ctrl Pts',(1.97544987013244,0.350998784436019,0.));
#10041=CARTESIAN_POINT('Ctrl Pts',(1.98404580121781,0.353187622399667,0.));
#10042=CARTESIAN_POINT('',(1.98404580121781,0.353187622399667,0.01));
#10043=CARTESIAN_POINT('Ctrl Pts',(1.98404580121781,0.353187622399667,0.01));
#10044=CARTESIAN_POINT('Ctrl Pts',(1.97544987013244,0.350998784436019,0.01));
#10045=CARTESIAN_POINT('Ctrl Pts',(1.97178204010738,0.349672704717505,0.01));
#10046=CARTESIAN_POINT('Ctrl Pts',(1.96377823810661,0.345860391830867,0.01));
#10047=CARTESIAN_POINT('',(1.98404580121781,0.353187622399667,0.));
#10048=CARTESIAN_POINT('Ctrl Pts',(2.04887834166221,0.355414614248467,0.));
#10049=CARTESIAN_POINT('Ctrl Pts',(2.04887834166221,0.355414614248467,0.01));
#10050=CARTESIAN_POINT('Ctrl Pts',(2.02836676912748,0.359253842971291,0.));
#10051=CARTESIAN_POINT('Ctrl Pts',(2.02836676912748,0.359253842971291,0.01));
#10052=CARTESIAN_POINT('Ctrl Pts',(2.00467124460642,0.358440034520207,0.));
#10053=CARTESIAN_POINT('Ctrl Pts',(2.00467124460642,0.358440034520207,0.01));
#10054=CARTESIAN_POINT('Ctrl Pts',(1.98404580121781,0.353187622399667,0.));
#10055=CARTESIAN_POINT('Ctrl Pts',(1.98404580121781,0.353187622399667,0.01));
#10056=CARTESIAN_POINT('',(2.04887834166221,0.355414614248467,0.));
#10057=CARTESIAN_POINT('Ctrl Pts',(1.98404580121781,0.353187622399667,0.));
#10058=CARTESIAN_POINT('Ctrl Pts',(2.00467124460642,0.358440034520207,0.));
#10059=CARTESIAN_POINT('Ctrl Pts',(2.02836676912748,0.359253842971291,0.));
#10060=CARTESIAN_POINT('Ctrl Pts',(2.04887834166221,0.355414614248467,0.));
#10061=CARTESIAN_POINT('',(2.04887834166221,0.355414614248467,0.01));
#10062=CARTESIAN_POINT('Ctrl Pts',(2.04887834166221,0.355414614248467,0.01));
#10063=CARTESIAN_POINT('Ctrl Pts',(2.02836676912748,0.359253842971291,0.01));
#10064=CARTESIAN_POINT('Ctrl Pts',(2.00467124460642,0.358440034520207,0.01));
#10065=CARTESIAN_POINT('Ctrl Pts',(1.98404580121781,0.353187622399667,0.01));
#10066=CARTESIAN_POINT('',(2.04887834166221,0.355414614248467,0.));
#10067=CARTESIAN_POINT('Ctrl Pts',(2.11038643979541,0.315052512826283,0.));
#10068=CARTESIAN_POINT('Ctrl Pts',(2.11038643979541,0.315052512826283,0.01));
#10069=CARTESIAN_POINT('Ctrl Pts',(2.10100169252254,0.335079023194437,0.));
#10070=CARTESIAN_POINT('Ctrl Pts',(2.10100169252254,0.335079023194437,0.01));
#10071=CARTESIAN_POINT('Ctrl Pts',(2.07844635736799,0.349880334060977,0.));
#10072=CARTESIAN_POINT('Ctrl Pts',(2.07844635736799,0.349880334060977,0.01));
#10073=CARTESIAN_POINT('Ctrl Pts',(2.04887834166221,0.355414614248467,0.));
#10074=CARTESIAN_POINT('Ctrl Pts',(2.04887834166221,0.355414614248467,0.01));
#10075=CARTESIAN_POINT('',(2.11038643979541,0.315052512826283,0.));
#10076=CARTESIAN_POINT('Ctrl Pts',(2.04887834166221,0.355414614248467,0.));
#10077=CARTESIAN_POINT('Ctrl Pts',(2.07844635736799,0.349880334060977,0.));
#10078=CARTESIAN_POINT('Ctrl Pts',(2.10100169252254,0.335079023194437,0.));
#10079=CARTESIAN_POINT('Ctrl Pts',(2.11038643979541,0.315052512826283,0.));
#10080=CARTESIAN_POINT('',(2.11038643979541,0.315052512826283,0.01));
#10081=CARTESIAN_POINT('Ctrl Pts',(2.11038643979541,0.315052512826283,0.01));
#10082=CARTESIAN_POINT('Ctrl Pts',(2.10100169252254,0.335079023194437,0.01));
#10083=CARTESIAN_POINT('Ctrl Pts',(2.07844635736799,0.349880334060977,0.01));
#10084=CARTESIAN_POINT('Ctrl Pts',(2.04887834166221,0.355414614248467,0.01));
#10085=CARTESIAN_POINT('',(2.11038643979541,0.315052512826283,0.));
#10086=CARTESIAN_POINT('Ctrl Pts',(2.11441407263981,0.295037832115171,0.));
#10087=CARTESIAN_POINT('Ctrl Pts',(2.11441407263981,0.295037832115171,0.01));
#10088=CARTESIAN_POINT('Ctrl Pts',(2.11442117109335,0.30471479862184,0.));
#10089=CARTESIAN_POINT('Ctrl Pts',(2.11442117109335,0.30471479862184,0.01));
#10090=CARTESIAN_POINT('Ctrl Pts',(2.11381173929788,0.307743028390727,0.));
#10091=CARTESIAN_POINT('Ctrl Pts',(2.11381173929788,0.307743028390727,0.01));
#10092=CARTESIAN_POINT('Ctrl Pts',(2.11038643979541,0.315052512826283,0.));
#10093=CARTESIAN_POINT('Ctrl Pts',(2.11038643979541,0.315052512826283,0.01));
#10094=CARTESIAN_POINT('',(2.11441407263981,0.295037832115171,0.));
#10095=CARTESIAN_POINT('Ctrl Pts',(2.11038643979541,0.315052512826283,0.));
#10096=CARTESIAN_POINT('Ctrl Pts',(2.11381173929788,0.307743028390727,0.));
#10097=CARTESIAN_POINT('Ctrl Pts',(2.11442117109335,0.30471479862184,0.));
#10098=CARTESIAN_POINT('Ctrl Pts',(2.11441407263981,0.295037832115171,0.));
#10099=CARTESIAN_POINT('',(2.11441407263981,0.295037832115171,0.01));
#10100=CARTESIAN_POINT('Ctrl Pts',(2.11441407263981,0.295037832115171,0.01));
#10101=CARTESIAN_POINT('Ctrl Pts',(2.11442117109335,0.30471479862184,0.01));
#10102=CARTESIAN_POINT('Ctrl Pts',(2.11381173929788,0.307743028390727,0.01));
#10103=CARTESIAN_POINT('Ctrl Pts',(2.11038643979541,0.315052512826283,0.01));
#10104=CARTESIAN_POINT('',(2.11441407263981,0.295037832115171,0.));
#10105=CARTESIAN_POINT('Origin',(2.11440815726221,0.286519688115171,0.));
#10106=CARTESIAN_POINT('',(2.11440815726221,0.286519688115171,0.));
#10107=CARTESIAN_POINT('',(2.11441407263981,0.295037832115171,0.));
#10108=CARTESIAN_POINT('',(2.11440815726221,0.286519688115171,0.01));
#10109=CARTESIAN_POINT('',(2.11441407263981,0.295037832115171,0.01));
#10110=CARTESIAN_POINT('',(2.11440815726221,0.286519688115171,0.));
#10111=CARTESIAN_POINT('Origin',(2.11261431895101,0.281314155670727,0.));
#10112=CARTESIAN_POINT('',(2.11261431895101,0.281314155670727,0.));
#10113=CARTESIAN_POINT('',(2.11440815726221,0.286519688115171,0.));
#10114=CARTESIAN_POINT('',(2.11261431895101,0.281314155670727,0.01));
#10115=CARTESIAN_POINT('',(2.11440815726221,0.286519688115171,0.01));
#10116=CARTESIAN_POINT('',(2.11261431895101,0.281314155670727,0.));
#10117=CARTESIAN_POINT('Ctrl Pts',(2.07798126090661,0.244400719492867,0.));
#10118=CARTESIAN_POINT('Ctrl Pts',(2.07798126090661,0.244400719492867,0.01));
#10119=CARTESIAN_POINT('Ctrl Pts',(2.09622280654386,0.253551809260705,0.));
#10120=CARTESIAN_POINT('Ctrl Pts',(2.09622280654386,0.253551809260705,0.01));
#10121=CARTESIAN_POINT('Ctrl Pts',(2.10700949816383,0.265049824588837,0.));
#10122=CARTESIAN_POINT('Ctrl Pts',(2.10700949816383,0.265049824588837,0.01));
#10123=CARTESIAN_POINT('Ctrl Pts',(2.11261431895101,0.281314155670727,0.));
#10124=CARTESIAN_POINT('Ctrl Pts',(2.11261431895101,0.281314155670727,0.01));
#10125=CARTESIAN_POINT('',(2.07798126090661,0.244400719492867,0.));
#10126=CARTESIAN_POINT('Ctrl Pts',(2.11261431895101,0.281314155670727,0.));
#10127=CARTESIAN_POINT('Ctrl Pts',(2.10700949816383,0.265049824588837,0.));
#10128=CARTESIAN_POINT('Ctrl Pts',(2.09622280654386,0.253551809260705,0.));
#10129=CARTESIAN_POINT('Ctrl Pts',(2.07798126090661,0.244400719492867,0.));
#10130=CARTESIAN_POINT('',(2.07798126090661,0.244400719492867,0.01));
#10131=CARTESIAN_POINT('Ctrl Pts',(2.07798126090661,0.244400719492867,0.01));
#10132=CARTESIAN_POINT('Ctrl Pts',(2.09622280654386,0.253551809260705,0.01));
#10133=CARTESIAN_POINT('Ctrl Pts',(2.10700949816383,0.265049824588837,0.01));
#10134=CARTESIAN_POINT('Ctrl Pts',(2.11261431895101,0.281314155670727,0.01));
#10135=CARTESIAN_POINT('',(2.07798126090661,0.244400719492867,0.));
#10136=CARTESIAN_POINT('Ctrl Pts',(2.04240026357341,0.233460819830867,0.));
#10137=CARTESIAN_POINT('Ctrl Pts',(2.04240026357341,0.233460819830867,0.01));
#10138=CARTESIAN_POINT('Ctrl Pts',(2.05611063060158,0.235681600071965,0.));
#10139=CARTESIAN_POINT('Ctrl Pts',(2.05611063060158,0.235681600071965,0.01));
#10140=CARTESIAN_POINT('Ctrl Pts',(2.06771009481084,0.239247981578827,0.));
#10141=CARTESIAN_POINT('Ctrl Pts',(2.06771009481084,0.239247981578827,0.01));
#10142=CARTESIAN_POINT('Ctrl Pts',(2.07798126090661,0.244400719492867,0.));
#10143=CARTESIAN_POINT('Ctrl Pts',(2.07798126090661,0.244400719492867,0.01));
#10144=CARTESIAN_POINT('',(2.04240026357341,0.233460819830867,0.));
#10145=CARTESIAN_POINT('Ctrl Pts',(2.07798126090661,0.244400719492867,0.));
#10146=CARTESIAN_POINT('Ctrl Pts',(2.06771009481084,0.239247981578827,0.));
#10147=CARTESIAN_POINT('Ctrl Pts',(2.05611063060158,0.235681600071965,0.));
#10148=CARTESIAN_POINT('Ctrl Pts',(2.04240026357341,0.233460819830867,0.));
#10149=CARTESIAN_POINT('',(2.04240026357341,0.233460819830867,0.01));
#10150=CARTESIAN_POINT('Ctrl Pts',(2.04240026357341,0.233460819830867,0.01));
#10151=CARTESIAN_POINT('Ctrl Pts',(2.05611063060158,0.235681600071965,0.01));
#10152=CARTESIAN_POINT('Ctrl Pts',(2.06771009481084,0.239247981578827,0.01));
#10153=CARTESIAN_POINT('Ctrl Pts',(2.07798126090661,0.244400719492867,0.01));
#10154=CARTESIAN_POINT('',(2.04240026357341,0.233460819830867,0.));
#10155=CARTESIAN_POINT('Ctrl Pts',(2.00605031505799,0.233016288206721,0.));
#10156=CARTESIAN_POINT('Ctrl Pts',(2.00605031505799,0.233016288206721,0.01));
#10157=CARTESIAN_POINT('Ctrl Pts',(2.01323459484854,0.232151023335008,0.));
#10158=CARTESIAN_POINT('Ctrl Pts',(2.01323459484854,0.232151023335008,0.01));
#10159=CARTESIAN_POINT('Ctrl Pts',(2.03603533123904,0.232429860507526,0.));
#10160=CARTESIAN_POINT('Ctrl Pts',(2.03603533123904,0.232429860507526,0.01));
#10161=CARTESIAN_POINT('Ctrl Pts',(2.04240026357341,0.233460819830867,0.));
#10162=CARTESIAN_POINT('Ctrl Pts',(2.04240026357341,0.233460819830867,0.01));
#10163=CARTESIAN_POINT('',(2.00605031505799,0.233016288206721,0.));
#10164=CARTESIAN_POINT('Ctrl Pts',(2.04240026357341,0.233460819830867,0.));
#10165=CARTESIAN_POINT('Ctrl Pts',(2.03603533123904,0.232429860507526,0.));
#10166=CARTESIAN_POINT('Ctrl Pts',(2.01323459484854,0.232151023335008,0.));
#10167=CARTESIAN_POINT('Ctrl Pts',(2.00605031505799,0.233016288206721,0.));
#10168=CARTESIAN_POINT('',(2.00605031505799,0.233016288206721,0.01));
#10169=CARTESIAN_POINT('Ctrl Pts',(2.00605031505799,0.233016288206721,0.01));
#10170=CARTESIAN_POINT('Ctrl Pts',(2.01323459484854,0.232151023335008,0.01));
#10171=CARTESIAN_POINT('Ctrl Pts',(2.03603533123904,0.232429860507526,0.01));
#10172=CARTESIAN_POINT('Ctrl Pts',(2.04240026357341,0.233460819830867,0.01));
#10173=CARTESIAN_POINT('',(2.00605031505799,0.233016288206721,0.));
#10174=CARTESIAN_POINT('Ctrl Pts',(1.96251324935741,0.245597104648467,0.));
#10175=CARTESIAN_POINT('Ctrl Pts',(1.96251324935741,0.245597104648467,0.01));
#10176=CARTESIAN_POINT('Ctrl Pts',(1.97553887068997,0.239134964599201,0.));
#10177=CARTESIAN_POINT('Ctrl Pts',(1.97553887068997,0.239134964599201,0.01));
#10178=CARTESIAN_POINT('Ctrl Pts',(1.99004038113488,0.2349446125944,0.));
#10179=CARTESIAN_POINT('Ctrl Pts',(1.99004038113488,0.2349446125944,0.01));
#10180=CARTESIAN_POINT('Ctrl Pts',(2.00605031505799,0.233016288206721,0.));
#10181=CARTESIAN_POINT('Ctrl Pts',(2.00605031505799,0.233016288206721,0.01));
#10182=CARTESIAN_POINT('Ctrl Pts',(2.00605031505799,0.233016288206721,0.));
#10183=CARTESIAN_POINT('Ctrl Pts',(1.99004038113488,0.2349446125944,0.));
#10184=CARTESIAN_POINT('Ctrl Pts',(1.97553887068997,0.239134964599201,0.));
#10185=CARTESIAN_POINT('Ctrl Pts',(1.96251324935741,0.245597104648467,0.));
#10186=CARTESIAN_POINT('Ctrl Pts',(1.96251324935741,0.245597104648467,0.01));
#10187=CARTESIAN_POINT('Ctrl Pts',(1.97553887068997,0.239134964599201,0.01));
#10188=CARTESIAN_POINT('Ctrl Pts',(1.99004038113488,0.2349446125944,0.01));
#10189=CARTESIAN_POINT('Ctrl Pts',(2.00605031505799,0.233016288206721,0.01));
#10190=CARTESIAN_POINT('Origin',(2.02141690152882,0.295101131573053,0.));
#10191=CARTESIAN_POINT('Origin',(2.02141690152882,0.295101131573053,0.01));
#10192=CARTESIAN_POINT('Origin',(0.579122574452219,0.364548440756755,0.01));
#10193=CARTESIAN_POINT('',(0.579122574452219,0.414548440756755,-0.09));
#10194=CARTESIAN_POINT('',(0.529122574452219,0.364548440756755,-0.09));
#10195=CARTESIAN_POINT('Origin',(0.579122574452219,0.364548440756755,-0.09));
#10196=CARTESIAN_POINT('',(0.529122574452219,0.364548440756755,0.01));
#10197=CARTESIAN_POINT('',(0.529122574452219,0.364548440756755,0.01));
#10198=CARTESIAN_POINT('',(0.579122574452219,0.414548440756755,0.01));
#10199=CARTESIAN_POINT('Origin',(0.579122574452219,0.364548440756755,0.01));
#10200=CARTESIAN_POINT('',(0.579122574452219,0.414548440756755,0.01));
#10201=CARTESIAN_POINT('Origin',(0.529122574452219,0.414548440756755,0.01));
#10202=CARTESIAN_POINT('',(0.611634515508425,0.414548440756755,0.01));
#10203=CARTESIAN_POINT('',(0.529122574452219,0.414548440756755,0.01));
#10204=CARTESIAN_POINT('',(0.611634515508425,0.414548440756755,-0.09));
#10205=CARTESIAN_POINT('',(0.611634515508425,0.414548440756755,0.01));
#10206=CARTESIAN_POINT('',(0.529122574452219,0.414548440756755,-0.09));
#10207=CARTESIAN_POINT('Origin',(0.595378544980322,-0.0375511330551431,
0.01));
#10208=CARTESIAN_POINT('',(0.529122574452219,-0.439650706867041,0.01));
#10209=CARTESIAN_POINT('',(0.529122574452219,-0.489650706867041,0.01));
#10210=CARTESIAN_POINT('',(0.579122574452219,-0.489650706867041,0.01));
#10211=CARTESIAN_POINT('Origin',(0.579122574452219,-0.439650706867041,0.01));
#10212=CARTESIAN_POINT('',(0.611634515508425,-0.489650706867041,0.01));
#10213=CARTESIAN_POINT('',(0.661634515508425,-0.489650706867041,0.01));
#10214=CARTESIAN_POINT('',(0.661634515508425,-0.439650706867041,0.01));
#10215=CARTESIAN_POINT('Origin',(0.611634515508425,-0.439650706867041,0.01));
#10216=CARTESIAN_POINT('',(0.661634515508425,0.364548440756755,0.01));
#10217=CARTESIAN_POINT('',(0.661634515508425,0.414548440756755,0.01));
#10218=CARTESIAN_POINT('Origin',(0.611634515508425,0.364548440756755,0.01));
#10219=CARTESIAN_POINT('Origin',(0.611634515508425,0.364548440756755,0.01));
#10220=CARTESIAN_POINT('',(0.661634515508425,0.364548440756755,-0.09));
#10221=CARTESIAN_POINT('Origin',(0.611634515508425,0.364548440756755,-0.09));
#10222=CARTESIAN_POINT('',(0.661634515508425,0.364548440756755,0.01));
#10223=CARTESIAN_POINT('Origin',(0.661634515508425,0.414548440756755,0.01));
#10224=CARTESIAN_POINT('',(0.661634515508425,-0.439650706867041,-0.09));
#10225=CARTESIAN_POINT('',(0.661634515508425,-0.439650706867041,0.01));
#10226=CARTESIAN_POINT('',(0.661634515508425,0.414548440756755,-0.09));
#10227=CARTESIAN_POINT('Origin',(0.579122574452219,-0.439650706867041,0.01));
#10228=CARTESIAN_POINT('',(0.529122574452219,-0.439650706867041,-0.09));
#10229=CARTESIAN_POINT('',(0.579122574452219,-0.489650706867041,-0.09));
#10230=CARTESIAN_POINT('Origin',(0.579122574452219,-0.439650706867041,-0.09));
#10231=CARTESIAN_POINT('',(0.579122574452219,-0.489650706867041,0.01));
#10232=CARTESIAN_POINT('',(0.529122574452219,-0.439650706867041,0.01));
#10233=CARTESIAN_POINT('Origin',(0.529122574452219,-0.489650706867041,0.01));
#10234=CARTESIAN_POINT('',(0.529122574452219,-0.489650706867041,-0.09));
#10235=CARTESIAN_POINT('Origin',(0.611634515508425,-0.439650706867041,0.01));
#10236=CARTESIAN_POINT('',(0.611634515508425,-0.489650706867041,-0.09));
#10237=CARTESIAN_POINT('Origin',(0.611634515508425,-0.439650706867041,-0.09));
#10238=CARTESIAN_POINT('',(0.611634515508425,-0.489650706867041,0.01));
#10239=CARTESIAN_POINT('Origin',(0.661634515508425,-0.489650706867041,0.01));
#10240=CARTESIAN_POINT('',(0.661634515508425,-0.489650706867041,-0.09));
#10241=CARTESIAN_POINT('Origin',(0.595378544980322,-0.0375511330551431,
-0.09));
#10242=CARTESIAN_POINT('',(0.,0.,0.));
#10243=CARTESIAN_POINT('',(0.,0.,0.0325));
#10244=CARTESIAN_POINT('',(0.,0.,0.));
#10245=CARTESIAN_POINT('',(0.0451454734226026,1.76257181349225,1.161));
#10246=UNCERTAINTY_MEASURE_WITH_UNIT(LENGTH_MEASURE(0.01),#10256,
'DISTANCE_ACCURACY_VALUE',
'Maximum model space distance between geometric entities at asserted c
onnectivities');
#10247=UNCERTAINTY_MEASURE_WITH_UNIT(LENGTH_MEASURE(0.01),#10256,
'DISTANCE_ACCURACY_VALUE',
'Maximum model space distance between geometric entities at asserted c
onnectivities');
#10248=UNCERTAINTY_MEASURE_WITH_UNIT(LENGTH_MEASURE(0.01),#10256,
'DISTANCE_ACCURACY_VALUE',
'Maximum model space distance between geometric entities at asserted c
onnectivities');
#10249=UNCERTAINTY_MEASURE_WITH_UNIT(LENGTH_MEASURE(0.01),#10256,
'DISTANCE_ACCURACY_VALUE',
'Maximum model space distance between geometric entities at asserted c
onnectivities');
#10250=UNCERTAINTY_MEASURE_WITH_UNIT(LENGTH_MEASURE(1.E-6),#10256,
'DISTANCE_ACCURACY_VALUE',
'Maximum model space distance between geometric entities at asserted c
onnectivities');
#10251=(
GEOMETRIC_REPRESENTATION_CONTEXT(3)
GLOBAL_UNCERTAINTY_ASSIGNED_CONTEXT((#10246))
GLOBAL_UNIT_ASSIGNED_CONTEXT((#10256,#10259,#10257))
REPRESENTATION_CONTEXT('','3D')
);
#10252=(
GEOMETRIC_REPRESENTATION_CONTEXT(3)
GLOBAL_UNCERTAINTY_ASSIGNED_CONTEXT((#10247))
GLOBAL_UNIT_ASSIGNED_CONTEXT((#10256,#10259,#10257))
REPRESENTATION_CONTEXT('','3D')
);
#10253=(
GEOMETRIC_REPRESENTATION_CONTEXT(3)
GLOBAL_UNCERTAINTY_ASSIGNED_CONTEXT((#10248))
GLOBAL_UNIT_ASSIGNED_CONTEXT((#10256,#10259,#10257))
REPRESENTATION_CONTEXT('','3D')
);
#10254=(
GEOMETRIC_REPRESENTATION_CONTEXT(3)
GLOBAL_UNCERTAINTY_ASSIGNED_CONTEXT((#10249))
GLOBAL_UNIT_ASSIGNED_CONTEXT((#10256,#10259,#10257))
REPRESENTATION_CONTEXT('','3D')
);
#10255=(
GEOMETRIC_REPRESENTATION_CONTEXT(3)
GLOBAL_UNCERTAINTY_ASSIGNED_CONTEXT((#10250))
GLOBAL_UNIT_ASSIGNED_CONTEXT((#10256,#10259,#10257))
REPRESENTATION_CONTEXT('','3D')
);
#10256=(
LENGTH_UNIT()
NAMED_UNIT(*)
SI_UNIT(.MILLI.,.METRE.)
);
#10257=(
NAMED_UNIT(*)
SI_UNIT($,.STERADIAN.)
SOLID_ANGLE_UNIT()
);
#10258=DIMENSIONAL_EXPONENTS(0.,0.,0.,0.,0.,0.,0.);
#10259=(
CONVERSION_BASED_UNIT('degree',#10261)
NAMED_UNIT(#10258)
PLANE_ANGLE_UNIT()
);
#10260=(
NAMED_UNIT(*)
PLANE_ANGLE_UNIT()
SI_UNIT($,.RADIAN.)
);
#10261=PLANE_ANGLE_MEASURE_WITH_UNIT(PLANE_ANGLE_MEASURE(0.01745329252),
#10260);
#10262=SHAPE_DEFINITION_REPRESENTATION(#10266,#10273);
#10263=SHAPE_DEFINITION_REPRESENTATION(#10267,#10274);
#10264=SHAPE_DEFINITION_REPRESENTATION(#10268,#10275);
#10265=SHAPE_DEFINITION_REPRESENTATION(#10269,#10276);
#10266=PRODUCT_DEFINITION_SHAPE('',$,#10278);
#10267=PRODUCT_DEFINITION_SHAPE('',$,#10279);
#10268=PRODUCT_DEFINITION_SHAPE('',$,#10280);
#10269=PRODUCT_DEFINITION_SHAPE('',$,#10281);
#10270=PRODUCT_DEFINITION_SHAPE($,$,#20);
#10271=PRODUCT_DEFINITION_SHAPE($,$,#21);
#10272=PRODUCT_DEFINITION_SHAPE($,$,#22);
#10273=SHAPE_REPRESENTATION('',(#5662),#10251);
#10274=SHAPE_REPRESENTATION('',(#5725),#10252);
#10275=SHAPE_REPRESENTATION('',(#5792),#10253);
#10276=SHAPE_REPRESENTATION('',(#5909,#5910,#5911,#5912),#10254);
#10277=PRODUCT_DEFINITION_CONTEXT('part definition',#10291,'design');
#10278=PRODUCT_DEFINITION('1','1',#10282,#10277);
#10279=PRODUCT_DEFINITION('2','2',#10283,#10277);
#10280=PRODUCT_DEFINITION('Bourns Logo','Bourns Logo',#10284,#10277);
#10281=PRODUCT_DEFINITION('1','1',#10285,#10277);
#10282=PRODUCT_DEFINITION_FORMATION('',$,#10293);
#10283=PRODUCT_DEFINITION_FORMATION('',$,#10294);
#10284=PRODUCT_DEFINITION_FORMATION('',$,#10295);
#10285=PRODUCT_DEFINITION_FORMATION('',$,#10296);
#10286=PRODUCT_RELATED_PRODUCT_CATEGORY('1','1',(#10293));
#10287=PRODUCT_RELATED_PRODUCT_CATEGORY('2','2',(#10294));
#10288=PRODUCT_RELATED_PRODUCT_CATEGORY('Bourns Logo','Bourns Logo',(#10295));
#10289=PRODUCT_RELATED_PRODUCT_CATEGORY('1','1',(#10296));
#10290=APPLICATION_PROTOCOL_DEFINITION('international standard',
'automotive_design',2009,#10291);
#10291=APPLICATION_CONTEXT(
'Core Data for Automotive Mechanical Design Process');
#10292=PRODUCT_CONTEXT('part definition',#10291,'mechanical');
#10293=PRODUCT('1','1',$,(#10292));
#10294=PRODUCT('2','2',$,(#10292));
#10295=PRODUCT('Bourns Logo','Bourns Logo',$,(#10292));
#10296=PRODUCT('1','1',$,(#10292));
#10297=PRESENTATION_STYLE_ASSIGNMENT((#10300));
#10298=PRESENTATION_STYLE_ASSIGNMENT((#10301));
#10299=PRESENTATION_STYLE_ASSIGNMENT((#10302));
#10300=SURFACE_STYLE_USAGE(.BOTH.,#10303);
#10301=SURFACE_STYLE_USAGE(.BOTH.,#10304);
#10302=SURFACE_STYLE_USAGE(.BOTH.,#10305);
#10303=SURFACE_SIDE_STYLE($,(#10306));
#10304=SURFACE_SIDE_STYLE($,(#10307));
#10305=SURFACE_SIDE_STYLE($,(#10308));
#10306=SURFACE_STYLE_FILL_AREA(#10309);
#10307=SURFACE_STYLE_FILL_AREA(#10310);
#10308=SURFACE_STYLE_FILL_AREA(#10311);
#10309=FILL_AREA_STYLE($,(#10312));
#10310=FILL_AREA_STYLE($,(#10313));
#10311=FILL_AREA_STYLE($,(#10314));
#10312=FILL_AREA_STYLE_COLOUR($,#10315);
#10313=FILL_AREA_STYLE_COLOUR($,#10316);
#10314=FILL_AREA_STYLE_COLOUR($,#10317);
#10315=COLOUR_RGB('',0.286274509803922,0.286274509803922,0.286274509803922);
#10316=COLOUR_RGB('',0.827450980392157,0.831372549019608,0.831372549019608);
#10317=COLOUR_RGB('',1.,1.,1.);
ENDSEC;
END-ISO-10303-21;
